--------------------------------------------------------
--  已建立檔案 - 星期三-七月-31-2024   
--------------------------------------------------------
--------------------------------------------------------
--  DDL for Table CARS
--------------------------------------------------------

  CREATE TABLE "STUDENT"."CARS" 
   (	"MANUFACTURER" VARCHAR2(20 BYTE), 
	"TYPE" VARCHAR2(20 BYTE), 
	"MIN_PRICE" NUMBER(19,2), 
	"PRICE" NUMBER(19,2)
   ) SEGMENT CREATION IMMEDIATE 
  PCTFREE 10 PCTUSED 40 INITRANS 1 MAXTRANS 255 
 NOCOMPRESS LOGGING
  STORAGE(INITIAL 65536 NEXT 1048576 MINEXTENTS 1 MAXEXTENTS 2147483645
  PCTINCREASE 0 FREELISTS 1 FREELIST GROUPS 1
  BUFFER_POOL DEFAULT FLASH_CACHE DEFAULT CELL_FLASH_CACHE DEFAULT)
  TABLESPACE "USERS" ;

   COMMENT ON COLUMN "STUDENT"."CARS"."MANUFACTURER" IS '製造商';
   COMMENT ON COLUMN "STUDENT"."CARS"."TYPE" IS '車款';
   COMMENT ON COLUMN "STUDENT"."CARS"."MIN_PRICE" IS '底價';
   COMMENT ON COLUMN "STUDENT"."CARS"."PRICE" IS '售價';
--------------------------------------------------------
--  DDL for Table DEPARTMENTS
--------------------------------------------------------

  CREATE TABLE "STUDENT"."DEPARTMENTS" 
   (	"DEPARTMENT_ID" NUMBER(4,0), 
	"DEPARTMENT_NAME" VARCHAR2(30 BYTE), 
	"MANAGER_ID" NUMBER(6,0), 
	"LOCATION_ID" NUMBER(4,0)
   ) SEGMENT CREATION IMMEDIATE 
  PCTFREE 10 PCTUSED 40 INITRANS 1 MAXTRANS 255 
 NOCOMPRESS LOGGING
  STORAGE(INITIAL 65536 NEXT 1048576 MINEXTENTS 1 MAXEXTENTS 2147483645
  PCTINCREASE 0 FREELISTS 1 FREELIST GROUPS 1
  BUFFER_POOL DEFAULT FLASH_CACHE DEFAULT CELL_FLASH_CACHE DEFAULT)
  TABLESPACE "USERS" ;
--------------------------------------------------------
--  DDL for Table EMPLOYEES
--------------------------------------------------------

  CREATE TABLE "STUDENT"."EMPLOYEES" 
   (	"EMPLOYEE_ID" NUMBER(6,0), 
	"FIRST_NAME" VARCHAR2(20 BYTE), 
	"LAST_NAME" VARCHAR2(25 BYTE), 
	"EMAIL" VARCHAR2(25 BYTE), 
	"PHONE_NUMBER" VARCHAR2(20 BYTE), 
	"HIRE_DATE" DATE, 
	"JOB_ID" VARCHAR2(10 BYTE), 
	"SALARY" NUMBER(8,2), 
	"COMMISSION_PCT" NUMBER(2,2), 
	"MANAGER_ID" NUMBER(6,0), 
	"DEPARTMENT_ID" NUMBER(4,0)
   ) SEGMENT CREATION IMMEDIATE 
  PCTFREE 10 PCTUSED 40 INITRANS 1 MAXTRANS 255 
 NOCOMPRESS LOGGING
  STORAGE(INITIAL 65536 NEXT 1048576 MINEXTENTS 1 MAXEXTENTS 2147483645
  PCTINCREASE 0 FREELISTS 1 FREELIST GROUPS 1
  BUFFER_POOL DEFAULT FLASH_CACHE DEFAULT CELL_FLASH_CACHE DEFAULT)
  TABLESPACE "USERS" ;
--------------------------------------------------------
--  DDL for Table EX_BINGO
--------------------------------------------------------

  CREATE TABLE "STUDENT"."EX_BINGO" 
   (	"WINNING_NUMBERS" VARCHAR2(50 BYTE)
   ) SEGMENT CREATION IMMEDIATE 
  PCTFREE 10 PCTUSED 40 INITRANS 1 MAXTRANS 255 
 NOCOMPRESS LOGGING
  STORAGE(INITIAL 65536 NEXT 1048576 MINEXTENTS 1 MAXEXTENTS 2147483645
  PCTINCREASE 0 FREELISTS 1 FREELIST GROUPS 1
  BUFFER_POOL DEFAULT FLASH_CACHE DEFAULT CELL_FLASH_CACHE DEFAULT)
  TABLESPACE "USERS" ;

   COMMENT ON COLUMN "STUDENT"."EX_BINGO"."WINNING_NUMBERS" IS '中獎編號';
--------------------------------------------------------
--  DDL for Table EX_CITY_MAP
--------------------------------------------------------

  CREATE TABLE "STUDENT"."EX_CITY_MAP" 
   (	"CITY_CODE" VARCHAR2(5 BYTE), 
	"VALUE" NUMBER, 
	"CITY_NAME" VARCHAR2(10 BYTE)
   ) SEGMENT CREATION IMMEDIATE 
  PCTFREE 10 PCTUSED 40 INITRANS 1 MAXTRANS 255 
 NOCOMPRESS LOGGING
  STORAGE(INITIAL 65536 NEXT 1048576 MINEXTENTS 1 MAXEXTENTS 2147483645
  PCTINCREASE 0 FREELISTS 1 FREELIST GROUPS 1
  BUFFER_POOL DEFAULT FLASH_CACHE DEFAULT CELL_FLASH_CACHE DEFAULT)
  TABLESPACE "USERS" ;

   COMMENT ON COLUMN "STUDENT"."EX_CITY_MAP"."CITY_CODE" IS '城市代碼';
   COMMENT ON COLUMN "STUDENT"."EX_CITY_MAP"."VALUE" IS '城市代碼轉換數字';
   COMMENT ON COLUMN "STUDENT"."EX_CITY_MAP"."CITY_NAME" IS '城市名稱';
--------------------------------------------------------
--  DDL for Table EX_METRO
--------------------------------------------------------

  CREATE TABLE "STUDENT"."EX_METRO" 
   (	"ROUTE" VARCHAR2(20 BYTE), 
	"STATION_ORDER" NUMBER, 
	"STATION" VARCHAR2(20 BYTE), 
	"TRANSFER" VARCHAR2(20 BYTE)
   ) SEGMENT CREATION IMMEDIATE 
  PCTFREE 10 PCTUSED 40 INITRANS 1 MAXTRANS 255 
 NOCOMPRESS LOGGING
  STORAGE(INITIAL 65536 NEXT 1048576 MINEXTENTS 1 MAXEXTENTS 2147483645
  PCTINCREASE 0 FREELISTS 1 FREELIST GROUPS 1
  BUFFER_POOL DEFAULT FLASH_CACHE DEFAULT CELL_FLASH_CACHE DEFAULT)
  TABLESPACE "USERS" ;

   COMMENT ON COLUMN "STUDENT"."EX_METRO"."ROUTE" IS '路線';
   COMMENT ON COLUMN "STUDENT"."EX_METRO"."STATION_ORDER" IS '站點序';
   COMMENT ON COLUMN "STUDENT"."EX_METRO"."STATION" IS '站點';
   COMMENT ON COLUMN "STUDENT"."EX_METRO"."TRANSFER" IS '轉乘';
--------------------------------------------------------
--  DDL for Table EX_POKER_SUIT
--------------------------------------------------------

  CREATE TABLE "STUDENT"."EX_POKER_SUIT" 
   (	"CODE" VARCHAR2(20 BYTE), 
	"NAME" VARCHAR2(20 BYTE), 
	"VALUE" NUMBER
   ) SEGMENT CREATION IMMEDIATE 
  PCTFREE 10 PCTUSED 40 INITRANS 1 MAXTRANS 255 
 NOCOMPRESS LOGGING
  STORAGE(INITIAL 65536 NEXT 1048576 MINEXTENTS 1 MAXEXTENTS 2147483645
  PCTINCREASE 0 FREELISTS 1 FREELIST GROUPS 1
  BUFFER_POOL DEFAULT FLASH_CACHE DEFAULT CELL_FLASH_CACHE DEFAULT)
  TABLESPACE "USERS" ;

   COMMENT ON COLUMN "STUDENT"."EX_POKER_SUIT"."CODE" IS '花色';
   COMMENT ON COLUMN "STUDENT"."EX_POKER_SUIT"."NAME" IS '花色名字';
   COMMENT ON COLUMN "STUDENT"."EX_POKER_SUIT"."VALUE" IS '花色價值';
--------------------------------------------------------
--  DDL for Table EX_WORDLE
--------------------------------------------------------

  CREATE TABLE "STUDENT"."EX_WORDLE" 
   (	"VOCAB" VARCHAR2(5 BYTE)
   ) SEGMENT CREATION IMMEDIATE 
  PCTFREE 10 PCTUSED 40 INITRANS 1 MAXTRANS 255 
 NOCOMPRESS LOGGING
  STORAGE(INITIAL 65536 NEXT 1048576 MINEXTENTS 1 MAXEXTENTS 2147483645
  PCTINCREASE 0 FREELISTS 1 FREELIST GROUPS 1
  BUFFER_POOL DEFAULT FLASH_CACHE DEFAULT CELL_FLASH_CACHE DEFAULT)
  TABLESPACE "USERS" ;

   COMMENT ON COLUMN "STUDENT"."EX_WORDLE"."VOCAB" IS '單字';
--------------------------------------------------------
--  DDL for Table JOBS
--------------------------------------------------------

  CREATE TABLE "STUDENT"."JOBS" 
   (	"JOB_ID" VARCHAR2(10 BYTE), 
	"JOB_TITLE" VARCHAR2(35 BYTE), 
	"MIN_SALARY" NUMBER(6,0), 
	"MAX_SALARY" NUMBER(6,0)
   ) SEGMENT CREATION DEFERRED 
  PCTFREE 10 PCTUSED 40 INITRANS 1 MAXTRANS 255 
 NOCOMPRESS LOGGING
  TABLESPACE "USERS" ;
--------------------------------------------------------
--  DDL for Table LOCATIONS
--------------------------------------------------------

  CREATE TABLE "STUDENT"."LOCATIONS" 
   (	"LOCATION_ID" NUMBER(4,0), 
	"STREET_ADDRESS" VARCHAR2(40 BYTE), 
	"POSTAL_CODE" VARCHAR2(12 BYTE), 
	"CITY" VARCHAR2(30 BYTE), 
	"STATE_PROVINCE" VARCHAR2(25 BYTE), 
	"COUNTRY_ID" CHAR(2 BYTE)
   ) SEGMENT CREATION DEFERRED 
  PCTFREE 10 PCTUSED 40 INITRANS 1 MAXTRANS 255 
 NOCOMPRESS LOGGING
  TABLESPACE "USERS" ;
--------------------------------------------------------
--  DDL for Table MEMBER
--------------------------------------------------------

  CREATE TABLE "STUDENT"."MEMBER" 
   (	"ID" VARCHAR2(20 BYTE), 
	"PWD" VARCHAR2(20 BYTE), 
	"NAME" VARCHAR2(20 BYTE)
   ) SEGMENT CREATION IMMEDIATE 
  PCTFREE 10 PCTUSED 40 INITRANS 1 MAXTRANS 255 
 NOCOMPRESS LOGGING
  STORAGE(INITIAL 65536 NEXT 1048576 MINEXTENTS 1 MAXEXTENTS 2147483645
  PCTINCREASE 0 FREELISTS 1 FREELIST GROUPS 1
  BUFFER_POOL DEFAULT FLASH_CACHE DEFAULT CELL_FLASH_CACHE DEFAULT)
  TABLESPACE "USERS" ;
--------------------------------------------------------
--  DDL for Table PRACTICE_EMPLOYEES
--------------------------------------------------------

  CREATE TABLE "STUDENT"."PRACTICE_EMPLOYEES" 
   (	"EMPLOYEE_ID" VARCHAR2(20 BYTE), 
	"NAME" NVARCHAR2(20)
   ) SEGMENT CREATION IMMEDIATE 
  PCTFREE 10 PCTUSED 40 INITRANS 1 MAXTRANS 255 
 NOCOMPRESS LOGGING
  STORAGE(INITIAL 65536 NEXT 1048576 MINEXTENTS 1 MAXEXTENTS 2147483645
  PCTINCREASE 0 FREELISTS 1 FREELIST GROUPS 1
  BUFFER_POOL DEFAULT FLASH_CACHE DEFAULT CELL_FLASH_CACHE DEFAULT)
  TABLESPACE "USERS" ;
--------------------------------------------------------
--  DDL for Table SQL_CUSTOMER
--------------------------------------------------------

  CREATE TABLE "STUDENT"."SQL_CUSTOMER" 
   (	"ID" VARCHAR2(10 BYTE), 
	"NAME" NVARCHAR2(20), 
	"EMP" CHAR(8 BYTE)
   ) SEGMENT CREATION IMMEDIATE 
  PCTFREE 10 PCTUSED 40 INITRANS 1 MAXTRANS 255 
 NOCOMPRESS LOGGING
  STORAGE(INITIAL 65536 NEXT 1048576 MINEXTENTS 1 MAXEXTENTS 2147483645
  PCTINCREASE 0 FREELISTS 1 FREELIST GROUPS 1
  BUFFER_POOL DEFAULT FLASH_CACHE DEFAULT CELL_FLASH_CACHE DEFAULT)
  TABLESPACE "USERS" ;
--------------------------------------------------------
--  DDL for Table SQL_CUSTOMER_STORE
--------------------------------------------------------

  CREATE TABLE "STUDENT"."SQL_CUSTOMER_STORE" 
   (	"CUSTOMER_ID" NUMBER, 
	"NAME" NVARCHAR2(50), 
	"BIRTHDAY" DATE, 
	"SEX" NVARCHAR2(1), 
	"ID" VARCHAR2(20 BYTE)
   ) SEGMENT CREATION IMMEDIATE 
  PCTFREE 10 PCTUSED 40 INITRANS 1 MAXTRANS 255 
 NOCOMPRESS LOGGING
  STORAGE(INITIAL 65536 NEXT 1048576 MINEXTENTS 1 MAXEXTENTS 2147483645
  PCTINCREASE 0 FREELISTS 1 FREELIST GROUPS 1
  BUFFER_POOL DEFAULT FLASH_CACHE DEFAULT CELL_FLASH_CACHE DEFAULT)
  TABLESPACE "USERS" ;

   COMMENT ON COLUMN "STUDENT"."SQL_CUSTOMER_STORE"."CUSTOMER_ID" IS '客戶編號';
   COMMENT ON COLUMN "STUDENT"."SQL_CUSTOMER_STORE"."NAME" IS '客戶姓名';
   COMMENT ON COLUMN "STUDENT"."SQL_CUSTOMER_STORE"."BIRTHDAY" IS '生日';
   COMMENT ON COLUMN "STUDENT"."SQL_CUSTOMER_STORE"."SEX" IS '性別';
   COMMENT ON COLUMN "STUDENT"."SQL_CUSTOMER_STORE"."ID" IS '身分證字號';
--------------------------------------------------------
--  DDL for Table SQL_CUSTOMER1
--------------------------------------------------------

  CREATE TABLE "STUDENT"."SQL_CUSTOMER1" 
   (	"ID" VARCHAR2(10 BYTE), 
	"NAME" NVARCHAR2(20), 
	"EMP" CHAR(8 BYTE)
   ) SEGMENT CREATION IMMEDIATE 
  PCTFREE 10 PCTUSED 40 INITRANS 1 MAXTRANS 255 
 NOCOMPRESS LOGGING
  STORAGE(INITIAL 65536 NEXT 1048576 MINEXTENTS 1 MAXEXTENTS 2147483645
  PCTINCREASE 0 FREELISTS 1 FREELIST GROUPS 1
  BUFFER_POOL DEFAULT FLASH_CACHE DEFAULT CELL_FLASH_CACHE DEFAULT)
  TABLESPACE "USERS" ;
--------------------------------------------------------
--  DDL for Table SQL_DEP
--------------------------------------------------------

  CREATE TABLE "STUDENT"."SQL_DEP" 
   (	"DEP" VARCHAR2(20 BYTE), 
	"LEADER" VARCHAR2(20 BYTE), 
	"ADDR" VARCHAR2(20 BYTE)
   ) SEGMENT CREATION IMMEDIATE 
  PCTFREE 10 PCTUSED 40 INITRANS 1 MAXTRANS 255 
 NOCOMPRESS LOGGING
  STORAGE(INITIAL 65536 NEXT 1048576 MINEXTENTS 1 MAXEXTENTS 2147483645
  PCTINCREASE 0 FREELISTS 1 FREELIST GROUPS 1
  BUFFER_POOL DEFAULT FLASH_CACHE DEFAULT CELL_FLASH_CACHE DEFAULT)
  TABLESPACE "USERS" ;
--------------------------------------------------------
--  DDL for Table SQL_EMP
--------------------------------------------------------

  CREATE TABLE "STUDENT"."SQL_EMP" 
   (	"EMP_ID" CHAR(8 BYTE), 
	"EMP_NM" NVARCHAR2(20), 
	"ID" VARCHAR2(10 BYTE), 
	"TEL" VARCHAR2(20 BYTE), 
	"DEP" NVARCHAR2(20)
   ) SEGMENT CREATION IMMEDIATE 
  PCTFREE 10 PCTUSED 40 INITRANS 1 MAXTRANS 255 
 NOCOMPRESS LOGGING
  STORAGE(INITIAL 65536 NEXT 1048576 MINEXTENTS 1 MAXEXTENTS 2147483645
  PCTINCREASE 0 FREELISTS 1 FREELIST GROUPS 1
  BUFFER_POOL DEFAULT FLASH_CACHE DEFAULT CELL_FLASH_CACHE DEFAULT)
  TABLESPACE "USERS" ;
--------------------------------------------------------
--  DDL for Table SQL_EMP_HIS
--------------------------------------------------------

  CREATE TABLE "STUDENT"."SQL_EMP_HIS" 
   (	"EMP_ID" CHAR(8 BYTE), 
	"EMP_NM" NVARCHAR2(20), 
	"ID" VARCHAR2(10 BYTE), 
	"TEL" VARCHAR2(20 BYTE), 
	"DEP" NVARCHAR2(20)
   ) SEGMENT CREATION IMMEDIATE 
  PCTFREE 10 PCTUSED 40 INITRANS 1 MAXTRANS 255 
 NOCOMPRESS LOGGING
  STORAGE(INITIAL 65536 NEXT 1048576 MINEXTENTS 1 MAXEXTENTS 2147483645
  PCTINCREASE 0 FREELISTS 1 FREELIST GROUPS 1
  BUFFER_POOL DEFAULT FLASH_CACHE DEFAULT CELL_FLASH_CACHE DEFAULT)
  TABLESPACE "USERS" ;
--------------------------------------------------------
--  DDL for Table SQL_EMP1
--------------------------------------------------------

  CREATE TABLE "STUDENT"."SQL_EMP1" 
   (	"EMP_ID" CHAR(8 BYTE), 
	"EMP_NM" NVARCHAR2(20), 
	"ID" VARCHAR2(10 BYTE), 
	"TEL" VARCHAR2(20 BYTE), 
	"DEP" NVARCHAR2(20)
   ) SEGMENT CREATION IMMEDIATE 
  PCTFREE 10 PCTUSED 40 INITRANS 1 MAXTRANS 255 
 NOCOMPRESS LOGGING
  STORAGE(INITIAL 65536 NEXT 1048576 MINEXTENTS 1 MAXEXTENTS 2147483645
  PCTINCREASE 0 FREELISTS 1 FREELIST GROUPS 1
  BUFFER_POOL DEFAULT FLASH_CACHE DEFAULT CELL_FLASH_CACHE DEFAULT)
  TABLESPACE "USERS" ;
--------------------------------------------------------
--  DDL for Table SQL_ITEM
--------------------------------------------------------

  CREATE TABLE "STUDENT"."SQL_ITEM" 
   (	"ITEM_NO" NVARCHAR2(50), 
	"ITEM_NAME" NVARCHAR2(50), 
	"PRICE" NUMBER
   ) SEGMENT CREATION IMMEDIATE 
  PCTFREE 10 PCTUSED 40 INITRANS 1 MAXTRANS 255 
 NOCOMPRESS LOGGING
  STORAGE(INITIAL 65536 NEXT 1048576 MINEXTENTS 1 MAXEXTENTS 2147483645
  PCTINCREASE 0 FREELISTS 1 FREELIST GROUPS 1
  BUFFER_POOL DEFAULT FLASH_CACHE DEFAULT CELL_FLASH_CACHE DEFAULT)
  TABLESPACE "USERS" ;

   COMMENT ON COLUMN "STUDENT"."SQL_ITEM"."ITEM_NO" IS '商品名稱';
   COMMENT ON COLUMN "STUDENT"."SQL_ITEM"."ITEM_NAME" IS '商品編號';
   COMMENT ON COLUMN "STUDENT"."SQL_ITEM"."PRICE" IS '商品價錢';
--------------------------------------------------------
--  DDL for Table SQL_ITEM2
--------------------------------------------------------

  CREATE TABLE "STUDENT"."SQL_ITEM2" 
   (	"ITEM_NO" NVARCHAR2(50), 
	"ITEM_NAME" NVARCHAR2(50), 
	"PRICE" NUMBER
   ) SEGMENT CREATION IMMEDIATE 
  PCTFREE 10 PCTUSED 40 INITRANS 1 MAXTRANS 255 
 NOCOMPRESS LOGGING
  STORAGE(INITIAL 65536 NEXT 1048576 MINEXTENTS 1 MAXEXTENTS 2147483645
  PCTINCREASE 0 FREELISTS 1 FREELIST GROUPS 1
  BUFFER_POOL DEFAULT FLASH_CACHE DEFAULT CELL_FLASH_CACHE DEFAULT)
  TABLESPACE "USERS" ;
--------------------------------------------------------
--  DDL for Table SQL_ORDER
--------------------------------------------------------

  CREATE TABLE "STUDENT"."SQL_ORDER" 
   (	"ORDER_NO" NUMBER, 
	"CUST_ID" NUMBER, 
	"MONEY" NUMBER, 
	"ORDER_DATE" DATE, 
	"ARRIVAL_DATE" DATE, 
	"EMP_ID" VARCHAR2(20 BYTE)
   ) SEGMENT CREATION IMMEDIATE 
  PCTFREE 10 PCTUSED 40 INITRANS 1 MAXTRANS 255 
 NOCOMPRESS LOGGING
  STORAGE(INITIAL 65536 NEXT 1048576 MINEXTENTS 1 MAXEXTENTS 2147483645
  PCTINCREASE 0 FREELISTS 1 FREELIST GROUPS 1
  BUFFER_POOL DEFAULT FLASH_CACHE DEFAULT CELL_FLASH_CACHE DEFAULT)
  TABLESPACE "USERS" ;

   COMMENT ON COLUMN "STUDENT"."SQL_ORDER"."ORDER_NO" IS '訂購單編號';
   COMMENT ON COLUMN "STUDENT"."SQL_ORDER"."CUST_ID" IS '客戶編號';
   COMMENT ON COLUMN "STUDENT"."SQL_ORDER"."MONEY" IS '訂單金額';
   COMMENT ON COLUMN "STUDENT"."SQL_ORDER"."ORDER_DATE" IS '訂單日期';
   COMMENT ON COLUMN "STUDENT"."SQL_ORDER"."ARRIVAL_DATE" IS '預計到貨日';
   COMMENT ON COLUMN "STUDENT"."SQL_ORDER"."EMP_ID" IS '負責的員工編號';
--------------------------------------------------------
--  DDL for Table SQL_ORDER_DETAIL
--------------------------------------------------------

  CREATE TABLE "STUDENT"."SQL_ORDER_DETAIL" 
   (	"ORDER_NO" NUMBER, 
	"ITEM_NO" VARCHAR2(20 BYTE), 
	"COUNT" NUMBER, 
	"MONEY" NUMBER
   ) SEGMENT CREATION IMMEDIATE 
  PCTFREE 10 PCTUSED 40 INITRANS 1 MAXTRANS 255 
 NOCOMPRESS LOGGING
  STORAGE(INITIAL 65536 NEXT 1048576 MINEXTENTS 1 MAXEXTENTS 2147483645
  PCTINCREASE 0 FREELISTS 1 FREELIST GROUPS 1
  BUFFER_POOL DEFAULT FLASH_CACHE DEFAULT CELL_FLASH_CACHE DEFAULT)
  TABLESPACE "USERS" ;

   COMMENT ON COLUMN "STUDENT"."SQL_ORDER_DETAIL"."ORDER_NO" IS '訂單編號';
   COMMENT ON COLUMN "STUDENT"."SQL_ORDER_DETAIL"."ITEM_NO" IS '商品編號';
   COMMENT ON COLUMN "STUDENT"."SQL_ORDER_DETAIL"."COUNT" IS '數量';
   COMMENT ON COLUMN "STUDENT"."SQL_ORDER_DETAIL"."MONEY" IS '金額';
--------------------------------------------------------
--  DDL for Table SQL_TAOYUAN_REGIONS
--------------------------------------------------------

  CREATE TABLE "STUDENT"."SQL_TAOYUAN_REGIONS" 
   (	"SERIAL" VARCHAR2(10 BYTE), 
	"TOWNSHIP" NVARCHAR2(100), 
	"PLACE" NVARCHAR2(100)
   ) SEGMENT CREATION IMMEDIATE 
  PCTFREE 10 PCTUSED 40 INITRANS 1 MAXTRANS 255 
 NOCOMPRESS LOGGING
  STORAGE(INITIAL 65536 NEXT 1048576 MINEXTENTS 1 MAXEXTENTS 2147483645
  PCTINCREASE 0 FREELISTS 1 FREELIST GROUPS 1
  BUFFER_POOL DEFAULT FLASH_CACHE DEFAULT CELL_FLASH_CACHE DEFAULT)
  TABLESPACE "USERS" ;
--------------------------------------------------------
--  DDL for Table SQL_TAOYUAN_WATER
--------------------------------------------------------

  CREATE TABLE "STUDENT"."SQL_TAOYUAN_WATER" 
   (	"SERIAL_NUMBER" NUMBER, 
	"CREATE_DATE" TIMESTAMP (6), 
	"PLACE" NVARCHAR2(100), 
	"WATER_SYSTEM" NVARCHAR2(10), 
	"TURBIDITY" NUMBER, 
	"CHLORINE" NUMBER, 
	"HYDROGEN" NUMBER
   ) SEGMENT CREATION IMMEDIATE 
  PCTFREE 10 PCTUSED 40 INITRANS 1 MAXTRANS 255 
 NOCOMPRESS LOGGING
  STORAGE(INITIAL 65536 NEXT 1048576 MINEXTENTS 1 MAXEXTENTS 2147483645
  PCTINCREASE 0 FREELISTS 1 FREELIST GROUPS 1
  BUFFER_POOL DEFAULT FLASH_CACHE DEFAULT CELL_FLASH_CACHE DEFAULT)
  TABLESPACE "USERS" ;
--------------------------------------------------------
--  DDL for Table SQL_TAOYUAN_WATER_SYSTEM
--------------------------------------------------------

  CREATE TABLE "STUDENT"."SQL_TAOYUAN_WATER_SYSTEM" 
   (	"SERIAL" VARCHAR2(10 BYTE), 
	"WATER_PURIFICATION_PLANT" NVARCHAR2(100), 
	"WATER_SUPPLY" NVARCHAR2(10)
   ) SEGMENT CREATION IMMEDIATE 
  PCTFREE 10 PCTUSED 40 INITRANS 1 MAXTRANS 255 
 NOCOMPRESS LOGGING
  STORAGE(INITIAL 65536 NEXT 1048576 MINEXTENTS 1 MAXEXTENTS 2147483645
  PCTINCREASE 0 FREELISTS 1 FREELIST GROUPS 1
  BUFFER_POOL DEFAULT FLASH_CACHE DEFAULT CELL_FLASH_CACHE DEFAULT)
  TABLESPACE "USERS" ;
REM INSERTING into STUDENT.CARS
SET DEFINE OFF;
Insert into STUDENT.CARS (MANUFACTURER,TYPE,MIN_PRICE,PRICE) values ('BMW','A1',600,700);
Insert into STUDENT.CARS (MANUFACTURER,TYPE,MIN_PRICE,PRICE) values ('BMW','X2',700,800);
Insert into STUDENT.CARS (MANUFACTURER,TYPE,MIN_PRICE,PRICE) values ('Toyota','Granvia',300,450);
Insert into STUDENT.CARS (MANUFACTURER,TYPE,MIN_PRICE,PRICE) values ('Toyota','Corolla',250,350);
Insert into STUDENT.CARS (MANUFACTURER,TYPE,MIN_PRICE,PRICE) values ('Toyota','R8',300,500);
Insert into STUDENT.CARS (MANUFACTURER,TYPE,MIN_PRICE,PRICE) values ('Toyota','R9',300,400);
Insert into STUDENT.CARS (MANUFACTURER,TYPE,MIN_PRICE,PRICE) values ('Toyota','PriusC',400,700);
REM INSERTING into STUDENT.DEPARTMENTS
SET DEFINE OFF;
Insert into STUDENT.DEPARTMENTS (DEPARTMENT_ID,DEPARTMENT_NAME,MANAGER_ID,LOCATION_ID) values (10,'Administration',200,1700);
Insert into STUDENT.DEPARTMENTS (DEPARTMENT_ID,DEPARTMENT_NAME,MANAGER_ID,LOCATION_ID) values (20,'Marketing',201,1800);
Insert into STUDENT.DEPARTMENTS (DEPARTMENT_ID,DEPARTMENT_NAME,MANAGER_ID,LOCATION_ID) values (30,'Purchasing',114,1700);
Insert into STUDENT.DEPARTMENTS (DEPARTMENT_ID,DEPARTMENT_NAME,MANAGER_ID,LOCATION_ID) values (40,'Human Resources',203,2400);
Insert into STUDENT.DEPARTMENTS (DEPARTMENT_ID,DEPARTMENT_NAME,MANAGER_ID,LOCATION_ID) values (50,'Shipping',121,1500);
Insert into STUDENT.DEPARTMENTS (DEPARTMENT_ID,DEPARTMENT_NAME,MANAGER_ID,LOCATION_ID) values (60,'IT',103,1400);
Insert into STUDENT.DEPARTMENTS (DEPARTMENT_ID,DEPARTMENT_NAME,MANAGER_ID,LOCATION_ID) values (70,'Public Relations',204,2700);
Insert into STUDENT.DEPARTMENTS (DEPARTMENT_ID,DEPARTMENT_NAME,MANAGER_ID,LOCATION_ID) values (80,'Sales',145,2500);
Insert into STUDENT.DEPARTMENTS (DEPARTMENT_ID,DEPARTMENT_NAME,MANAGER_ID,LOCATION_ID) values (90,'Executive',100,1700);
Insert into STUDENT.DEPARTMENTS (DEPARTMENT_ID,DEPARTMENT_NAME,MANAGER_ID,LOCATION_ID) values (100,'Finance',108,1700);
Insert into STUDENT.DEPARTMENTS (DEPARTMENT_ID,DEPARTMENT_NAME,MANAGER_ID,LOCATION_ID) values (110,'Accounting',205,1700);
Insert into STUDENT.DEPARTMENTS (DEPARTMENT_ID,DEPARTMENT_NAME,MANAGER_ID,LOCATION_ID) values (120,'Treasury',null,1700);
Insert into STUDENT.DEPARTMENTS (DEPARTMENT_ID,DEPARTMENT_NAME,MANAGER_ID,LOCATION_ID) values (130,'Corporate Tax',null,1700);
Insert into STUDENT.DEPARTMENTS (DEPARTMENT_ID,DEPARTMENT_NAME,MANAGER_ID,LOCATION_ID) values (140,'Control And Credit',null,1700);
Insert into STUDENT.DEPARTMENTS (DEPARTMENT_ID,DEPARTMENT_NAME,MANAGER_ID,LOCATION_ID) values (150,'Shareholder Services',null,1700);
Insert into STUDENT.DEPARTMENTS (DEPARTMENT_ID,DEPARTMENT_NAME,MANAGER_ID,LOCATION_ID) values (160,'Benefits',null,1700);
Insert into STUDENT.DEPARTMENTS (DEPARTMENT_ID,DEPARTMENT_NAME,MANAGER_ID,LOCATION_ID) values (170,'Manufacturing',null,1700);
Insert into STUDENT.DEPARTMENTS (DEPARTMENT_ID,DEPARTMENT_NAME,MANAGER_ID,LOCATION_ID) values (180,'Construction',null,1700);
Insert into STUDENT.DEPARTMENTS (DEPARTMENT_ID,DEPARTMENT_NAME,MANAGER_ID,LOCATION_ID) values (190,'Contracting',null,1700);
Insert into STUDENT.DEPARTMENTS (DEPARTMENT_ID,DEPARTMENT_NAME,MANAGER_ID,LOCATION_ID) values (200,'Operations',null,1700);
Insert into STUDENT.DEPARTMENTS (DEPARTMENT_ID,DEPARTMENT_NAME,MANAGER_ID,LOCATION_ID) values (210,'IT Support',null,1700);
Insert into STUDENT.DEPARTMENTS (DEPARTMENT_ID,DEPARTMENT_NAME,MANAGER_ID,LOCATION_ID) values (220,'NOC',null,1700);
Insert into STUDENT.DEPARTMENTS (DEPARTMENT_ID,DEPARTMENT_NAME,MANAGER_ID,LOCATION_ID) values (230,'IT Helpdesk',null,1700);
Insert into STUDENT.DEPARTMENTS (DEPARTMENT_ID,DEPARTMENT_NAME,MANAGER_ID,LOCATION_ID) values (240,'Government Sales',null,1700);
Insert into STUDENT.DEPARTMENTS (DEPARTMENT_ID,DEPARTMENT_NAME,MANAGER_ID,LOCATION_ID) values (250,'Retail Sales',null,1700);
Insert into STUDENT.DEPARTMENTS (DEPARTMENT_ID,DEPARTMENT_NAME,MANAGER_ID,LOCATION_ID) values (260,'Recruiting',null,1700);
Insert into STUDENT.DEPARTMENTS (DEPARTMENT_ID,DEPARTMENT_NAME,MANAGER_ID,LOCATION_ID) values (270,'Payroll',null,1700);
REM INSERTING into STUDENT.EMPLOYEES
SET DEFINE OFF;
Insert into STUDENT.EMPLOYEES (EMPLOYEE_ID,FIRST_NAME,LAST_NAME,EMAIL,PHONE_NUMBER,HIRE_DATE,JOB_ID,SALARY,COMMISSION_PCT,MANAGER_ID,DEPARTMENT_ID) values (100,'Steven','King','SKING','515.123.4567',to_date('17-6月 -03','DD-MON-RR'),'AD_PRES',24000,null,null,90);
Insert into STUDENT.EMPLOYEES (EMPLOYEE_ID,FIRST_NAME,LAST_NAME,EMAIL,PHONE_NUMBER,HIRE_DATE,JOB_ID,SALARY,COMMISSION_PCT,MANAGER_ID,DEPARTMENT_ID) values (101,'Neena','Kochhar','NKOCHHAR','515.123.4568',to_date('21-9月 -05','DD-MON-RR'),'AD_VP',17000,null,100,90);
Insert into STUDENT.EMPLOYEES (EMPLOYEE_ID,FIRST_NAME,LAST_NAME,EMAIL,PHONE_NUMBER,HIRE_DATE,JOB_ID,SALARY,COMMISSION_PCT,MANAGER_ID,DEPARTMENT_ID) values (102,'Lex','De Haan','LDEHAAN','515.123.4569',to_date('13-1月 -01','DD-MON-RR'),'AD_VP',17000,null,100,90);
Insert into STUDENT.EMPLOYEES (EMPLOYEE_ID,FIRST_NAME,LAST_NAME,EMAIL,PHONE_NUMBER,HIRE_DATE,JOB_ID,SALARY,COMMISSION_PCT,MANAGER_ID,DEPARTMENT_ID) values (103,'Alexander','Hunold','AHUNOLD','590.423.4567',to_date('03-1月 -06','DD-MON-RR'),'IT_PROG',9000,null,102,60);
Insert into STUDENT.EMPLOYEES (EMPLOYEE_ID,FIRST_NAME,LAST_NAME,EMAIL,PHONE_NUMBER,HIRE_DATE,JOB_ID,SALARY,COMMISSION_PCT,MANAGER_ID,DEPARTMENT_ID) values (104,'Bruce','Ernst','BERNST','590.423.4568',to_date('21-5月 -07','DD-MON-RR'),'IT_PROG',6000,null,103,60);
Insert into STUDENT.EMPLOYEES (EMPLOYEE_ID,FIRST_NAME,LAST_NAME,EMAIL,PHONE_NUMBER,HIRE_DATE,JOB_ID,SALARY,COMMISSION_PCT,MANAGER_ID,DEPARTMENT_ID) values (105,'David','Austin','DAUSTIN','590.423.4569',to_date('25-6月 -05','DD-MON-RR'),'IT_PROG',4800,null,103,60);
Insert into STUDENT.EMPLOYEES (EMPLOYEE_ID,FIRST_NAME,LAST_NAME,EMAIL,PHONE_NUMBER,HIRE_DATE,JOB_ID,SALARY,COMMISSION_PCT,MANAGER_ID,DEPARTMENT_ID) values (106,'Valli','Pataballa','VPATABAL','590.423.4560',to_date('05-2月 -06','DD-MON-RR'),'IT_PROG',4800,null,103,60);
Insert into STUDENT.EMPLOYEES (EMPLOYEE_ID,FIRST_NAME,LAST_NAME,EMAIL,PHONE_NUMBER,HIRE_DATE,JOB_ID,SALARY,COMMISSION_PCT,MANAGER_ID,DEPARTMENT_ID) values (107,'Diana','Lorentz','DLORENTZ','590.423.5567',to_date('07-2月 -07','DD-MON-RR'),'IT_PROG',4200,null,103,60);
Insert into STUDENT.EMPLOYEES (EMPLOYEE_ID,FIRST_NAME,LAST_NAME,EMAIL,PHONE_NUMBER,HIRE_DATE,JOB_ID,SALARY,COMMISSION_PCT,MANAGER_ID,DEPARTMENT_ID) values (108,'Nancy','Greenberg','NGREENBE','515.124.4569',to_date('17-8月 -02','DD-MON-RR'),'FI_MGR',12008,null,101,100);
Insert into STUDENT.EMPLOYEES (EMPLOYEE_ID,FIRST_NAME,LAST_NAME,EMAIL,PHONE_NUMBER,HIRE_DATE,JOB_ID,SALARY,COMMISSION_PCT,MANAGER_ID,DEPARTMENT_ID) values (109,'Daniel','Faviet','DFAVIET','515.124.4169',to_date('16-8月 -02','DD-MON-RR'),'FI_ACCOUNT',9000,null,108,100);
Insert into STUDENT.EMPLOYEES (EMPLOYEE_ID,FIRST_NAME,LAST_NAME,EMAIL,PHONE_NUMBER,HIRE_DATE,JOB_ID,SALARY,COMMISSION_PCT,MANAGER_ID,DEPARTMENT_ID) values (110,'John','Chen','JCHEN','515.124.4269',to_date('28-9月 -05','DD-MON-RR'),'FI_ACCOUNT',8200,null,108,100);
Insert into STUDENT.EMPLOYEES (EMPLOYEE_ID,FIRST_NAME,LAST_NAME,EMAIL,PHONE_NUMBER,HIRE_DATE,JOB_ID,SALARY,COMMISSION_PCT,MANAGER_ID,DEPARTMENT_ID) values (111,'Ismael','Sciarra','ISCIARRA','515.124.4369',to_date('30-9月 -05','DD-MON-RR'),'FI_ACCOUNT',7700,null,108,100);
Insert into STUDENT.EMPLOYEES (EMPLOYEE_ID,FIRST_NAME,LAST_NAME,EMAIL,PHONE_NUMBER,HIRE_DATE,JOB_ID,SALARY,COMMISSION_PCT,MANAGER_ID,DEPARTMENT_ID) values (112,'Jose Manuel','Urman','JMURMAN','515.124.4469',to_date('07-3月 -06','DD-MON-RR'),'FI_ACCOUNT',7800,null,108,100);
Insert into STUDENT.EMPLOYEES (EMPLOYEE_ID,FIRST_NAME,LAST_NAME,EMAIL,PHONE_NUMBER,HIRE_DATE,JOB_ID,SALARY,COMMISSION_PCT,MANAGER_ID,DEPARTMENT_ID) values (113,'Luis','Popp','LPOPP','515.124.4567',to_date('07-12月-07','DD-MON-RR'),'FI_ACCOUNT',6900,null,108,100);
Insert into STUDENT.EMPLOYEES (EMPLOYEE_ID,FIRST_NAME,LAST_NAME,EMAIL,PHONE_NUMBER,HIRE_DATE,JOB_ID,SALARY,COMMISSION_PCT,MANAGER_ID,DEPARTMENT_ID) values (114,'Den','Raphaely','DRAPHEAL','515.127.4561',to_date('07-12月-02','DD-MON-RR'),'PU_MAN',11000,null,100,30);
Insert into STUDENT.EMPLOYEES (EMPLOYEE_ID,FIRST_NAME,LAST_NAME,EMAIL,PHONE_NUMBER,HIRE_DATE,JOB_ID,SALARY,COMMISSION_PCT,MANAGER_ID,DEPARTMENT_ID) values (115,'Alexander','Khoo','AKHOO','515.127.4562',to_date('18-5月 -03','DD-MON-RR'),'PU_CLERK',3100,null,114,30);
Insert into STUDENT.EMPLOYEES (EMPLOYEE_ID,FIRST_NAME,LAST_NAME,EMAIL,PHONE_NUMBER,HIRE_DATE,JOB_ID,SALARY,COMMISSION_PCT,MANAGER_ID,DEPARTMENT_ID) values (116,'Shelli','Baida','SBAIDA','515.127.4563',to_date('24-12月-05','DD-MON-RR'),'PU_CLERK',2900,null,114,30);
Insert into STUDENT.EMPLOYEES (EMPLOYEE_ID,FIRST_NAME,LAST_NAME,EMAIL,PHONE_NUMBER,HIRE_DATE,JOB_ID,SALARY,COMMISSION_PCT,MANAGER_ID,DEPARTMENT_ID) values (117,'Sigal','Tobias','STOBIAS','515.127.4564',to_date('24-7月 -05','DD-MON-RR'),'PU_CLERK',2800,null,114,30);
Insert into STUDENT.EMPLOYEES (EMPLOYEE_ID,FIRST_NAME,LAST_NAME,EMAIL,PHONE_NUMBER,HIRE_DATE,JOB_ID,SALARY,COMMISSION_PCT,MANAGER_ID,DEPARTMENT_ID) values (118,'Guy','Himuro','GHIMURO','515.127.4565',to_date('15-11月-06','DD-MON-RR'),'PU_CLERK',2600,null,114,30);
Insert into STUDENT.EMPLOYEES (EMPLOYEE_ID,FIRST_NAME,LAST_NAME,EMAIL,PHONE_NUMBER,HIRE_DATE,JOB_ID,SALARY,COMMISSION_PCT,MANAGER_ID,DEPARTMENT_ID) values (119,'Karen','Colmenares','KCOLMENA','515.127.4566',to_date('10-8月 -07','DD-MON-RR'),'PU_CLERK',2500,null,114,30);
Insert into STUDENT.EMPLOYEES (EMPLOYEE_ID,FIRST_NAME,LAST_NAME,EMAIL,PHONE_NUMBER,HIRE_DATE,JOB_ID,SALARY,COMMISSION_PCT,MANAGER_ID,DEPARTMENT_ID) values (120,'Matthew','Weiss','MWEISS','650.123.1234',to_date('18-7月 -04','DD-MON-RR'),'ST_MAN',8000,null,100,50);
Insert into STUDENT.EMPLOYEES (EMPLOYEE_ID,FIRST_NAME,LAST_NAME,EMAIL,PHONE_NUMBER,HIRE_DATE,JOB_ID,SALARY,COMMISSION_PCT,MANAGER_ID,DEPARTMENT_ID) values (121,'Adam','Fripp','AFRIPP','650.123.2234',to_date('10-4月 -05','DD-MON-RR'),'ST_MAN',8200,null,100,50);
Insert into STUDENT.EMPLOYEES (EMPLOYEE_ID,FIRST_NAME,LAST_NAME,EMAIL,PHONE_NUMBER,HIRE_DATE,JOB_ID,SALARY,COMMISSION_PCT,MANAGER_ID,DEPARTMENT_ID) values (122,'Payam','Kaufling','PKAUFLIN','650.123.3234',to_date('01-5月 -03','DD-MON-RR'),'ST_MAN',7900,null,100,50);
Insert into STUDENT.EMPLOYEES (EMPLOYEE_ID,FIRST_NAME,LAST_NAME,EMAIL,PHONE_NUMBER,HIRE_DATE,JOB_ID,SALARY,COMMISSION_PCT,MANAGER_ID,DEPARTMENT_ID) values (123,'Shanta','Vollman','SVOLLMAN','650.123.4234',to_date('10-10月-05','DD-MON-RR'),'ST_MAN',6500,null,100,50);
Insert into STUDENT.EMPLOYEES (EMPLOYEE_ID,FIRST_NAME,LAST_NAME,EMAIL,PHONE_NUMBER,HIRE_DATE,JOB_ID,SALARY,COMMISSION_PCT,MANAGER_ID,DEPARTMENT_ID) values (124,'Kevin','Mourgos','KMOURGOS','650.123.5234',to_date('16-11月-07','DD-MON-RR'),'ST_MAN',5800,null,100,50);
Insert into STUDENT.EMPLOYEES (EMPLOYEE_ID,FIRST_NAME,LAST_NAME,EMAIL,PHONE_NUMBER,HIRE_DATE,JOB_ID,SALARY,COMMISSION_PCT,MANAGER_ID,DEPARTMENT_ID) values (125,'Julia','Nayer','JNAYER','650.124.1214',to_date('16-7月 -05','DD-MON-RR'),'ST_CLERK',3200,null,120,50);
Insert into STUDENT.EMPLOYEES (EMPLOYEE_ID,FIRST_NAME,LAST_NAME,EMAIL,PHONE_NUMBER,HIRE_DATE,JOB_ID,SALARY,COMMISSION_PCT,MANAGER_ID,DEPARTMENT_ID) values (126,'Irene','Mikkilineni','IMIKKILI','650.124.1224',to_date('28-9月 -06','DD-MON-RR'),'ST_CLERK',2700,null,120,50);
Insert into STUDENT.EMPLOYEES (EMPLOYEE_ID,FIRST_NAME,LAST_NAME,EMAIL,PHONE_NUMBER,HIRE_DATE,JOB_ID,SALARY,COMMISSION_PCT,MANAGER_ID,DEPARTMENT_ID) values (127,'James','Landry','JLANDRY','650.124.1334',to_date('14-1月 -07','DD-MON-RR'),'ST_CLERK',2400,null,120,50);
Insert into STUDENT.EMPLOYEES (EMPLOYEE_ID,FIRST_NAME,LAST_NAME,EMAIL,PHONE_NUMBER,HIRE_DATE,JOB_ID,SALARY,COMMISSION_PCT,MANAGER_ID,DEPARTMENT_ID) values (128,'Steven','Markle','SMARKLE','650.124.1434',to_date('08-3月 -08','DD-MON-RR'),'ST_CLERK',2200,null,120,50);
Insert into STUDENT.EMPLOYEES (EMPLOYEE_ID,FIRST_NAME,LAST_NAME,EMAIL,PHONE_NUMBER,HIRE_DATE,JOB_ID,SALARY,COMMISSION_PCT,MANAGER_ID,DEPARTMENT_ID) values (129,'Laura','Bissot','LBISSOT','650.124.5234',to_date('20-8月 -05','DD-MON-RR'),'ST_CLERK',3300,null,121,50);
Insert into STUDENT.EMPLOYEES (EMPLOYEE_ID,FIRST_NAME,LAST_NAME,EMAIL,PHONE_NUMBER,HIRE_DATE,JOB_ID,SALARY,COMMISSION_PCT,MANAGER_ID,DEPARTMENT_ID) values (130,'Mozhe','Atkinson','MATKINSO','650.124.6234',to_date('30-10月-05','DD-MON-RR'),'ST_CLERK',2800,null,121,50);
Insert into STUDENT.EMPLOYEES (EMPLOYEE_ID,FIRST_NAME,LAST_NAME,EMAIL,PHONE_NUMBER,HIRE_DATE,JOB_ID,SALARY,COMMISSION_PCT,MANAGER_ID,DEPARTMENT_ID) values (131,'James','Marlow','JAMRLOW','650.124.7234',to_date('16-2月 -05','DD-MON-RR'),'ST_CLERK',2500,null,121,50);
Insert into STUDENT.EMPLOYEES (EMPLOYEE_ID,FIRST_NAME,LAST_NAME,EMAIL,PHONE_NUMBER,HIRE_DATE,JOB_ID,SALARY,COMMISSION_PCT,MANAGER_ID,DEPARTMENT_ID) values (132,'TJ','Olson','TJOLSON','650.124.8234',to_date('10-4月 -07','DD-MON-RR'),'ST_CLERK',2100,null,121,50);
Insert into STUDENT.EMPLOYEES (EMPLOYEE_ID,FIRST_NAME,LAST_NAME,EMAIL,PHONE_NUMBER,HIRE_DATE,JOB_ID,SALARY,COMMISSION_PCT,MANAGER_ID,DEPARTMENT_ID) values (133,'Jason','Mallin','JMALLIN','650.127.1934',to_date('14-6月 -04','DD-MON-RR'),'ST_CLERK',3300,null,122,50);
Insert into STUDENT.EMPLOYEES (EMPLOYEE_ID,FIRST_NAME,LAST_NAME,EMAIL,PHONE_NUMBER,HIRE_DATE,JOB_ID,SALARY,COMMISSION_PCT,MANAGER_ID,DEPARTMENT_ID) values (134,'Michael','Rogers','MROGERS','650.127.1834',to_date('26-8月 -06','DD-MON-RR'),'ST_CLERK',2900,null,122,50);
Insert into STUDENT.EMPLOYEES (EMPLOYEE_ID,FIRST_NAME,LAST_NAME,EMAIL,PHONE_NUMBER,HIRE_DATE,JOB_ID,SALARY,COMMISSION_PCT,MANAGER_ID,DEPARTMENT_ID) values (135,'Ki','Gee','KGEE','650.127.1734',to_date('12-12月-07','DD-MON-RR'),'ST_CLERK',2400,null,122,50);
Insert into STUDENT.EMPLOYEES (EMPLOYEE_ID,FIRST_NAME,LAST_NAME,EMAIL,PHONE_NUMBER,HIRE_DATE,JOB_ID,SALARY,COMMISSION_PCT,MANAGER_ID,DEPARTMENT_ID) values (136,'Hazel','Philtanker','HPHILTAN','650.127.1634',to_date('06-2月 -08','DD-MON-RR'),'ST_CLERK',2200,null,122,50);
Insert into STUDENT.EMPLOYEES (EMPLOYEE_ID,FIRST_NAME,LAST_NAME,EMAIL,PHONE_NUMBER,HIRE_DATE,JOB_ID,SALARY,COMMISSION_PCT,MANAGER_ID,DEPARTMENT_ID) values (137,'Renske','Ladwig','RLADWIG','650.121.1234',to_date('14-7月 -03','DD-MON-RR'),'ST_CLERK',3600,null,123,50);
Insert into STUDENT.EMPLOYEES (EMPLOYEE_ID,FIRST_NAME,LAST_NAME,EMAIL,PHONE_NUMBER,HIRE_DATE,JOB_ID,SALARY,COMMISSION_PCT,MANAGER_ID,DEPARTMENT_ID) values (138,'Stephen','Stiles','SSTILES','650.121.2034',to_date('26-10月-05','DD-MON-RR'),'ST_CLERK',3200,null,123,50);
Insert into STUDENT.EMPLOYEES (EMPLOYEE_ID,FIRST_NAME,LAST_NAME,EMAIL,PHONE_NUMBER,HIRE_DATE,JOB_ID,SALARY,COMMISSION_PCT,MANAGER_ID,DEPARTMENT_ID) values (139,'John','Seo','JSEO','650.121.2019',to_date('12-2月 -06','DD-MON-RR'),'ST_CLERK',2700,null,123,50);
Insert into STUDENT.EMPLOYEES (EMPLOYEE_ID,FIRST_NAME,LAST_NAME,EMAIL,PHONE_NUMBER,HIRE_DATE,JOB_ID,SALARY,COMMISSION_PCT,MANAGER_ID,DEPARTMENT_ID) values (140,'Joshua','Patel','JPATEL','650.121.1834',to_date('06-4月 -06','DD-MON-RR'),'ST_CLERK',2500,null,123,50);
Insert into STUDENT.EMPLOYEES (EMPLOYEE_ID,FIRST_NAME,LAST_NAME,EMAIL,PHONE_NUMBER,HIRE_DATE,JOB_ID,SALARY,COMMISSION_PCT,MANAGER_ID,DEPARTMENT_ID) values (141,'Trenna','Rajs','TRAJS','650.121.8009',to_date('17-10月-03','DD-MON-RR'),'ST_CLERK',3500,null,124,50);
Insert into STUDENT.EMPLOYEES (EMPLOYEE_ID,FIRST_NAME,LAST_NAME,EMAIL,PHONE_NUMBER,HIRE_DATE,JOB_ID,SALARY,COMMISSION_PCT,MANAGER_ID,DEPARTMENT_ID) values (142,'Curtis','Davies','CDAVIES','650.121.2994',to_date('29-1月 -05','DD-MON-RR'),'ST_CLERK',3100,null,124,50);
Insert into STUDENT.EMPLOYEES (EMPLOYEE_ID,FIRST_NAME,LAST_NAME,EMAIL,PHONE_NUMBER,HIRE_DATE,JOB_ID,SALARY,COMMISSION_PCT,MANAGER_ID,DEPARTMENT_ID) values (143,'Randall','Matos','RMATOS','650.121.2874',to_date('15-3月 -06','DD-MON-RR'),'ST_CLERK',2600,null,124,50);
Insert into STUDENT.EMPLOYEES (EMPLOYEE_ID,FIRST_NAME,LAST_NAME,EMAIL,PHONE_NUMBER,HIRE_DATE,JOB_ID,SALARY,COMMISSION_PCT,MANAGER_ID,DEPARTMENT_ID) values (144,'Peter','Vargas','PVARGAS','650.121.2004',to_date('09-7月 -06','DD-MON-RR'),'ST_CLERK',2500,null,124,50);
Insert into STUDENT.EMPLOYEES (EMPLOYEE_ID,FIRST_NAME,LAST_NAME,EMAIL,PHONE_NUMBER,HIRE_DATE,JOB_ID,SALARY,COMMISSION_PCT,MANAGER_ID,DEPARTMENT_ID) values (145,'John','Russell','JRUSSEL','011.44.1344.429268',to_date('01-10月-04','DD-MON-RR'),'SA_MAN',14000,0.4,100,80);
Insert into STUDENT.EMPLOYEES (EMPLOYEE_ID,FIRST_NAME,LAST_NAME,EMAIL,PHONE_NUMBER,HIRE_DATE,JOB_ID,SALARY,COMMISSION_PCT,MANAGER_ID,DEPARTMENT_ID) values (146,'Karen','Partners','KPARTNER','011.44.1344.467268',to_date('05-1月 -05','DD-MON-RR'),'SA_MAN',13500,0.3,100,80);
Insert into STUDENT.EMPLOYEES (EMPLOYEE_ID,FIRST_NAME,LAST_NAME,EMAIL,PHONE_NUMBER,HIRE_DATE,JOB_ID,SALARY,COMMISSION_PCT,MANAGER_ID,DEPARTMENT_ID) values (147,'Alberto','Errazuriz','AERRAZUR','011.44.1344.429278',to_date('10-3月 -05','DD-MON-RR'),'SA_MAN',12000,0.3,100,80);
Insert into STUDENT.EMPLOYEES (EMPLOYEE_ID,FIRST_NAME,LAST_NAME,EMAIL,PHONE_NUMBER,HIRE_DATE,JOB_ID,SALARY,COMMISSION_PCT,MANAGER_ID,DEPARTMENT_ID) values (148,'Gerald','Cambrault','GCAMBRAU','011.44.1344.619268',to_date('15-10月-07','DD-MON-RR'),'SA_MAN',11000,0.3,100,80);
Insert into STUDENT.EMPLOYEES (EMPLOYEE_ID,FIRST_NAME,LAST_NAME,EMAIL,PHONE_NUMBER,HIRE_DATE,JOB_ID,SALARY,COMMISSION_PCT,MANAGER_ID,DEPARTMENT_ID) values (149,'Eleni','Zlotkey','EZLOTKEY','011.44.1344.429018',to_date('29-1月 -08','DD-MON-RR'),'SA_MAN',10500,0.2,100,80);
Insert into STUDENT.EMPLOYEES (EMPLOYEE_ID,FIRST_NAME,LAST_NAME,EMAIL,PHONE_NUMBER,HIRE_DATE,JOB_ID,SALARY,COMMISSION_PCT,MANAGER_ID,DEPARTMENT_ID) values (150,'Peter','Tucker','PTUCKER','011.44.1344.129268',to_date('30-1月 -05','DD-MON-RR'),'SA_REP',10000,0.3,145,80);
Insert into STUDENT.EMPLOYEES (EMPLOYEE_ID,FIRST_NAME,LAST_NAME,EMAIL,PHONE_NUMBER,HIRE_DATE,JOB_ID,SALARY,COMMISSION_PCT,MANAGER_ID,DEPARTMENT_ID) values (151,'David','Bernstein','DBERNSTE','011.44.1344.345268',to_date('24-3月 -05','DD-MON-RR'),'SA_REP',9500,0.25,145,80);
Insert into STUDENT.EMPLOYEES (EMPLOYEE_ID,FIRST_NAME,LAST_NAME,EMAIL,PHONE_NUMBER,HIRE_DATE,JOB_ID,SALARY,COMMISSION_PCT,MANAGER_ID,DEPARTMENT_ID) values (152,'Peter','Hall','PHALL','011.44.1344.478968',to_date('20-8月 -05','DD-MON-RR'),'SA_REP',9000,0.25,145,80);
Insert into STUDENT.EMPLOYEES (EMPLOYEE_ID,FIRST_NAME,LAST_NAME,EMAIL,PHONE_NUMBER,HIRE_DATE,JOB_ID,SALARY,COMMISSION_PCT,MANAGER_ID,DEPARTMENT_ID) values (153,'CSTUDENTistopher','Olsen','COLSEN','011.44.1344.498718',to_date('30-3月 -06','DD-MON-RR'),'SA_REP',8000,0.2,145,80);
Insert into STUDENT.EMPLOYEES (EMPLOYEE_ID,FIRST_NAME,LAST_NAME,EMAIL,PHONE_NUMBER,HIRE_DATE,JOB_ID,SALARY,COMMISSION_PCT,MANAGER_ID,DEPARTMENT_ID) values (154,'Nanette','Cambrault','NCAMBRAU','011.44.1344.987668',to_date('09-12月-06','DD-MON-RR'),'SA_REP',7500,0.2,145,80);
Insert into STUDENT.EMPLOYEES (EMPLOYEE_ID,FIRST_NAME,LAST_NAME,EMAIL,PHONE_NUMBER,HIRE_DATE,JOB_ID,SALARY,COMMISSION_PCT,MANAGER_ID,DEPARTMENT_ID) values (155,'Oliver','Tuvault','OTUVAULT','011.44.1344.486508',to_date('23-11月-07','DD-MON-RR'),'SA_REP',7000,0.15,145,80);
Insert into STUDENT.EMPLOYEES (EMPLOYEE_ID,FIRST_NAME,LAST_NAME,EMAIL,PHONE_NUMBER,HIRE_DATE,JOB_ID,SALARY,COMMISSION_PCT,MANAGER_ID,DEPARTMENT_ID) values (156,'Janette','King','JKING','011.44.1345.429268',to_date('30-1月 -04','DD-MON-RR'),'SA_REP',10000,0.35,146,80);
Insert into STUDENT.EMPLOYEES (EMPLOYEE_ID,FIRST_NAME,LAST_NAME,EMAIL,PHONE_NUMBER,HIRE_DATE,JOB_ID,SALARY,COMMISSION_PCT,MANAGER_ID,DEPARTMENT_ID) values (157,'Patrick','Sully','PSULLY','011.44.1345.929268',to_date('04-3月 -04','DD-MON-RR'),'SA_REP',9500,0.35,146,80);
Insert into STUDENT.EMPLOYEES (EMPLOYEE_ID,FIRST_NAME,LAST_NAME,EMAIL,PHONE_NUMBER,HIRE_DATE,JOB_ID,SALARY,COMMISSION_PCT,MANAGER_ID,DEPARTMENT_ID) values (158,'Allan','McEwen','AMCEWEN','011.44.1345.829268',to_date('01-8月 -04','DD-MON-RR'),'SA_REP',9000,0.35,146,80);
Insert into STUDENT.EMPLOYEES (EMPLOYEE_ID,FIRST_NAME,LAST_NAME,EMAIL,PHONE_NUMBER,HIRE_DATE,JOB_ID,SALARY,COMMISSION_PCT,MANAGER_ID,DEPARTMENT_ID) values (159,'Lindsey','Smith','LSMITH','011.44.1345.729268',to_date('10-3月 -05','DD-MON-RR'),'SA_REP',8000,0.3,146,80);
Insert into STUDENT.EMPLOYEES (EMPLOYEE_ID,FIRST_NAME,LAST_NAME,EMAIL,PHONE_NUMBER,HIRE_DATE,JOB_ID,SALARY,COMMISSION_PCT,MANAGER_ID,DEPARTMENT_ID) values (160,'Louise','Doran','LDORAN','011.44.1345.629268',to_date('15-12月-05','DD-MON-RR'),'SA_REP',7500,0.3,146,80);
Insert into STUDENT.EMPLOYEES (EMPLOYEE_ID,FIRST_NAME,LAST_NAME,EMAIL,PHONE_NUMBER,HIRE_DATE,JOB_ID,SALARY,COMMISSION_PCT,MANAGER_ID,DEPARTMENT_ID) values (161,'Sarath','Sewall','SSEWALL','011.44.1345.529268',to_date('03-11月-06','DD-MON-RR'),'SA_REP',7000,0.25,146,80);
Insert into STUDENT.EMPLOYEES (EMPLOYEE_ID,FIRST_NAME,LAST_NAME,EMAIL,PHONE_NUMBER,HIRE_DATE,JOB_ID,SALARY,COMMISSION_PCT,MANAGER_ID,DEPARTMENT_ID) values (162,'Clara','Vishney','CVISHNEY','011.44.1346.129268',to_date('11-11月-05','DD-MON-RR'),'SA_REP',10500,0.25,147,80);
Insert into STUDENT.EMPLOYEES (EMPLOYEE_ID,FIRST_NAME,LAST_NAME,EMAIL,PHONE_NUMBER,HIRE_DATE,JOB_ID,SALARY,COMMISSION_PCT,MANAGER_ID,DEPARTMENT_ID) values (163,'Danielle','Greene','DGREENE','011.44.1346.229268',to_date('19-3月 -07','DD-MON-RR'),'SA_REP',9500,0.15,147,80);
Insert into STUDENT.EMPLOYEES (EMPLOYEE_ID,FIRST_NAME,LAST_NAME,EMAIL,PHONE_NUMBER,HIRE_DATE,JOB_ID,SALARY,COMMISSION_PCT,MANAGER_ID,DEPARTMENT_ID) values (164,'Mattea','Marvins','MMARVINS','011.44.1346.329268',to_date('24-1月 -08','DD-MON-RR'),'SA_REP',7200,0.1,147,80);
Insert into STUDENT.EMPLOYEES (EMPLOYEE_ID,FIRST_NAME,LAST_NAME,EMAIL,PHONE_NUMBER,HIRE_DATE,JOB_ID,SALARY,COMMISSION_PCT,MANAGER_ID,DEPARTMENT_ID) values (165,'David','Lee','DLEE','011.44.1346.529268',to_date('23-2月 -08','DD-MON-RR'),'SA_REP',6800,0.1,147,80);
Insert into STUDENT.EMPLOYEES (EMPLOYEE_ID,FIRST_NAME,LAST_NAME,EMAIL,PHONE_NUMBER,HIRE_DATE,JOB_ID,SALARY,COMMISSION_PCT,MANAGER_ID,DEPARTMENT_ID) values (166,'Sundar','Ande','SANDE','011.44.1346.629268',to_date('24-3月 -08','DD-MON-RR'),'SA_REP',6400,0.1,147,80);
Insert into STUDENT.EMPLOYEES (EMPLOYEE_ID,FIRST_NAME,LAST_NAME,EMAIL,PHONE_NUMBER,HIRE_DATE,JOB_ID,SALARY,COMMISSION_PCT,MANAGER_ID,DEPARTMENT_ID) values (167,'Amit','Banda','ABANDA','011.44.1346.729268',to_date('21-4月 -08','DD-MON-RR'),'SA_REP',6200,0.1,147,80);
Insert into STUDENT.EMPLOYEES (EMPLOYEE_ID,FIRST_NAME,LAST_NAME,EMAIL,PHONE_NUMBER,HIRE_DATE,JOB_ID,SALARY,COMMISSION_PCT,MANAGER_ID,DEPARTMENT_ID) values (168,'Lisa','Ozer','LOZER','011.44.1343.929268',to_date('11-3月 -05','DD-MON-RR'),'SA_REP',11500,0.25,148,80);
Insert into STUDENT.EMPLOYEES (EMPLOYEE_ID,FIRST_NAME,LAST_NAME,EMAIL,PHONE_NUMBER,HIRE_DATE,JOB_ID,SALARY,COMMISSION_PCT,MANAGER_ID,DEPARTMENT_ID) values (169,'Harrison','Bloom','HBLOOM','011.44.1343.829268',to_date('23-3月 -06','DD-MON-RR'),'SA_REP',10000,0.2,148,80);
Insert into STUDENT.EMPLOYEES (EMPLOYEE_ID,FIRST_NAME,LAST_NAME,EMAIL,PHONE_NUMBER,HIRE_DATE,JOB_ID,SALARY,COMMISSION_PCT,MANAGER_ID,DEPARTMENT_ID) values (170,'Tayler','Fox','TFOX','011.44.1343.729268',to_date('24-1月 -06','DD-MON-RR'),'SA_REP',9600,0.2,148,80);
Insert into STUDENT.EMPLOYEES (EMPLOYEE_ID,FIRST_NAME,LAST_NAME,EMAIL,PHONE_NUMBER,HIRE_DATE,JOB_ID,SALARY,COMMISSION_PCT,MANAGER_ID,DEPARTMENT_ID) values (171,'William','Smith','WSMITH','011.44.1343.629268',to_date('23-2月 -07','DD-MON-RR'),'SA_REP',7400,0.15,148,80);
Insert into STUDENT.EMPLOYEES (EMPLOYEE_ID,FIRST_NAME,LAST_NAME,EMAIL,PHONE_NUMBER,HIRE_DATE,JOB_ID,SALARY,COMMISSION_PCT,MANAGER_ID,DEPARTMENT_ID) values (172,'Elizabeth','Bates','EBATES','011.44.1343.529268',to_date('24-3月 -07','DD-MON-RR'),'SA_REP',7300,0.15,148,80);
Insert into STUDENT.EMPLOYEES (EMPLOYEE_ID,FIRST_NAME,LAST_NAME,EMAIL,PHONE_NUMBER,HIRE_DATE,JOB_ID,SALARY,COMMISSION_PCT,MANAGER_ID,DEPARTMENT_ID) values (173,'Sundita','Kumar','SKUMAR','011.44.1343.329268',to_date('21-4月 -08','DD-MON-RR'),'SA_REP',6100,0.1,148,80);
Insert into STUDENT.EMPLOYEES (EMPLOYEE_ID,FIRST_NAME,LAST_NAME,EMAIL,PHONE_NUMBER,HIRE_DATE,JOB_ID,SALARY,COMMISSION_PCT,MANAGER_ID,DEPARTMENT_ID) values (174,'Ellen','Abel','EABEL','011.44.1644.429267',to_date('11-5月 -04','DD-MON-RR'),'SA_REP',11000,0.3,149,80);
Insert into STUDENT.EMPLOYEES (EMPLOYEE_ID,FIRST_NAME,LAST_NAME,EMAIL,PHONE_NUMBER,HIRE_DATE,JOB_ID,SALARY,COMMISSION_PCT,MANAGER_ID,DEPARTMENT_ID) values (175,'Alyssa','Hutton','AHUTTON','011.44.1644.429266',to_date('19-3月 -05','DD-MON-RR'),'SA_REP',8800,0.25,149,80);
Insert into STUDENT.EMPLOYEES (EMPLOYEE_ID,FIRST_NAME,LAST_NAME,EMAIL,PHONE_NUMBER,HIRE_DATE,JOB_ID,SALARY,COMMISSION_PCT,MANAGER_ID,DEPARTMENT_ID) values (176,'Jonathon','Taylor','JTAYLOR','011.44.1644.429265',to_date('24-3月 -06','DD-MON-RR'),'SA_REP',8600,0.2,149,80);
Insert into STUDENT.EMPLOYEES (EMPLOYEE_ID,FIRST_NAME,LAST_NAME,EMAIL,PHONE_NUMBER,HIRE_DATE,JOB_ID,SALARY,COMMISSION_PCT,MANAGER_ID,DEPARTMENT_ID) values (177,'Jack','Livingston','JLIVINGS','011.44.1644.429264',to_date('23-4月 -06','DD-MON-RR'),'SA_REP',8400,0.2,149,80);
Insert into STUDENT.EMPLOYEES (EMPLOYEE_ID,FIRST_NAME,LAST_NAME,EMAIL,PHONE_NUMBER,HIRE_DATE,JOB_ID,SALARY,COMMISSION_PCT,MANAGER_ID,DEPARTMENT_ID) values (178,'Kimberely','Grant','KGRANT','011.44.1644.429263',to_date('24-5月 -07','DD-MON-RR'),'SA_REP',7000,0.15,149,null);
Insert into STUDENT.EMPLOYEES (EMPLOYEE_ID,FIRST_NAME,LAST_NAME,EMAIL,PHONE_NUMBER,HIRE_DATE,JOB_ID,SALARY,COMMISSION_PCT,MANAGER_ID,DEPARTMENT_ID) values (179,'Charles','Johnson','CJOHNSON','011.44.1644.429262',to_date('04-1月 -08','DD-MON-RR'),'SA_REP',6200,0.1,149,80);
Insert into STUDENT.EMPLOYEES (EMPLOYEE_ID,FIRST_NAME,LAST_NAME,EMAIL,PHONE_NUMBER,HIRE_DATE,JOB_ID,SALARY,COMMISSION_PCT,MANAGER_ID,DEPARTMENT_ID) values (180,'Winston','Taylor','WTAYLOR','650.507.9876',to_date('24-1月 -06','DD-MON-RR'),'SH_CLERK',3200,null,120,50);
Insert into STUDENT.EMPLOYEES (EMPLOYEE_ID,FIRST_NAME,LAST_NAME,EMAIL,PHONE_NUMBER,HIRE_DATE,JOB_ID,SALARY,COMMISSION_PCT,MANAGER_ID,DEPARTMENT_ID) values (181,'Jean','Fleaur','JFLEAUR','650.507.9877',to_date('23-2月 -06','DD-MON-RR'),'SH_CLERK',3100,null,120,50);
Insert into STUDENT.EMPLOYEES (EMPLOYEE_ID,FIRST_NAME,LAST_NAME,EMAIL,PHONE_NUMBER,HIRE_DATE,JOB_ID,SALARY,COMMISSION_PCT,MANAGER_ID,DEPARTMENT_ID) values (182,'Martha','Sullivan','MSULLIVA','650.507.9878',to_date('21-6月 -07','DD-MON-RR'),'SH_CLERK',2500,null,120,50);
Insert into STUDENT.EMPLOYEES (EMPLOYEE_ID,FIRST_NAME,LAST_NAME,EMAIL,PHONE_NUMBER,HIRE_DATE,JOB_ID,SALARY,COMMISSION_PCT,MANAGER_ID,DEPARTMENT_ID) values (183,'Girard','Geoni','GGEONI','650.507.9879',to_date('03-2月 -08','DD-MON-RR'),'SH_CLERK',2800,null,120,50);
Insert into STUDENT.EMPLOYEES (EMPLOYEE_ID,FIRST_NAME,LAST_NAME,EMAIL,PHONE_NUMBER,HIRE_DATE,JOB_ID,SALARY,COMMISSION_PCT,MANAGER_ID,DEPARTMENT_ID) values (184,'Nandita','Sarchand','NSARCHAN','650.509.1876',to_date('27-1月 -04','DD-MON-RR'),'SH_CLERK',4200,null,121,50);
Insert into STUDENT.EMPLOYEES (EMPLOYEE_ID,FIRST_NAME,LAST_NAME,EMAIL,PHONE_NUMBER,HIRE_DATE,JOB_ID,SALARY,COMMISSION_PCT,MANAGER_ID,DEPARTMENT_ID) values (185,'Alexis','Bull','ABULL','650.509.2876',to_date('20-2月 -05','DD-MON-RR'),'SH_CLERK',4100,null,121,50);
Insert into STUDENT.EMPLOYEES (EMPLOYEE_ID,FIRST_NAME,LAST_NAME,EMAIL,PHONE_NUMBER,HIRE_DATE,JOB_ID,SALARY,COMMISSION_PCT,MANAGER_ID,DEPARTMENT_ID) values (186,'Julia','Dellinger','JDELLING','650.509.3876',to_date('24-6月 -06','DD-MON-RR'),'SH_CLERK',3400,null,121,50);
Insert into STUDENT.EMPLOYEES (EMPLOYEE_ID,FIRST_NAME,LAST_NAME,EMAIL,PHONE_NUMBER,HIRE_DATE,JOB_ID,SALARY,COMMISSION_PCT,MANAGER_ID,DEPARTMENT_ID) values (187,'Anthony','Cabrio','ACABRIO','650.509.4876',to_date('07-2月 -07','DD-MON-RR'),'SH_CLERK',3000,null,121,50);
Insert into STUDENT.EMPLOYEES (EMPLOYEE_ID,FIRST_NAME,LAST_NAME,EMAIL,PHONE_NUMBER,HIRE_DATE,JOB_ID,SALARY,COMMISSION_PCT,MANAGER_ID,DEPARTMENT_ID) values (188,'Kelly','Chung','KCHUNG','650.505.1876',to_date('14-6月 -05','DD-MON-RR'),'SH_CLERK',3800,null,122,50);
Insert into STUDENT.EMPLOYEES (EMPLOYEE_ID,FIRST_NAME,LAST_NAME,EMAIL,PHONE_NUMBER,HIRE_DATE,JOB_ID,SALARY,COMMISSION_PCT,MANAGER_ID,DEPARTMENT_ID) values (189,'Jennifer','Dilly','JDILLY','650.505.2876',to_date('13-8月 -05','DD-MON-RR'),'SH_CLERK',3600,null,122,50);
Insert into STUDENT.EMPLOYEES (EMPLOYEE_ID,FIRST_NAME,LAST_NAME,EMAIL,PHONE_NUMBER,HIRE_DATE,JOB_ID,SALARY,COMMISSION_PCT,MANAGER_ID,DEPARTMENT_ID) values (190,'Timothy','Gates','TGATES','650.505.3876',to_date('11-7月 -06','DD-MON-RR'),'SH_CLERK',2900,null,122,50);
Insert into STUDENT.EMPLOYEES (EMPLOYEE_ID,FIRST_NAME,LAST_NAME,EMAIL,PHONE_NUMBER,HIRE_DATE,JOB_ID,SALARY,COMMISSION_PCT,MANAGER_ID,DEPARTMENT_ID) values (191,'Randall','Perkins','RPERKINS','650.505.4876',to_date('19-12月-07','DD-MON-RR'),'SH_CLERK',2500,null,122,50);
Insert into STUDENT.EMPLOYEES (EMPLOYEE_ID,FIRST_NAME,LAST_NAME,EMAIL,PHONE_NUMBER,HIRE_DATE,JOB_ID,SALARY,COMMISSION_PCT,MANAGER_ID,DEPARTMENT_ID) values (192,'Sarah','Bell','SBELL','650.501.1876',to_date('04-2月 -04','DD-MON-RR'),'SH_CLERK',4000,null,123,50);
Insert into STUDENT.EMPLOYEES (EMPLOYEE_ID,FIRST_NAME,LAST_NAME,EMAIL,PHONE_NUMBER,HIRE_DATE,JOB_ID,SALARY,COMMISSION_PCT,MANAGER_ID,DEPARTMENT_ID) values (193,'Britney','Everett','BEVERETT','650.501.2876',to_date('03-3月 -05','DD-MON-RR'),'SH_CLERK',3900,null,123,50);
Insert into STUDENT.EMPLOYEES (EMPLOYEE_ID,FIRST_NAME,LAST_NAME,EMAIL,PHONE_NUMBER,HIRE_DATE,JOB_ID,SALARY,COMMISSION_PCT,MANAGER_ID,DEPARTMENT_ID) values (194,'Samuel','McCain','SMCCAIN','650.501.3876',to_date('01-7月 -06','DD-MON-RR'),'SH_CLERK',3200,null,123,50);
Insert into STUDENT.EMPLOYEES (EMPLOYEE_ID,FIRST_NAME,LAST_NAME,EMAIL,PHONE_NUMBER,HIRE_DATE,JOB_ID,SALARY,COMMISSION_PCT,MANAGER_ID,DEPARTMENT_ID) values (195,'Vance','Jones','VJONES','650.501.4876',to_date('17-3月 -07','DD-MON-RR'),'SH_CLERK',2800,null,123,50);
Insert into STUDENT.EMPLOYEES (EMPLOYEE_ID,FIRST_NAME,LAST_NAME,EMAIL,PHONE_NUMBER,HIRE_DATE,JOB_ID,SALARY,COMMISSION_PCT,MANAGER_ID,DEPARTMENT_ID) values (196,'Alana','Walsh','AWALSH','650.507.9811',to_date('24-4月 -06','DD-MON-RR'),'SH_CLERK',3100,null,124,50);
Insert into STUDENT.EMPLOYEES (EMPLOYEE_ID,FIRST_NAME,LAST_NAME,EMAIL,PHONE_NUMBER,HIRE_DATE,JOB_ID,SALARY,COMMISSION_PCT,MANAGER_ID,DEPARTMENT_ID) values (197,'Kevin','Feeney','KFEENEY','650.507.9822',to_date('23-5月 -06','DD-MON-RR'),'SH_CLERK',3000,null,124,50);
Insert into STUDENT.EMPLOYEES (EMPLOYEE_ID,FIRST_NAME,LAST_NAME,EMAIL,PHONE_NUMBER,HIRE_DATE,JOB_ID,SALARY,COMMISSION_PCT,MANAGER_ID,DEPARTMENT_ID) values (198,'Donald','OConnell','DOCONNEL','650.507.9833',to_date('21-6月 -07','DD-MON-RR'),'SH_CLERK',2600,null,124,50);
Insert into STUDENT.EMPLOYEES (EMPLOYEE_ID,FIRST_NAME,LAST_NAME,EMAIL,PHONE_NUMBER,HIRE_DATE,JOB_ID,SALARY,COMMISSION_PCT,MANAGER_ID,DEPARTMENT_ID) values (199,'Douglas','Grant','DGRANT','650.507.9844',to_date('13-1月 -08','DD-MON-RR'),'SH_CLERK',2600,null,124,50);
Insert into STUDENT.EMPLOYEES (EMPLOYEE_ID,FIRST_NAME,LAST_NAME,EMAIL,PHONE_NUMBER,HIRE_DATE,JOB_ID,SALARY,COMMISSION_PCT,MANAGER_ID,DEPARTMENT_ID) values (200,'Jennifer','Whalen','JWHALEN','515.123.4444',to_date('17-9月 -03','DD-MON-RR'),'AD_ASST',4400,null,101,10);
Insert into STUDENT.EMPLOYEES (EMPLOYEE_ID,FIRST_NAME,LAST_NAME,EMAIL,PHONE_NUMBER,HIRE_DATE,JOB_ID,SALARY,COMMISSION_PCT,MANAGER_ID,DEPARTMENT_ID) values (201,'Michael','Hartstein','MHARTSTE','515.123.5555',to_date('17-2月 -04','DD-MON-RR'),'MK_MAN',13000,null,100,20);
Insert into STUDENT.EMPLOYEES (EMPLOYEE_ID,FIRST_NAME,LAST_NAME,EMAIL,PHONE_NUMBER,HIRE_DATE,JOB_ID,SALARY,COMMISSION_PCT,MANAGER_ID,DEPARTMENT_ID) values (202,'Pat','Fay','PFAY','603.123.6666',to_date('17-8月 -05','DD-MON-RR'),'MK_REP',6000,null,201,20);
Insert into STUDENT.EMPLOYEES (EMPLOYEE_ID,FIRST_NAME,LAST_NAME,EMAIL,PHONE_NUMBER,HIRE_DATE,JOB_ID,SALARY,COMMISSION_PCT,MANAGER_ID,DEPARTMENT_ID) values (204,'Hermann','Baer','HBAER','515.123.8888',to_date('07-6月 -02','DD-MON-RR'),'PR_REP',10000,null,101,70);
Insert into STUDENT.EMPLOYEES (EMPLOYEE_ID,FIRST_NAME,LAST_NAME,EMAIL,PHONE_NUMBER,HIRE_DATE,JOB_ID,SALARY,COMMISSION_PCT,MANAGER_ID,DEPARTMENT_ID) values (205,'Shelley','Higgins','SHIGGINS','515.123.8080',to_date('07-6月 -02','DD-MON-RR'),'AC_MGR',12008,null,101,110);
Insert into STUDENT.EMPLOYEES (EMPLOYEE_ID,FIRST_NAME,LAST_NAME,EMAIL,PHONE_NUMBER,HIRE_DATE,JOB_ID,SALARY,COMMISSION_PCT,MANAGER_ID,DEPARTMENT_ID) values (206,'William','Gietz','WGIETZ','515.123.8181',to_date('07-6月 -02','DD-MON-RR'),'AC_ACCOUNT',8300,null,205,110);
REM INSERTING into STUDENT.EX_BINGO
SET DEFINE OFF;
Insert into STUDENT.EX_BINGO (WINNING_NUMBERS) values ('1,26,43,21,8,25,14,2,41,33,16,20,12,39,48');
Insert into STUDENT.EX_BINGO (WINNING_NUMBERS) values ('1,50,5,10,12,14,6,7,34,39,16,28,17,36,18');
Insert into STUDENT.EX_BINGO (WINNING_NUMBERS) values ('10,15,48,1,17,37,20,32,49,11,39,21,42,35,31');
Insert into STUDENT.EX_BINGO (WINNING_NUMBERS) values ('10,36,11,27,7,41,4,12,31,33,8,17,49,21,30');
Insert into STUDENT.EX_BINGO (WINNING_NUMBERS) values ('11,19,36,2,8,29,35,37,45,14,12,33,49,9,20');
Insert into STUDENT.EX_BINGO (WINNING_NUMBERS) values ('11,46,16,19,35,39,13,22,24,47,2,32,48,17,5');
Insert into STUDENT.EX_BINGO (WINNING_NUMBERS) values ('12,27,28,5,41,13,43,29,26,19,46,8,17,18,48');
Insert into STUDENT.EX_BINGO (WINNING_NUMBERS) values ('12,27,33,22,11,5,24,18,29,35,44,14,32,13,34');
Insert into STUDENT.EX_BINGO (WINNING_NUMBERS) values ('14,23,30,42,37,22,4,19,47,38,50,40,46,15,3');
Insert into STUDENT.EX_BINGO (WINNING_NUMBERS) values ('14,36,26,25,12,3,29,34,41,23,30,27,19,6,24');
Insert into STUDENT.EX_BINGO (WINNING_NUMBERS) values ('14,37,40,34,11,18,19,20,28,38,10,26,36,32,44');
Insert into STUDENT.EX_BINGO (WINNING_NUMBERS) values ('14,43,29,7,45,15,31,35,13,10,38,23,4,19,48');
Insert into STUDENT.EX_BINGO (WINNING_NUMBERS) values ('15,18,22,25,6,26,5,40,20,31,34,16,42,9,8');
Insert into STUDENT.EX_BINGO (WINNING_NUMBERS) values ('15,23,50,8,5,46,12,38,13,47,33,4,27,35,39');
Insert into STUDENT.EX_BINGO (WINNING_NUMBERS) values ('15,34,44,38,24,16,6,7,32,9,31,39,43,8,42');
Insert into STUDENT.EX_BINGO (WINNING_NUMBERS) values ('16,1,5,39,42,6,37,35,29,23,50,24,27,22,2');
Insert into STUDENT.EX_BINGO (WINNING_NUMBERS) values ('16,11,25,35,26,27,39,2,48,36,18,45,31,38,3');
Insert into STUDENT.EX_BINGO (WINNING_NUMBERS) values ('16,11,31,47,45,20,32,48,1,38,19,40,23,17,30');
Insert into STUDENT.EX_BINGO (WINNING_NUMBERS) values ('16,11,50,6,15,18,23,25,36,43,38,33,47,3,37');
Insert into STUDENT.EX_BINGO (WINNING_NUMBERS) values ('16,31,3,42,45,43,1,13,8,22,50,33,7,25,49');
Insert into STUDENT.EX_BINGO (WINNING_NUMBERS) values ('16,36,47,22,35,2,18,32,11,19,50,29,6,7,14');
Insert into STUDENT.EX_BINGO (WINNING_NUMBERS) values ('16,46,42,27,30,33,44,40,25,3,47,37,9,13,21');
Insert into STUDENT.EX_BINGO (WINNING_NUMBERS) values ('17,44,15,36,19,20,43,28,16,3,29,18,2,27,35');
Insert into STUDENT.EX_BINGO (WINNING_NUMBERS) values ('17,8,25,21,50,33,41,19,46,22,9,13,24,45,5');
Insert into STUDENT.EX_BINGO (WINNING_NUMBERS) values ('18,20,29,13,12,30,42,3,47,49,6,48,33,25,4');
Insert into STUDENT.EX_BINGO (WINNING_NUMBERS) values ('18,6,12,4,49,40,34,28,25,3,23,21,37,29,1');
Insert into STUDENT.EX_BINGO (WINNING_NUMBERS) values ('19,21,23,22,14,8,9,24,15,6,2,32,41,48,27');
Insert into STUDENT.EX_BINGO (WINNING_NUMBERS) values ('19,29,41,21,23,14,33,50,20,47,10,43,40,49,12');
Insert into STUDENT.EX_BINGO (WINNING_NUMBERS) values ('2,41,40,13,8,35,27,44,21,48,32,16,43,33,29');
Insert into STUDENT.EX_BINGO (WINNING_NUMBERS) values ('20,36,1,48,8,14,27,41,35,12,47,42,24,33,4');
Insert into STUDENT.EX_BINGO (WINNING_NUMBERS) values ('21,1,8,9,44,16,23,32,42,3,4,7,30,49,40');
Insert into STUDENT.EX_BINGO (WINNING_NUMBERS) values ('21,32,39,47,3,2,16,50,23,49,35,40,15,45,37');
Insert into STUDENT.EX_BINGO (WINNING_NUMBERS) values ('22,10,19,9,50,16,24,14,37,8,40,35,46,36,15');
Insert into STUDENT.EX_BINGO (WINNING_NUMBERS) values ('24,49,13,39,38,10,41,26,25,12,21,31,14,22,7');
Insert into STUDENT.EX_BINGO (WINNING_NUMBERS) values ('25,1,15,17,9,39,12,40,38,13,45,7,50,35,11');
Insert into STUDENT.EX_BINGO (WINNING_NUMBERS) values ('25,15,18,50,2,13,3,5,21,28,39,14,24,27,22');
Insert into STUDENT.EX_BINGO (WINNING_NUMBERS) values ('25,3,13,19,30,4,18,23,28,27,17,47,45,2,36');
Insert into STUDENT.EX_BINGO (WINNING_NUMBERS) values ('25,38,50,3,19,37,44,28,35,26,43,9,29,45,39');
Insert into STUDENT.EX_BINGO (WINNING_NUMBERS) values ('25,44,10,36,38,22,34,6,42,14,31,11,9,4,33');
Insert into STUDENT.EX_BINGO (WINNING_NUMBERS) values ('26,17,2,7,1,23,34,11,28,31,32,27,39,21,38');
Insert into STUDENT.EX_BINGO (WINNING_NUMBERS) values ('26,21,48,10,8,38,46,39,33,1,41,49,4,5,45');
Insert into STUDENT.EX_BINGO (WINNING_NUMBERS) values ('26,32,24,7,35,4,39,46,48,31,30,29,13,45,2');
Insert into STUDENT.EX_BINGO (WINNING_NUMBERS) values ('26,50,11,46,1,4,25,42,22,19,37,39,24,28,30');
Insert into STUDENT.EX_BINGO (WINNING_NUMBERS) values ('27,46,15,35,48,9,4,5,23,47,12,30,6,2,29');
Insert into STUDENT.EX_BINGO (WINNING_NUMBERS) values ('28,10,17,41,29,20,3,21,32,45,2,14,49,7,18');
Insert into STUDENT.EX_BINGO (WINNING_NUMBERS) values ('28,9,32,17,27,15,11,5,50,18,13,10,35,40,34');
Insert into STUDENT.EX_BINGO (WINNING_NUMBERS) values ('29,22,26,16,5,25,32,8,38,49,12,33,18,1,28');
Insert into STUDENT.EX_BINGO (WINNING_NUMBERS) values ('3,20,12,34,9,15,10,7,5,6,14,18,47,49,38');
Insert into STUDENT.EX_BINGO (WINNING_NUMBERS) values ('3,23,41,11,17,24,43,7,15,36,10,35,21,13,4');
Insert into STUDENT.EX_BINGO (WINNING_NUMBERS) values ('3,28,5,17,50,20,42,12,11,46,8,37,44,26,27');
Insert into STUDENT.EX_BINGO (WINNING_NUMBERS) values ('3,47,35,44,4,36,11,23,2,15,27,42,7,10,48');
Insert into STUDENT.EX_BINGO (WINNING_NUMBERS) values ('30,25,31,36,50,40,37,41,47,10,15,22,42,23,18');
Insert into STUDENT.EX_BINGO (WINNING_NUMBERS) values ('30,28,40,31,12,14,20,18,38,32,6,39,29,1,49');
Insert into STUDENT.EX_BINGO (WINNING_NUMBERS) values ('30,42,17,40,15,34,28,37,43,12,24,31,9,23,27');
Insert into STUDENT.EX_BINGO (WINNING_NUMBERS) values ('30,48,15,40,46,18,31,34,3,47,7,32,21,28,23');
Insert into STUDENT.EX_BINGO (WINNING_NUMBERS) values ('32,33,5,43,10,30,20,3,48,47,41,24,22,16,14');
Insert into STUDENT.EX_BINGO (WINNING_NUMBERS) values ('32,42,24,37,9,30,5,4,44,17,34,13,46,7,22');
Insert into STUDENT.EX_BINGO (WINNING_NUMBERS) values ('32,48,49,13,33,43,28,10,15,25,34,4,26,12,21');
Insert into STUDENT.EX_BINGO (WINNING_NUMBERS) values ('33,14,46,2,38,30,45,34,26,4,44,13,20,1,47');
Insert into STUDENT.EX_BINGO (WINNING_NUMBERS) values ('33,2,48,21,44,3,9,27,12,49,43,17,24,1,28');
Insert into STUDENT.EX_BINGO (WINNING_NUMBERS) values ('33,30,11,39,45,21,19,28,29,7,10,46,2,12,4');
Insert into STUDENT.EX_BINGO (WINNING_NUMBERS) values ('33,6,9,46,36,34,10,7,26,29,4,43,41,35,49');
Insert into STUDENT.EX_BINGO (WINNING_NUMBERS) values ('34,11,6,24,40,44,36,42,22,31,30,26,48,43,16');
Insert into STUDENT.EX_BINGO (WINNING_NUMBERS) values ('34,30,21,24,9,40,39,47,22,41,49,16,32,36,2');
Insert into STUDENT.EX_BINGO (WINNING_NUMBERS) values ('34,41,30,24,6,14,47,39,3,18,32,36,12,19,7');
Insert into STUDENT.EX_BINGO (WINNING_NUMBERS) values ('35,3,31,9,13,24,19,43,20,40,42,8,47,30,32');
Insert into STUDENT.EX_BINGO (WINNING_NUMBERS) values ('35,46,29,26,4,7,32,20,45,6,39,16,38,11,13');
Insert into STUDENT.EX_BINGO (WINNING_NUMBERS) values ('36,1,19,37,39,2,28,43,15,31,42,48,41,40,9');
Insert into STUDENT.EX_BINGO (WINNING_NUMBERS) values ('36,20,14,10,39,38,18,11,42,47,29,22,49,8,35');
Insert into STUDENT.EX_BINGO (WINNING_NUMBERS) values ('36,24,21,29,28,34,45,10,17,12,16,2,32,27,5');
Insert into STUDENT.EX_BINGO (WINNING_NUMBERS) values ('37,30,17,26,12,42,35,16,29,1,10,40,20,38,11');
Insert into STUDENT.EX_BINGO (WINNING_NUMBERS) values ('37,35,40,41,11,22,29,10,21,48,33,49,1,46,26');
Insert into STUDENT.EX_BINGO (WINNING_NUMBERS) values ('38,5,30,42,34,28,45,47,40,33,4,37,25,18,20');
Insert into STUDENT.EX_BINGO (WINNING_NUMBERS) values ('40,8,46,45,47,18,5,9,16,2,33,50,13,44,22');
Insert into STUDENT.EX_BINGO (WINNING_NUMBERS) values ('41,19,2,50,31,25,9,37,6,3,45,32,30,4,24');
Insert into STUDENT.EX_BINGO (WINNING_NUMBERS) values ('41,40,9,44,28,34,12,22,1,17,21,10,14,42,5');
Insert into STUDENT.EX_BINGO (WINNING_NUMBERS) values ('42,19,31,49,3,24,47,45,30,36,22,38,4,37,29');
Insert into STUDENT.EX_BINGO (WINNING_NUMBERS) values ('42,34,37,50,1,11,23,6,48,5,40,8,46,4,30');
Insert into STUDENT.EX_BINGO (WINNING_NUMBERS) values ('42,44,22,5,25,39,41,10,24,16,17,50,13,26,4');
Insert into STUDENT.EX_BINGO (WINNING_NUMBERS) values ('43,11,29,19,28,22,32,24,26,10,1,23,14,45,4');
Insert into STUDENT.EX_BINGO (WINNING_NUMBERS) values ('43,15,17,28,40,34,5,48,44,33,26,21,13,27,1');
Insert into STUDENT.EX_BINGO (WINNING_NUMBERS) values ('43,20,28,44,27,38,15,2,42,29,26,1,16,22,46');
Insert into STUDENT.EX_BINGO (WINNING_NUMBERS) values ('43,24,49,44,17,3,32,50,37,13,47,38,36,27,14');
Insert into STUDENT.EX_BINGO (WINNING_NUMBERS) values ('44,30,20,15,45,42,26,33,41,9,14,7,27,50,8');
Insert into STUDENT.EX_BINGO (WINNING_NUMBERS) values ('44,31,50,39,42,6,46,30,27,20,45,47,2,9,48');
Insert into STUDENT.EX_BINGO (WINNING_NUMBERS) values ('45,34,29,26,37,50,38,19,27,36,2,20,35,31,15');
Insert into STUDENT.EX_BINGO (WINNING_NUMBERS) values ('46,36,44,10,49,35,29,31,7,43,1,26,16,13,12');
Insert into STUDENT.EX_BINGO (WINNING_NUMBERS) values ('46,48,44,38,21,37,33,25,27,45,2,49,29,41,15');
Insert into STUDENT.EX_BINGO (WINNING_NUMBERS) values ('46,49,36,19,27,34,6,44,2,8,18,4,26,23,21');
Insert into STUDENT.EX_BINGO (WINNING_NUMBERS) values ('47,14,27,23,8,19,6,33,28,21,34,4,18,5,13');
Insert into STUDENT.EX_BINGO (WINNING_NUMBERS) values ('47,40,22,42,18,24,20,2,23,32,16,1,15,6,34');
Insert into STUDENT.EX_BINGO (WINNING_NUMBERS) values ('48,49,12,40,35,10,24,11,15,6,9,25,18,5,22');
Insert into STUDENT.EX_BINGO (WINNING_NUMBERS) values ('49,39,44,7,45,32,25,22,36,3,50,15,31,46,2');
Insert into STUDENT.EX_BINGO (WINNING_NUMBERS) values ('49,40,37,35,33,13,9,31,10,25,48,50,45,4,23');
Insert into STUDENT.EX_BINGO (WINNING_NUMBERS) values ('5,39,33,17,13,41,14,11,28,47,22,18,6,10,24');
Insert into STUDENT.EX_BINGO (WINNING_NUMBERS) values ('50,31,29,19,3,7,27,36,32,28,43,37,39,17,23');
Insert into STUDENT.EX_BINGO (WINNING_NUMBERS) values ('6,20,23,38,21,4,47,8,30,7,17,25,26,45,16');
Insert into STUDENT.EX_BINGO (WINNING_NUMBERS) values ('6,20,41,8,48,38,31,15,5,2,12,17,18,39,36');
Insert into STUDENT.EX_BINGO (WINNING_NUMBERS) values ('6,8,20,41,33,9,18,13,11,39,43,25,44,48,26');
Insert into STUDENT.EX_BINGO (WINNING_NUMBERS) values ('8,36,44,40,17,45,30,46,18,9,3,14,47,7,20');
REM INSERTING into STUDENT.EX_CITY_MAP
SET DEFINE OFF;
Insert into STUDENT.EX_CITY_MAP (CITY_CODE,VALUE,CITY_NAME) values ('A',10,'臺北市');
Insert into STUDENT.EX_CITY_MAP (CITY_CODE,VALUE,CITY_NAME) values ('B',11,'臺中市');
Insert into STUDENT.EX_CITY_MAP (CITY_CODE,VALUE,CITY_NAME) values ('C',12,'基隆市');
Insert into STUDENT.EX_CITY_MAP (CITY_CODE,VALUE,CITY_NAME) values ('D',13,'臺南市');
Insert into STUDENT.EX_CITY_MAP (CITY_CODE,VALUE,CITY_NAME) values ('E',14,'高雄市');
Insert into STUDENT.EX_CITY_MAP (CITY_CODE,VALUE,CITY_NAME) values ('F',15,'新北市');
Insert into STUDENT.EX_CITY_MAP (CITY_CODE,VALUE,CITY_NAME) values ('G',16,'宜蘭縣');
Insert into STUDENT.EX_CITY_MAP (CITY_CODE,VALUE,CITY_NAME) values ('H',17,'桃園縣');
Insert into STUDENT.EX_CITY_MAP (CITY_CODE,VALUE,CITY_NAME) values ('I',18,'嘉義市');
Insert into STUDENT.EX_CITY_MAP (CITY_CODE,VALUE,CITY_NAME) values ('J',19,'新竹縣');
Insert into STUDENT.EX_CITY_MAP (CITY_CODE,VALUE,CITY_NAME) values ('K',20,'苗栗縣');
Insert into STUDENT.EX_CITY_MAP (CITY_CODE,VALUE,CITY_NAME) values ('L',21,'臺中縣');
Insert into STUDENT.EX_CITY_MAP (CITY_CODE,VALUE,CITY_NAME) values ('M',22,'南投縣');
Insert into STUDENT.EX_CITY_MAP (CITY_CODE,VALUE,CITY_NAME) values ('N',23,'彰化縣');
Insert into STUDENT.EX_CITY_MAP (CITY_CODE,VALUE,CITY_NAME) values ('O',24,'新竹市');
Insert into STUDENT.EX_CITY_MAP (CITY_CODE,VALUE,CITY_NAME) values ('P',25,'雲林縣');
Insert into STUDENT.EX_CITY_MAP (CITY_CODE,VALUE,CITY_NAME) values ('Q',26,'嘉義縣');
Insert into STUDENT.EX_CITY_MAP (CITY_CODE,VALUE,CITY_NAME) values ('R',27,'臺南縣');
Insert into STUDENT.EX_CITY_MAP (CITY_CODE,VALUE,CITY_NAME) values ('S',28,'高雄縣');
Insert into STUDENT.EX_CITY_MAP (CITY_CODE,VALUE,CITY_NAME) values ('T',29,'屏東縣');
Insert into STUDENT.EX_CITY_MAP (CITY_CODE,VALUE,CITY_NAME) values ('U',30,'花蓮縣');
Insert into STUDENT.EX_CITY_MAP (CITY_CODE,VALUE,CITY_NAME) values ('V',31,'臺東縣');
Insert into STUDENT.EX_CITY_MAP (CITY_CODE,VALUE,CITY_NAME) values ('W',32,'金門縣');
Insert into STUDENT.EX_CITY_MAP (CITY_CODE,VALUE,CITY_NAME) values ('X',33,'澎湖縣');
Insert into STUDENT.EX_CITY_MAP (CITY_CODE,VALUE,CITY_NAME) values ('Y',34,'陽明山');
Insert into STUDENT.EX_CITY_MAP (CITY_CODE,VALUE,CITY_NAME) values ('Z',35,'連江縣');
REM INSERTING into STUDENT.EX_METRO
SET DEFINE OFF;
Insert into STUDENT.EX_METRO (ROUTE,STATION_ORDER,STATION,TRANSFER) values ('文湖線',1,'動物園',null);
Insert into STUDENT.EX_METRO (ROUTE,STATION_ORDER,STATION,TRANSFER) values ('文湖線',2,'木柵',null);
Insert into STUDENT.EX_METRO (ROUTE,STATION_ORDER,STATION,TRANSFER) values ('文湖線',3,'萬芳社區',null);
Insert into STUDENT.EX_METRO (ROUTE,STATION_ORDER,STATION,TRANSFER) values ('文湖線',4,'萬芳醫院',null);
Insert into STUDENT.EX_METRO (ROUTE,STATION_ORDER,STATION,TRANSFER) values ('文湖線',5,'辛亥',null);
Insert into STUDENT.EX_METRO (ROUTE,STATION_ORDER,STATION,TRANSFER) values ('文湖線',6,'麟光',null);
Insert into STUDENT.EX_METRO (ROUTE,STATION_ORDER,STATION,TRANSFER) values ('文湖線',7,'六張犁',null);
Insert into STUDENT.EX_METRO (ROUTE,STATION_ORDER,STATION,TRANSFER) values ('文湖線',8,'科技大樓',null);
Insert into STUDENT.EX_METRO (ROUTE,STATION_ORDER,STATION,TRANSFER) values ('文湖線',9,'大安',null);
Insert into STUDENT.EX_METRO (ROUTE,STATION_ORDER,STATION,TRANSFER) values ('文湖線',10,'忠孝復興',null);
Insert into STUDENT.EX_METRO (ROUTE,STATION_ORDER,STATION,TRANSFER) values ('文湖線',11,'南京復興','松山新店線');
Insert into STUDENT.EX_METRO (ROUTE,STATION_ORDER,STATION,TRANSFER) values ('文湖線',12,'中山國中',null);
Insert into STUDENT.EX_METRO (ROUTE,STATION_ORDER,STATION,TRANSFER) values ('文湖線',13,'松山機場',null);
Insert into STUDENT.EX_METRO (ROUTE,STATION_ORDER,STATION,TRANSFER) values ('文湖線',14,'大直',null);
Insert into STUDENT.EX_METRO (ROUTE,STATION_ORDER,STATION,TRANSFER) values ('文湖線',15,'劍南路',null);
Insert into STUDENT.EX_METRO (ROUTE,STATION_ORDER,STATION,TRANSFER) values ('文湖線',16,'西湖',null);
Insert into STUDENT.EX_METRO (ROUTE,STATION_ORDER,STATION,TRANSFER) values ('文湖線',17,'港墘',null);
Insert into STUDENT.EX_METRO (ROUTE,STATION_ORDER,STATION,TRANSFER) values ('文湖線',18,'文德',null);
Insert into STUDENT.EX_METRO (ROUTE,STATION_ORDER,STATION,TRANSFER) values ('文湖線',19,'內湖',null);
Insert into STUDENT.EX_METRO (ROUTE,STATION_ORDER,STATION,TRANSFER) values ('文湖線',20,'大湖公園',null);
Insert into STUDENT.EX_METRO (ROUTE,STATION_ORDER,STATION,TRANSFER) values ('文湖線',21,'葫洲',null);
Insert into STUDENT.EX_METRO (ROUTE,STATION_ORDER,STATION,TRANSFER) values ('文湖線',22,'東湖',null);
Insert into STUDENT.EX_METRO (ROUTE,STATION_ORDER,STATION,TRANSFER) values ('文湖線',23,'南港軟體園區',null);
Insert into STUDENT.EX_METRO (ROUTE,STATION_ORDER,STATION,TRANSFER) values ('文湖線',24,'南港展覽館',null);
Insert into STUDENT.EX_METRO (ROUTE,STATION_ORDER,STATION,TRANSFER) values ('松山新店線',1,'新店',null);
Insert into STUDENT.EX_METRO (ROUTE,STATION_ORDER,STATION,TRANSFER) values ('松山新店線',2,'新店區公所',null);
Insert into STUDENT.EX_METRO (ROUTE,STATION_ORDER,STATION,TRANSFER) values ('松山新店線',3,'七張',null);
Insert into STUDENT.EX_METRO (ROUTE,STATION_ORDER,STATION,TRANSFER) values ('松山新店線',4,'大坪林','環狀線');
Insert into STUDENT.EX_METRO (ROUTE,STATION_ORDER,STATION,TRANSFER) values ('松山新店線',5,'景美',null);
Insert into STUDENT.EX_METRO (ROUTE,STATION_ORDER,STATION,TRANSFER) values ('松山新店線',6,'萬隆',null);
Insert into STUDENT.EX_METRO (ROUTE,STATION_ORDER,STATION,TRANSFER) values ('松山新店線',7,'公館',null);
Insert into STUDENT.EX_METRO (ROUTE,STATION_ORDER,STATION,TRANSFER) values ('松山新店線',8,'台電大樓',null);
Insert into STUDENT.EX_METRO (ROUTE,STATION_ORDER,STATION,TRANSFER) values ('松山新店線',9,'古亭',null);
Insert into STUDENT.EX_METRO (ROUTE,STATION_ORDER,STATION,TRANSFER) values ('松山新店線',10,'中正紀念堂',null);
Insert into STUDENT.EX_METRO (ROUTE,STATION_ORDER,STATION,TRANSFER) values ('松山新店線',11,'小南門',null);
Insert into STUDENT.EX_METRO (ROUTE,STATION_ORDER,STATION,TRANSFER) values ('松山新店線',12,'西門',null);
Insert into STUDENT.EX_METRO (ROUTE,STATION_ORDER,STATION,TRANSFER) values ('松山新店線',13,'北門',null);
Insert into STUDENT.EX_METRO (ROUTE,STATION_ORDER,STATION,TRANSFER) values ('松山新店線',14,'中山',null);
Insert into STUDENT.EX_METRO (ROUTE,STATION_ORDER,STATION,TRANSFER) values ('松山新店線',15,'松江南京',null);
Insert into STUDENT.EX_METRO (ROUTE,STATION_ORDER,STATION,TRANSFER) values ('松山新店線',16,'南京復興','文湖線');
Insert into STUDENT.EX_METRO (ROUTE,STATION_ORDER,STATION,TRANSFER) values ('松山新店線',17,'台北小巨蛋',null);
Insert into STUDENT.EX_METRO (ROUTE,STATION_ORDER,STATION,TRANSFER) values ('松山新店線',18,'南京三民',null);
Insert into STUDENT.EX_METRO (ROUTE,STATION_ORDER,STATION,TRANSFER) values ('松山新店線',19,'松山',null);
Insert into STUDENT.EX_METRO (ROUTE,STATION_ORDER,STATION,TRANSFER) values ('環狀線',1,'大坪林','松山新店線');
Insert into STUDENT.EX_METRO (ROUTE,STATION_ORDER,STATION,TRANSFER) values ('環狀線',2,'十四張',null);
Insert into STUDENT.EX_METRO (ROUTE,STATION_ORDER,STATION,TRANSFER) values ('環狀線',3,'秀朗橋',null);
Insert into STUDENT.EX_METRO (ROUTE,STATION_ORDER,STATION,TRANSFER) values ('環狀線',4,'景平',null);
Insert into STUDENT.EX_METRO (ROUTE,STATION_ORDER,STATION,TRANSFER) values ('環狀線',5,'景安',null);
Insert into STUDENT.EX_METRO (ROUTE,STATION_ORDER,STATION,TRANSFER) values ('環狀線',6,'中和',null);
Insert into STUDENT.EX_METRO (ROUTE,STATION_ORDER,STATION,TRANSFER) values ('環狀線',7,'橋和',null);
Insert into STUDENT.EX_METRO (ROUTE,STATION_ORDER,STATION,TRANSFER) values ('環狀線',8,'中原',null);
Insert into STUDENT.EX_METRO (ROUTE,STATION_ORDER,STATION,TRANSFER) values ('環狀線',9,'板新',null);
Insert into STUDENT.EX_METRO (ROUTE,STATION_ORDER,STATION,TRANSFER) values ('環狀線',10,'板橋',null);
Insert into STUDENT.EX_METRO (ROUTE,STATION_ORDER,STATION,TRANSFER) values ('環狀線',11,'新埔民生',null);
Insert into STUDENT.EX_METRO (ROUTE,STATION_ORDER,STATION,TRANSFER) values ('環狀線',12,'頭前庄',null);
Insert into STUDENT.EX_METRO (ROUTE,STATION_ORDER,STATION,TRANSFER) values ('環狀線',13,'幸福',null);
Insert into STUDENT.EX_METRO (ROUTE,STATION_ORDER,STATION,TRANSFER) values ('環狀線',14,'新北產業園區',null);
REM INSERTING into STUDENT.EX_POKER_SUIT
SET DEFINE OFF;
Insert into STUDENT.EX_POKER_SUIT (CODE,NAME,VALUE) values ('Spades','黑桃',6);
Insert into STUDENT.EX_POKER_SUIT (CODE,NAME,VALUE) values ('Hearts','紅心',5);
Insert into STUDENT.EX_POKER_SUIT (CODE,NAME,VALUE) values ('Diamonds','方塊',3);
Insert into STUDENT.EX_POKER_SUIT (CODE,NAME,VALUE) values ('Clubs','梅花',2);
REM INSERTING into STUDENT.EX_WORDLE
SET DEFINE OFF;
Insert into STUDENT.EX_WORDLE (VOCAB) values ('ALBUM');
Insert into STUDENT.EX_WORDLE (VOCAB) values ('ALONE');
Insert into STUDENT.EX_WORDLE (VOCAB) values ('ARGUE');
Insert into STUDENT.EX_WORDLE (VOCAB) values ('AUDIT');
Insert into STUDENT.EX_WORDLE (VOCAB) values ('AWAKE');
Insert into STUDENT.EX_WORDLE (VOCAB) values ('BASIC');
Insert into STUDENT.EX_WORDLE (VOCAB) values ('BENCH');
Insert into STUDENT.EX_WORDLE (VOCAB) values ('CRAZY');
Insert into STUDENT.EX_WORDLE (VOCAB) values ('CREAK');
Insert into STUDENT.EX_WORDLE (VOCAB) values ('DEPTH');
Insert into STUDENT.EX_WORDLE (VOCAB) values ('FIRST');
Insert into STUDENT.EX_WORDLE (VOCAB) values ('FOCAL');
Insert into STUDENT.EX_WORDLE (VOCAB) values ('FRESH');
Insert into STUDENT.EX_WORDLE (VOCAB) values ('FRONT');
Insert into STUDENT.EX_WORDLE (VOCAB) values ('GRADE');
Insert into STUDENT.EX_WORDLE (VOCAB) values ('LABOR');
Insert into STUDENT.EX_WORDLE (VOCAB) values ('MAJOR');
Insert into STUDENT.EX_WORDLE (VOCAB) values ('MANOR');
Insert into STUDENT.EX_WORDLE (VOCAB) values ('MODEL');
Insert into STUDENT.EX_WORDLE (VOCAB) values ('MONEY');
Insert into STUDENT.EX_WORDLE (VOCAB) values ('PANEL');
Insert into STUDENT.EX_WORDLE (VOCAB) values ('PHASE');
Insert into STUDENT.EX_WORDLE (VOCAB) values ('PRIDE');
Insert into STUDENT.EX_WORDLE (VOCAB) values ('PRINT');
Insert into STUDENT.EX_WORDLE (VOCAB) values ('QUIET');
Insert into STUDENT.EX_WORDLE (VOCAB) values ('REACT');
Insert into STUDENT.EX_WORDLE (VOCAB) values ('ROUND');
Insert into STUDENT.EX_WORDLE (VOCAB) values ('SPICY');
Insert into STUDENT.EX_WORDLE (VOCAB) values ('SPIKE');
Insert into STUDENT.EX_WORDLE (VOCAB) values ('STAND');
Insert into STUDENT.EX_WORDLE (VOCAB) values ('WORLD');
REM INSERTING into STUDENT.JOBS
SET DEFINE OFF;
REM INSERTING into STUDENT.LOCATIONS
SET DEFINE OFF;
REM INSERTING into STUDENT.MEMBER
SET DEFINE OFF;
Insert into STUDENT.MEMBER (ID,PWD,NAME) values ('hello','hello','hello');
Insert into STUDENT.MEMBER (ID,PWD,NAME) values ('AA','aa','aa');
Insert into STUDENT.MEMBER (ID,PWD,NAME) values ('BB','bb','bb');
Insert into STUDENT.MEMBER (ID,PWD,NAME) values ('CC','cc','cc');
Insert into STUDENT.MEMBER (ID,PWD,NAME) values ('DD','dd','dd');
Insert into STUDENT.MEMBER (ID,PWD,NAME) values ('EE','ee','ee');
Insert into STUDENT.MEMBER (ID,PWD,NAME) values ('FF','ff','ff');
Insert into STUDENT.MEMBER (ID,PWD,NAME) values ('GG','gg','gg');
Insert into STUDENT.MEMBER (ID,PWD,NAME) values ('HH','hh','hh');
Insert into STUDENT.MEMBER (ID,PWD,NAME) values ('TED','ted123','ted1');
Insert into STUDENT.MEMBER (ID,PWD,NAME) values ('hello1','hello1','hello1');
Insert into STUDENT.MEMBER (ID,PWD,NAME) values ('hello2','hello2','hello2');
Insert into STUDENT.MEMBER (ID,PWD,NAME) values ('hello3','hello3','hello3');
REM INSERTING into STUDENT.PRACTICE_EMPLOYEES
SET DEFINE OFF;
Insert into STUDENT.PRACTICE_EMPLOYEES (EMPLOYEE_ID,NAME) values ('E001','儀琳
');
Insert into STUDENT.PRACTICE_EMPLOYEES (EMPLOYEE_ID,NAME) values ('E002','藍鳳凰
');
Insert into STUDENT.PRACTICE_EMPLOYEES (EMPLOYEE_ID,NAME) values ('E003','令狐?
');
Insert into STUDENT.PRACTICE_EMPLOYEES (EMPLOYEE_ID,NAME) values ('E004','左冷禪
');
Insert into STUDENT.PRACTICE_EMPLOYEES (EMPLOYEE_ID,NAME) values ('E005','任盈盈
');
Insert into STUDENT.PRACTICE_EMPLOYEES (EMPLOYEE_ID,NAME) values ('E006','東方不敗
');
Insert into STUDENT.PRACTICE_EMPLOYEES (EMPLOYEE_ID,NAME) values ('E007','任我行
');
Insert into STUDENT.PRACTICE_EMPLOYEES (EMPLOYEE_ID,NAME) values ('E008','岳不?
');
Insert into STUDENT.PRACTICE_EMPLOYEES (EMPLOYEE_ID,NAME) values ('E009','左冷禪
');
REM INSERTING into STUDENT.SQL_CUSTOMER
SET DEFINE OFF;
Insert into STUDENT.SQL_CUSTOMER (ID,NAME,EMP) values ('C300300300','陳Ｏ圓','00012345');
Insert into STUDENT.SQL_CUSTOMER (ID,NAME,EMP) values ('D400400400','郭Ｏ多','00012345');
Insert into STUDENT.SQL_CUSTOMER (ID,NAME,EMP) values ('E500500500','李Ｏ人','00054321');
Insert into STUDENT.SQL_CUSTOMER (ID,NAME,EMP) values ('A100100100','王Ｏ明',null);
REM INSERTING into STUDENT.SQL_CUSTOMER_STORE
SET DEFINE OFF;
Insert into STUDENT.SQL_CUSTOMER_STORE (CUSTOMER_ID,NAME,BIRTHDAY,SEX,ID) values (2018010029,'吵吵',null,'M','A123456789');
Insert into STUDENT.SQL_CUSTOMER_STORE (CUSTOMER_ID,NAME,BIRTHDAY,SEX,ID) values (2018010047,'憂憂',null,'M','C345678912');
Insert into STUDENT.SQL_CUSTOMER_STORE (CUSTOMER_ID,NAME,BIRTHDAY,SEX,ID) values (2018010056,'怒怒',null,'F','D456789123');
Insert into STUDENT.SQL_CUSTOMER_STORE (CUSTOMER_ID,NAME,BIRTHDAY,SEX,ID) values (2018010065,'樂樂',null,'M','E567891234');
Insert into STUDENT.SQL_CUSTOMER_STORE (CUSTOMER_ID,NAME,BIRTHDAY,SEX,ID) values (2018010074,'厭厭',null,'F','F678912345');
Insert into STUDENT.SQL_CUSTOMER_STORE (CUSTOMER_ID,NAME,BIRTHDAY,SEX,ID) values (2018010083,'驚驚',null,'M','G789123456');
REM INSERTING into STUDENT.SQL_CUSTOMER1
SET DEFINE OFF;
Insert into STUDENT.SQL_CUSTOMER1 (ID,NAME,EMP) values ('C300300300','陳Ｏ圓','00012345');
Insert into STUDENT.SQL_CUSTOMER1 (ID,NAME,EMP) values ('D400400400','郭Ｏ多','00012345');
Insert into STUDENT.SQL_CUSTOMER1 (ID,NAME,EMP) values ('E500500500','李Ｏ人','00054321');
Insert into STUDENT.SQL_CUSTOMER1 (ID,NAME,EMP) values ('A100100100','王Ｏ明',null);
REM INSERTING into STUDENT.SQL_DEP
SET DEFINE OFF;
Insert into STUDENT.SQL_DEP (DEP,LEADER,ADDR) values ('系統開發部','00010001','瑞光路510號');
Insert into STUDENT.SQL_DEP (DEP,LEADER,ADDR) values ('開發系統部','00013579','瑞光路510號');
REM INSERTING into STUDENT.SQL_EMP
SET DEFINE OFF;
Insert into STUDENT.SQL_EMP (EMP_ID,EMP_NM,ID,TEL,DEP) values ('00012345','王Ｏ明','A100100100','1000#1010','系統開發部');
Insert into STUDENT.SQL_EMP (EMP_ID,EMP_NM,ID,TEL,DEP) values ('00054321','孫Ｏ拉','B200200200','1000#1020 ','開發系統部');
REM INSERTING into STUDENT.SQL_EMP_HIS
SET DEFINE OFF;
Insert into STUDENT.SQL_EMP_HIS (EMP_ID,EMP_NM,ID,TEL,DEP) values ('00012345','王Ｏ明','A100100100','1000#1010','資訊板塊');
Insert into STUDENT.SQL_EMP_HIS (EMP_ID,EMP_NM,ID,TEL,DEP) values ('00054321','孫Ｏ拉','B200200200','1000#1020 ','資訊板塊');
Insert into STUDENT.SQL_EMP_HIS (EMP_ID,EMP_NM,ID,TEL,DEP) values ('00012345','王Ｏ明','A100100100',null,'資訊板塊');
Insert into STUDENT.SQL_EMP_HIS (EMP_ID,EMP_NM,ID,TEL,DEP) values ('12345678','黃O鳳','S123456789',null,'資訊板塊');
REM INSERTING into STUDENT.SQL_EMP1
SET DEFINE OFF;
Insert into STUDENT.SQL_EMP1 (EMP_ID,EMP_NM,ID,TEL,DEP) values ('00012345','王Ｏ明','A100100100','1000#1010','系統開發部');
Insert into STUDENT.SQL_EMP1 (EMP_ID,EMP_NM,ID,TEL,DEP) values ('00054321','孫Ｏ拉','B200200200','1000#1020 ','開發系統部');
REM INSERTING into STUDENT.SQL_ITEM
SET DEFINE OFF;
Insert into STUDENT.SQL_ITEM (ITEM_NO,ITEM_NAME,PRICE) values ('C0001','巧克力瓦芙',110);
Insert into STUDENT.SQL_ITEM (ITEM_NO,ITEM_NAME,PRICE) values ('C0002','咖啡瓦芙',110);
Insert into STUDENT.SQL_ITEM (ITEM_NO,ITEM_NAME,PRICE) values ('C0003','杏仁茶',220);
Insert into STUDENT.SQL_ITEM (ITEM_NO,ITEM_NAME,PRICE) values ('C0004','巧克力脆餅',135);
Insert into STUDENT.SQL_ITEM (ITEM_NO,ITEM_NAME,PRICE) values ('C0005','鴻福吉福小餅',35);
Insert into STUDENT.SQL_ITEM (ITEM_NO,ITEM_NAME,PRICE) values ('C0006','夾心巧克力',150);
Insert into STUDENT.SQL_ITEM (ITEM_NO,ITEM_NAME,PRICE) values ('C0007','胚芽餅',160);
Insert into STUDENT.SQL_ITEM (ITEM_NO,ITEM_NAME,PRICE) values ('C0008','紅藜棒',65);
Insert into STUDENT.SQL_ITEM (ITEM_NO,ITEM_NAME,PRICE) values ('C0009','海苔脆片',125);
Insert into STUDENT.SQL_ITEM (ITEM_NO,ITEM_NAME,PRICE) values ('C0010','耶子脆片',130);
Insert into STUDENT.SQL_ITEM (ITEM_NO,ITEM_NAME,PRICE) values ('C0011','巧克力糙米餅',80);
Insert into STUDENT.SQL_ITEM (ITEM_NO,ITEM_NAME,PRICE) values ('C0012','原味糙米餅',75);
REM INSERTING into STUDENT.SQL_ITEM2
SET DEFINE OFF;
Insert into STUDENT.SQL_ITEM2 (ITEM_NO,ITEM_NAME,PRICE) values ('C0003','杏仁茶',220);
Insert into STUDENT.SQL_ITEM2 (ITEM_NO,ITEM_NAME,PRICE) values ('C0004','巧克力脆餅',135);
Insert into STUDENT.SQL_ITEM2 (ITEM_NO,ITEM_NAME,PRICE) values ('C0005','鴻福吉福小餅',35);
Insert into STUDENT.SQL_ITEM2 (ITEM_NO,ITEM_NAME,PRICE) values ('C0006','夾心巧克力',150);
Insert into STUDENT.SQL_ITEM2 (ITEM_NO,ITEM_NAME,PRICE) values ('C0007','胚芽餅',160);
Insert into STUDENT.SQL_ITEM2 (ITEM_NO,ITEM_NAME,PRICE) values ('C0008','紅藜棒',65);
Insert into STUDENT.SQL_ITEM2 (ITEM_NO,ITEM_NAME,PRICE) values ('C0009','海苔脆片',125);
Insert into STUDENT.SQL_ITEM2 (ITEM_NO,ITEM_NAME,PRICE) values ('C0010','耶子脆片',130);
Insert into STUDENT.SQL_ITEM2 (ITEM_NO,ITEM_NAME,PRICE) values ('C0011','巧克力糙米餅',80);
Insert into STUDENT.SQL_ITEM2 (ITEM_NO,ITEM_NAME,PRICE) values ('C0012','原味糙米餅',75);
Insert into STUDENT.SQL_ITEM2 (ITEM_NO,ITEM_NAME,PRICE) values ('C0001','巧克力瓦芙',110);
Insert into STUDENT.SQL_ITEM2 (ITEM_NO,ITEM_NAME,PRICE) values ('C0002','咖啡瓦芙',110);
REM INSERTING into STUDENT.SQL_ORDER
SET DEFINE OFF;
Insert into STUDENT.SQL_ORDER (ORDER_NO,CUST_ID,MONEY,ORDER_DATE,ARRIVAL_DATE,EMP_ID) values (2018010000001,2018010065,300,to_date('08-9月 -18','DD-MON-RR'),null,'E2018060010');
Insert into STUDENT.SQL_ORDER (ORDER_NO,CUST_ID,MONEY,ORDER_DATE,ARRIVAL_DATE,EMP_ID) values (2018010000002,2018010047,320,to_date('18-10月-18','DD-MON-RR'),null,'E2018050010');
Insert into STUDENT.SQL_ORDER (ORDER_NO,CUST_ID,MONEY,ORDER_DATE,ARRIVAL_DATE,EMP_ID) values (2018010000003,2018010056,850,to_date('22-11月-18','DD-MON-RR'),null,'E2018060029');
Insert into STUDENT.SQL_ORDER (ORDER_NO,CUST_ID,MONEY,ORDER_DATE,ARRIVAL_DATE,EMP_ID) values (2018010000004,2018010074,515,to_date('04-10月-18','DD-MON-RR'),null,'E2018060038');
Insert into STUDENT.SQL_ORDER (ORDER_NO,CUST_ID,MONEY,ORDER_DATE,ARRIVAL_DATE,EMP_ID) values (2018010000005,2018010083,2390,to_date('06-11月-18','DD-MON-RR'),null,'E2018010010');
Insert into STUDENT.SQL_ORDER (ORDER_NO,CUST_ID,MONEY,ORDER_DATE,ARRIVAL_DATE,EMP_ID) values (2018010000006,2018010092,640,to_date('14-11月-18','DD-MON-RR'),null,'E2018010010');
Insert into STUDENT.SQL_ORDER (ORDER_NO,CUST_ID,MONEY,ORDER_DATE,ARRIVAL_DATE,EMP_ID) values (2018010000007,2018010010,200,to_date('19-12月-18','DD-MON-RR'),null,'E2018010029');
Insert into STUDENT.SQL_ORDER (ORDER_NO,CUST_ID,MONEY,ORDER_DATE,ARRIVAL_DATE,EMP_ID) values (2018010000008,2018010029,1170,to_date('20-12月-18','DD-MON-RR'),null,'E2018010010');
Insert into STUDENT.SQL_ORDER (ORDER_NO,CUST_ID,MONEY,ORDER_DATE,ARRIVAL_DATE,EMP_ID) values (2018010000009,2018010074,780,to_date('31-12月-18','DD-MON-RR'),null,'E2018060038');
Insert into STUDENT.SQL_ORDER (ORDER_NO,CUST_ID,MONEY,ORDER_DATE,ARRIVAL_DATE,EMP_ID) values (2018010000010,2018010038,575,to_date('31-12月-18','DD-MON-RR'),null,'E2018010010');
Insert into STUDENT.SQL_ORDER (ORDER_NO,CUST_ID,MONEY,ORDER_DATE,ARRIVAL_DATE,EMP_ID) values (2018010000011,2018010065,400,to_date('05-1月 -19','DD-MON-RR'),null,'E2018010010');
Insert into STUDENT.SQL_ORDER (ORDER_NO,CUST_ID,MONEY,ORDER_DATE,ARRIVAL_DATE,EMP_ID) values (2018010000012,2018010047,1005,to_date('14-1月 -19','DD-MON-RR'),null,'E2018010010');
Insert into STUDENT.SQL_ORDER (ORDER_NO,CUST_ID,MONEY,ORDER_DATE,ARRIVAL_DATE,EMP_ID) values (2018010000013,2018010056,450,to_date('12-1月 -19','DD-MON-RR'),null,'E2018060029');
REM INSERTING into STUDENT.SQL_ORDER_DETAIL
SET DEFINE OFF;
Insert into STUDENT.SQL_ORDER_DETAIL (ORDER_NO,ITEM_NO,COUNT,MONEY) values (202001116001,'C0001',5,550);
Insert into STUDENT.SQL_ORDER_DETAIL (ORDER_NO,ITEM_NO,COUNT,MONEY) values (2018010000001,'C0006',2,300);
Insert into STUDENT.SQL_ORDER_DETAIL (ORDER_NO,ITEM_NO,COUNT,MONEY) values (2018010000002,'C0001',1,110);
Insert into STUDENT.SQL_ORDER_DETAIL (ORDER_NO,ITEM_NO,COUNT,MONEY) values (2018010000002,'C0002',1,110);
Insert into STUDENT.SQL_ORDER_DETAIL (ORDER_NO,ITEM_NO,COUNT,MONEY) values (2018010000002,'C0005',1,35);
Insert into STUDENT.SQL_ORDER_DETAIL (ORDER_NO,ITEM_NO,COUNT,MONEY) values (2018010000002,'C0012',1,75);
Insert into STUDENT.SQL_ORDER_DETAIL (ORDER_NO,ITEM_NO,COUNT,MONEY) values (2018010000003,'C0006',3,450);
Insert into STUDENT.SQL_ORDER_DETAIL (ORDER_NO,ITEM_NO,COUNT,MONEY) values (2018010000003,'C0011',5,400);
Insert into STUDENT.SQL_ORDER_DETAIL (ORDER_NO,ITEM_NO,COUNT,MONEY) values (2018020000001,'C0001',2,220);
Insert into STUDENT.SQL_ORDER_DETAIL (ORDER_NO,ITEM_NO,COUNT,MONEY) values (2018020000001,'C0002',1,110);
Insert into STUDENT.SQL_ORDER_DETAIL (ORDER_NO,ITEM_NO,COUNT,MONEY) values (2018020000001,'C0004',3,405);
Insert into STUDENT.SQL_ORDER_DETAIL (ORDER_NO,ITEM_NO,COUNT,MONEY) values (2018020000002,'C0001',2,220);
Insert into STUDENT.SQL_ORDER_DETAIL (ORDER_NO,ITEM_NO,COUNT,MONEY) values (2018020000002,'C0002',4,320);
Insert into STUDENT.SQL_ORDER_DETAIL (ORDER_NO,ITEM_NO,COUNT,MONEY) values (2018020000002,'C0004',2,270);
Insert into STUDENT.SQL_ORDER_DETAIL (ORDER_NO,ITEM_NO,COUNT,MONEY) values (2018020000002,'C0007',5,800);
Insert into STUDENT.SQL_ORDER_DETAIL (ORDER_NO,ITEM_NO,COUNT,MONEY) values (2018020000002,'C0010',6,780);
Insert into STUDENT.SQL_ORDER_DETAIL (ORDER_NO,ITEM_NO,COUNT,MONEY) values (2018020000003,'C0003',1,220);
Insert into STUDENT.SQL_ORDER_DETAIL (ORDER_NO,ITEM_NO,COUNT,MONEY) values (2018020000003,'C0007',1,160);
Insert into STUDENT.SQL_ORDER_DETAIL (ORDER_NO,ITEM_NO,COUNT,MONEY) values (2018020000003,'C0008',4,260);
Insert into STUDENT.SQL_ORDER_DETAIL (ORDER_NO,ITEM_NO,COUNT,MONEY) values (2018020000004,'C0009',1,75);
Insert into STUDENT.SQL_ORDER_DETAIL (ORDER_NO,ITEM_NO,COUNT,MONEY) values (2018020000004,'C0012',1,125);
Insert into STUDENT.SQL_ORDER_DETAIL (ORDER_NO,ITEM_NO,COUNT,MONEY) values (2018020000005,'C0005',2,70);
Insert into STUDENT.SQL_ORDER_DETAIL (ORDER_NO,ITEM_NO,COUNT,MONEY) values (2018020000005,'C0006',3,450);
Insert into STUDENT.SQL_ORDER_DETAIL (ORDER_NO,ITEM_NO,COUNT,MONEY) values (2018020000005,'C0008',10,650);
Insert into STUDENT.SQL_ORDER_DETAIL (ORDER_NO,ITEM_NO,COUNT,MONEY) values (2018020000006,'C0002',1,110);
Insert into STUDENT.SQL_ORDER_DETAIL (ORDER_NO,ITEM_NO,COUNT,MONEY) values (2018020000006,'C0004',2,270);
Insert into STUDENT.SQL_ORDER_DETAIL (ORDER_NO,ITEM_NO,COUNT,MONEY) values (2018020000006,'C0011',5,400);
Insert into STUDENT.SQL_ORDER_DETAIL (ORDER_NO,ITEM_NO,COUNT,MONEY) values (2018030000001,'C0001',2,220);
Insert into STUDENT.SQL_ORDER_DETAIL (ORDER_NO,ITEM_NO,COUNT,MONEY) values (2018030000001,'C0006',1,150);
Insert into STUDENT.SQL_ORDER_DETAIL (ORDER_NO,ITEM_NO,COUNT,MONEY) values (2018030000001,'C0008',2,130);
Insert into STUDENT.SQL_ORDER_DETAIL (ORDER_NO,ITEM_NO,COUNT,MONEY) values (2018030000001,'C0012',1,75);
Insert into STUDENT.SQL_ORDER_DETAIL (ORDER_NO,ITEM_NO,COUNT,MONEY) values (2018030000002,'C0001',3,330);
Insert into STUDENT.SQL_ORDER_DETAIL (ORDER_NO,ITEM_NO,COUNT,MONEY) values (2018030000002,'C0005',2,70);
Insert into STUDENT.SQL_ORDER_DETAIL (ORDER_NO,ITEM_NO,COUNT,MONEY) values (2018030000003,'C0002',2,220);
Insert into STUDENT.SQL_ORDER_DETAIL (ORDER_NO,ITEM_NO,COUNT,MONEY) values (2018030000003,'C0003',3,660);
Insert into STUDENT.SQL_ORDER_DETAIL (ORDER_NO,ITEM_NO,COUNT,MONEY) values (2018030000003,'C0009',1,125);
Insert into STUDENT.SQL_ORDER_DETAIL (ORDER_NO,ITEM_NO,COUNT,MONEY) values (2018030000004,'C0005',2,70);
Insert into STUDENT.SQL_ORDER_DETAIL (ORDER_NO,ITEM_NO,COUNT,MONEY) values (2018030000004,'C0006',2,300);
Insert into STUDENT.SQL_ORDER_DETAIL (ORDER_NO,ITEM_NO,COUNT,MONEY) values (2018030000004,'C0011',1,80);
REM INSERTING into STUDENT.SQL_TAOYUAN_REGIONS
SET DEFINE OFF;
Insert into STUDENT.SQL_TAOYUAN_REGIONS (SERIAL,TOWNSHIP,PLACE) values ('T01','八德區','介壽路');
Insert into STUDENT.SQL_TAOYUAN_REGIONS (SERIAL,TOWNSHIP,PLACE) values ('T02','八德區','和平路');
Insert into STUDENT.SQL_TAOYUAN_REGIONS (SERIAL,TOWNSHIP,PLACE) values ('T03','八德區','廣福路');
Insert into STUDENT.SQL_TAOYUAN_REGIONS (SERIAL,TOWNSHIP,PLACE) values ('T04','八德區','力行街');
Insert into STUDENT.SQL_TAOYUAN_REGIONS (SERIAL,TOWNSHIP,PLACE) values ('T05','八德區','陸光街');
Insert into STUDENT.SQL_TAOYUAN_REGIONS (SERIAL,TOWNSHIP,PLACE) values ('T06','八德區','福國北街');
Insert into STUDENT.SQL_TAOYUAN_REGIONS (SERIAL,TOWNSHIP,PLACE) values ('T07','大園區','三民路');
Insert into STUDENT.SQL_TAOYUAN_REGIONS (SERIAL,TOWNSHIP,PLACE) values ('T08','大園區','中山南路');
Insert into STUDENT.SQL_TAOYUAN_REGIONS (SERIAL,TOWNSHIP,PLACE) values ('T09','大園區','中正東路');
Insert into STUDENT.SQL_TAOYUAN_REGIONS (SERIAL,TOWNSHIP,PLACE) values ('T10','大園區','華興路');
Insert into STUDENT.SQL_TAOYUAN_REGIONS (SERIAL,TOWNSHIP,PLACE) values ('T11','大溪區','下田心仔');
Insert into STUDENT.SQL_TAOYUAN_REGIONS (SERIAL,TOWNSHIP,PLACE) values ('T12','大溪區','東安橋路');
Insert into STUDENT.SQL_TAOYUAN_REGIONS (SERIAL,TOWNSHIP,PLACE) values ('T13','大溪區','美山路');
Insert into STUDENT.SQL_TAOYUAN_REGIONS (SERIAL,TOWNSHIP,PLACE) values ('T14','大溪區','美華里尾寮');
Insert into STUDENT.SQL_TAOYUAN_REGIONS (SERIAL,TOWNSHIP,PLACE) values ('T15','大溪區','員林路');
Insert into STUDENT.SQL_TAOYUAN_REGIONS (SERIAL,TOWNSHIP,PLACE) values ('T16','大溪區','復興路');
Insert into STUDENT.SQL_TAOYUAN_REGIONS (SERIAL,TOWNSHIP,PLACE) values ('T17','大溪區','僑愛介壽路');
Insert into STUDENT.SQL_TAOYUAN_REGIONS (SERIAL,TOWNSHIP,PLACE) values ('T18','中壢區','中山東路');
Insert into STUDENT.SQL_TAOYUAN_REGIONS (SERIAL,TOWNSHIP,PLACE) values ('T19','中壢區','中正路');
Insert into STUDENT.SQL_TAOYUAN_REGIONS (SERIAL,TOWNSHIP,PLACE) values ('T20','中壢區','元化路');
Insert into STUDENT.SQL_TAOYUAN_REGIONS (SERIAL,TOWNSHIP,PLACE) values ('T21','中壢區','龍昌路');
Insert into STUDENT.SQL_TAOYUAN_REGIONS (SERIAL,TOWNSHIP,PLACE) values ('T22','中壢區','環西路');
Insert into STUDENT.SQL_TAOYUAN_REGIONS (SERIAL,TOWNSHIP,PLACE) values ('T23','平鎮區','大昌路');
Insert into STUDENT.SQL_TAOYUAN_REGIONS (SERIAL,TOWNSHIP,PLACE) values ('T24','平鎮區','水廠路');
Insert into STUDENT.SQL_TAOYUAN_REGIONS (SERIAL,TOWNSHIP,PLACE) values ('T25','平鎮區','延平路');
Insert into STUDENT.SQL_TAOYUAN_REGIONS (SERIAL,TOWNSHIP,PLACE) values ('T26','平鎮區','南豐路');
Insert into STUDENT.SQL_TAOYUAN_REGIONS (SERIAL,TOWNSHIP,PLACE) values ('T27','桃園區','上海路');
Insert into STUDENT.SQL_TAOYUAN_REGIONS (SERIAL,TOWNSHIP,PLACE) values ('T28','桃園區','中山路');
Insert into STUDENT.SQL_TAOYUAN_REGIONS (SERIAL,TOWNSHIP,PLACE) values ('T29','桃園區','介壽路');
Insert into STUDENT.SQL_TAOYUAN_REGIONS (SERIAL,TOWNSHIP,PLACE) values ('T30','桃園區','永安路');
Insert into STUDENT.SQL_TAOYUAN_REGIONS (SERIAL,TOWNSHIP,PLACE) values ('T31','桃園區','國際路');
Insert into STUDENT.SQL_TAOYUAN_REGIONS (SERIAL,TOWNSHIP,PLACE) values ('T32','桃園區','復興路');
Insert into STUDENT.SQL_TAOYUAN_REGIONS (SERIAL,TOWNSHIP,PLACE) values ('T33','復興區','中正路');
Insert into STUDENT.SQL_TAOYUAN_REGIONS (SERIAL,TOWNSHIP,PLACE) values ('T34','新屋區','中華路');
Insert into STUDENT.SQL_TAOYUAN_REGIONS (SERIAL,TOWNSHIP,PLACE) values ('T35','新屋區','中興路');
Insert into STUDENT.SQL_TAOYUAN_REGIONS (SERIAL,TOWNSHIP,PLACE) values ('T36','楊梅區','中山路');
Insert into STUDENT.SQL_TAOYUAN_REGIONS (SERIAL,TOWNSHIP,PLACE) values ('T37','楊梅區','永美路');
Insert into STUDENT.SQL_TAOYUAN_REGIONS (SERIAL,TOWNSHIP,PLACE) values ('T38','楊梅區','楊新路');
Insert into STUDENT.SQL_TAOYUAN_REGIONS (SERIAL,TOWNSHIP,PLACE) values ('T39','楊梅區','大模街');
Insert into STUDENT.SQL_TAOYUAN_REGIONS (SERIAL,TOWNSHIP,PLACE) values ('T40','龍潭區','十一分路');
Insert into STUDENT.SQL_TAOYUAN_REGIONS (SERIAL,TOWNSHIP,PLACE) values ('T41','龍潭區','中正路');
Insert into STUDENT.SQL_TAOYUAN_REGIONS (SERIAL,TOWNSHIP,PLACE) values ('T42','龍潭區','文化路');
Insert into STUDENT.SQL_TAOYUAN_REGIONS (SERIAL,TOWNSHIP,PLACE) values ('T43','龍潭區','武漢國小');
Insert into STUDENT.SQL_TAOYUAN_REGIONS (SERIAL,TOWNSHIP,PLACE) values ('T44','龍潭區','龍吟街');
Insert into STUDENT.SQL_TAOYUAN_REGIONS (SERIAL,TOWNSHIP,PLACE) values ('T45','龜山區','大同路');
Insert into STUDENT.SQL_TAOYUAN_REGIONS (SERIAL,TOWNSHIP,PLACE) values ('T46','龜山區','自強東路');
Insert into STUDENT.SQL_TAOYUAN_REGIONS (SERIAL,TOWNSHIP,PLACE) values ('T47','龜山區','萬壽路');
Insert into STUDENT.SQL_TAOYUAN_REGIONS (SERIAL,TOWNSHIP,PLACE) values ('T48','龜山區','陸光街');
Insert into STUDENT.SQL_TAOYUAN_REGIONS (SERIAL,TOWNSHIP,PLACE) values ('T49','龜山區','新興街');
Insert into STUDENT.SQL_TAOYUAN_REGIONS (SERIAL,TOWNSHIP,PLACE) values ('T50','蘆竹區','南崁路');
Insert into STUDENT.SQL_TAOYUAN_REGIONS (SERIAL,TOWNSHIP,PLACE) values ('T51','觀音區','大觀路');
REM INSERTING into STUDENT.SQL_TAOYUAN_WATER
SET DEFINE OFF;
Insert into STUDENT.SQL_TAOYUAN_WATER (SERIAL_NUMBER,CREATE_DATE,PLACE,WATER_SYSTEM,TURBIDITY,CHLORINE,HYDROGEN) values (356,to_timestamp('12-9月 -10 09.02.44.000000000 下午','DD-MON-RR HH.MI.SSXFF AM'),'T50','S01',0.4,0.62,7.5);
Insert into STUDENT.SQL_TAOYUAN_WATER (SERIAL_NUMBER,CREATE_DATE,PLACE,WATER_SYSTEM,TURBIDITY,CHLORINE,HYDROGEN) values (357,to_timestamp('12-9月 -10 09.02.44.000000000 下午','DD-MON-RR HH.MI.SSXFF AM'),'T51','S03',1.2,0.72,7.8);
Insert into STUDENT.SQL_TAOYUAN_WATER (SERIAL_NUMBER,CREATE_DATE,PLACE,WATER_SYSTEM,TURBIDITY,CHLORINE,HYDROGEN) values (358,to_timestamp('12-9月 -10 09.02.44.000000000 下午','DD-MON-RR HH.MI.SSXFF AM'),'T06','S01',0.4,0.72,7.5);
Insert into STUDENT.SQL_TAOYUAN_WATER (SERIAL_NUMBER,CREATE_DATE,PLACE,WATER_SYSTEM,TURBIDITY,CHLORINE,HYDROGEN) values (359,to_timestamp('12-9月 -10 09.02.44.000000000 下午','DD-MON-RR HH.MI.SSXFF AM'),'T22','S03',1,0.55,7.7);
Insert into STUDENT.SQL_TAOYUAN_WATER (SERIAL_NUMBER,CREATE_DATE,PLACE,WATER_SYSTEM,TURBIDITY,CHLORINE,HYDROGEN) values (360,to_timestamp('12-9月 -10 09.02.44.000000000 下午','DD-MON-RR HH.MI.SSXFF AM'),'T10','S03',0.9,0.62,7.5);
Insert into STUDENT.SQL_TAOYUAN_WATER (SERIAL_NUMBER,CREATE_DATE,PLACE,WATER_SYSTEM,TURBIDITY,CHLORINE,HYDROGEN) values (361,to_timestamp('12-9月 -10 09.02.44.000000000 下午','DD-MON-RR HH.MI.SSXFF AM'),'T39','S03',1.1,0.55,7.8);
Insert into STUDENT.SQL_TAOYUAN_WATER (SERIAL_NUMBER,CREATE_DATE,PLACE,WATER_SYSTEM,TURBIDITY,CHLORINE,HYDROGEN) values (362,to_timestamp('12-9月 -10 09.02.44.000000000 下午','DD-MON-RR HH.MI.SSXFF AM'),'T25','S03',0.9,0.7,7.7);
Insert into STUDENT.SQL_TAOYUAN_WATER (SERIAL_NUMBER,CREATE_DATE,PLACE,WATER_SYSTEM,TURBIDITY,CHLORINE,HYDROGEN) values (363,to_timestamp('12-9月 -10 09.02.44.000000000 下午','DD-MON-RR HH.MI.SSXFF AM'),'T31','S01',0.4,0.75,7.4);
Insert into STUDENT.SQL_TAOYUAN_WATER (SERIAL_NUMBER,CREATE_DATE,PLACE,WATER_SYSTEM,TURBIDITY,CHLORINE,HYDROGEN) values (364,to_timestamp('12-9月 -10 09.02.44.000000000 下午','DD-MON-RR HH.MI.SSXFF AM'),'T20','S03',0.8,0.57,7.8);
Insert into STUDENT.SQL_TAOYUAN_WATER (SERIAL_NUMBER,CREATE_DATE,PLACE,WATER_SYSTEM,TURBIDITY,CHLORINE,HYDROGEN) values (365,to_timestamp('12-9月 -10 09.02.44.000000000 下午','DD-MON-RR HH.MI.SSXFF AM'),'T37','S03',1.1,0.52,7.7);
Insert into STUDENT.SQL_TAOYUAN_WATER (SERIAL_NUMBER,CREATE_DATE,PLACE,WATER_SYSTEM,TURBIDITY,CHLORINE,HYDROGEN) values (366,to_timestamp('12-9月 -10 09.02.44.000000000 下午','DD-MON-RR HH.MI.SSXFF AM'),'T18','S02',1.2,0.5,7.8);
Insert into STUDENT.SQL_TAOYUAN_WATER (SERIAL_NUMBER,CREATE_DATE,PLACE,WATER_SYSTEM,TURBIDITY,CHLORINE,HYDROGEN) values (367,to_timestamp('12-9月 -10 09.02.44.000000000 下午','DD-MON-RR HH.MI.SSXFF AM'),'T51','S02',1.4,0.65,7.7);
Insert into STUDENT.SQL_TAOYUAN_WATER (SERIAL_NUMBER,CREATE_DATE,PLACE,WATER_SYSTEM,TURBIDITY,CHLORINE,HYDROGEN) values (368,to_timestamp('12-9月 -10 09.02.44.000000000 下午','DD-MON-RR HH.MI.SSXFF AM'),'T36','S02',0.9,0.63,7.8);
Insert into STUDENT.SQL_TAOYUAN_WATER (SERIAL_NUMBER,CREATE_DATE,PLACE,WATER_SYSTEM,TURBIDITY,CHLORINE,HYDROGEN) values (369,to_timestamp('12-9月 -10 09.02.44.000000000 下午','DD-MON-RR HH.MI.SSXFF AM'),'T08','S02',1.3,0.54,7.6);
Insert into STUDENT.SQL_TAOYUAN_WATER (SERIAL_NUMBER,CREATE_DATE,PLACE,WATER_SYSTEM,TURBIDITY,CHLORINE,HYDROGEN) values (370,to_timestamp('12-9月 -10 09.02.44.000000000 下午','DD-MON-RR HH.MI.SSXFF AM'),'T34','S02',1.1,0.58,7.8);
Insert into STUDENT.SQL_TAOYUAN_WATER (SERIAL_NUMBER,CREATE_DATE,PLACE,WATER_SYSTEM,TURBIDITY,CHLORINE,HYDROGEN) values (371,to_timestamp('12-9月 -10 09.02.44.000000000 下午','DD-MON-RR HH.MI.SSXFF AM'),'T35','S02',1.1,0.57,7.8);
Insert into STUDENT.SQL_TAOYUAN_WATER (SERIAL_NUMBER,CREATE_DATE,PLACE,WATER_SYSTEM,TURBIDITY,CHLORINE,HYDROGEN) values (372,to_timestamp('12-9月 -10 09.02.44.000000000 下午','DD-MON-RR HH.MI.SSXFF AM'),'T19','S02',1.4,0.64,7.7);
Insert into STUDENT.SQL_TAOYUAN_WATER (SERIAL_NUMBER,CREATE_DATE,PLACE,WATER_SYSTEM,TURBIDITY,CHLORINE,HYDROGEN) values (373,to_timestamp('12-9月 -10 09.02.44.000000000 下午','DD-MON-RR HH.MI.SSXFF AM'),'T26','S02',0.9,0.72,7.6);
Insert into STUDENT.SQL_TAOYUAN_WATER (SERIAL_NUMBER,CREATE_DATE,PLACE,WATER_SYSTEM,TURBIDITY,CHLORINE,HYDROGEN) values (374,to_timestamp('12-9月 -10 09.02.44.000000000 下午','DD-MON-RR HH.MI.SSXFF AM'),'T16','S01',0.5,0.65,7.1);
Insert into STUDENT.SQL_TAOYUAN_WATER (SERIAL_NUMBER,CREATE_DATE,PLACE,WATER_SYSTEM,TURBIDITY,CHLORINE,HYDROGEN) values (375,to_timestamp('12-9月 -10 09.02.44.000000000 下午','DD-MON-RR HH.MI.SSXFF AM'),'T42','S06',0.8,0.65,7.8);
Insert into STUDENT.SQL_TAOYUAN_WATER (SERIAL_NUMBER,CREATE_DATE,PLACE,WATER_SYSTEM,TURBIDITY,CHLORINE,HYDROGEN) values (376,to_timestamp('12-9月 -10 09.02.44.000000000 下午','DD-MON-RR HH.MI.SSXFF AM'),'T24','S03',0.3,0.71,7.9);
Insert into STUDENT.SQL_TAOYUAN_WATER (SERIAL_NUMBER,CREATE_DATE,PLACE,WATER_SYSTEM,TURBIDITY,CHLORINE,HYDROGEN) values (377,to_timestamp('12-9月 -10 09.02.44.000000000 下午','DD-MON-RR HH.MI.SSXFF AM'),'T33','S04',0.5,0.9,8);
Insert into STUDENT.SQL_TAOYUAN_WATER (SERIAL_NUMBER,CREATE_DATE,PLACE,WATER_SYSTEM,TURBIDITY,CHLORINE,HYDROGEN) values (378,to_timestamp('12-9月 -10 09.02.44.000000000 下午','DD-MON-RR HH.MI.SSXFF AM'),'T31','S01',0.2,0.66,7.5);
Insert into STUDENT.SQL_TAOYUAN_WATER (SERIAL_NUMBER,CREATE_DATE,PLACE,WATER_SYSTEM,TURBIDITY,CHLORINE,HYDROGEN) values (379,to_timestamp('12-9月 -10 09.02.44.000000000 下午','DD-MON-RR HH.MI.SSXFF AM'),'T31','S01',0.2,0.6,7.5);
Insert into STUDENT.SQL_TAOYUAN_WATER (SERIAL_NUMBER,CREATE_DATE,PLACE,WATER_SYSTEM,TURBIDITY,CHLORINE,HYDROGEN) values (380,to_timestamp('12-9月 -10 09.02.44.000000000 下午','DD-MON-RR HH.MI.SSXFF AM'),'T31','S01',0.3,0.71,7.4);
Insert into STUDENT.SQL_TAOYUAN_WATER (SERIAL_NUMBER,CREATE_DATE,PLACE,WATER_SYSTEM,TURBIDITY,CHLORINE,HYDROGEN) values (381,to_timestamp('12-9月 -10 09.02.44.000000000 下午','DD-MON-RR HH.MI.SSXFF AM'),'T26','S02',0.4,0.73,7.5);
Insert into STUDENT.SQL_TAOYUAN_WATER (SERIAL_NUMBER,CREATE_DATE,PLACE,WATER_SYSTEM,TURBIDITY,CHLORINE,HYDROGEN) values (382,to_timestamp('12-9月 -10 09.02.44.000000000 下午','DD-MON-RR HH.MI.SSXFF AM'),'T26','S02',0.4,0.74,7.5);
Insert into STUDENT.SQL_TAOYUAN_WATER (SERIAL_NUMBER,CREATE_DATE,PLACE,WATER_SYSTEM,TURBIDITY,CHLORINE,HYDROGEN) values (383,to_timestamp('12-9月 -10 09.02.44.000000000 下午','DD-MON-RR HH.MI.SSXFF AM'),'T33','S04',0.6,0.45,7.6);
Insert into STUDENT.SQL_TAOYUAN_WATER (SERIAL_NUMBER,CREATE_DATE,PLACE,WATER_SYSTEM,TURBIDITY,CHLORINE,HYDROGEN) values (384,to_timestamp('12-9月 -10 09.02.44.000000000 下午','DD-MON-RR HH.MI.SSXFF AM'),'T27','S01',0.4,0.69,7.6);
Insert into STUDENT.SQL_TAOYUAN_WATER (SERIAL_NUMBER,CREATE_DATE,PLACE,WATER_SYSTEM,TURBIDITY,CHLORINE,HYDROGEN) values (385,to_timestamp('12-9月 -10 09.02.44.000000000 下午','DD-MON-RR HH.MI.SSXFF AM'),'T28','S01',0.4,0.68,7.7);
Insert into STUDENT.SQL_TAOYUAN_WATER (SERIAL_NUMBER,CREATE_DATE,PLACE,WATER_SYSTEM,TURBIDITY,CHLORINE,HYDROGEN) values (386,to_timestamp('12-9月 -10 09.02.44.000000000 下午','DD-MON-RR HH.MI.SSXFF AM'),'T12','S01',0.5,0.43,7.3);
Insert into STUDENT.SQL_TAOYUAN_WATER (SERIAL_NUMBER,CREATE_DATE,PLACE,WATER_SYSTEM,TURBIDITY,CHLORINE,HYDROGEN) values (387,to_timestamp('12-9月 -10 09.02.44.000000000 下午','DD-MON-RR HH.MI.SSXFF AM'),'T13','S01',0.5,0.69,7.1);
Insert into STUDENT.SQL_TAOYUAN_WATER (SERIAL_NUMBER,CREATE_DATE,PLACE,WATER_SYSTEM,TURBIDITY,CHLORINE,HYDROGEN) values (388,to_timestamp('12-9月 -10 09.02.44.000000000 下午','DD-MON-RR HH.MI.SSXFF AM'),'T15','S01',0.5,0.71,7.8);
Insert into STUDENT.SQL_TAOYUAN_WATER (SERIAL_NUMBER,CREATE_DATE,PLACE,WATER_SYSTEM,TURBIDITY,CHLORINE,HYDROGEN) values (389,to_timestamp('12-9月 -10 09.02.44.000000000 下午','DD-MON-RR HH.MI.SSXFF AM'),'T17','S01',0.4,0.73,7.9);
Insert into STUDENT.SQL_TAOYUAN_WATER (SERIAL_NUMBER,CREATE_DATE,PLACE,WATER_SYSTEM,TURBIDITY,CHLORINE,HYDROGEN) values (390,to_timestamp('12-9月 -10 09.02.44.000000000 下午','DD-MON-RR HH.MI.SSXFF AM'),'T43','S06',0.5,0.72,7.7);
Insert into STUDENT.SQL_TAOYUAN_WATER (SERIAL_NUMBER,CREATE_DATE,PLACE,WATER_SYSTEM,TURBIDITY,CHLORINE,HYDROGEN) values (391,to_timestamp('12-9月 -10 09.02.44.000000000 下午','DD-MON-RR HH.MI.SSXFF AM'),'T01','S01',0.3,0.65,7.5);
Insert into STUDENT.SQL_TAOYUAN_WATER (SERIAL_NUMBER,CREATE_DATE,PLACE,WATER_SYSTEM,TURBIDITY,CHLORINE,HYDROGEN) values (392,to_timestamp('12-9月 -10 09.02.44.000000000 下午','DD-MON-RR HH.MI.SSXFF AM'),'T02','S01',1.7,0.59,7.4);
Insert into STUDENT.SQL_TAOYUAN_WATER (SERIAL_NUMBER,CREATE_DATE,PLACE,WATER_SYSTEM,TURBIDITY,CHLORINE,HYDROGEN) values (393,to_timestamp('12-9月 -10 09.02.44.000000000 下午','DD-MON-RR HH.MI.SSXFF AM'),'T05','S01',0.3,0.55,7.6);
Insert into STUDENT.SQL_TAOYUAN_WATER (SERIAL_NUMBER,CREATE_DATE,PLACE,WATER_SYSTEM,TURBIDITY,CHLORINE,HYDROGEN) values (394,to_timestamp('12-9月 -10 09.02.44.000000000 下午','DD-MON-RR HH.MI.SSXFF AM'),'T09','S01',0.4,0.6,7.6);
Insert into STUDENT.SQL_TAOYUAN_WATER (SERIAL_NUMBER,CREATE_DATE,PLACE,WATER_SYSTEM,TURBIDITY,CHLORINE,HYDROGEN) values (395,to_timestamp('12-9月 -10 09.02.44.000000000 下午','DD-MON-RR HH.MI.SSXFF AM'),'T03','S01',0.4,0.47,7.5);
Insert into STUDENT.SQL_TAOYUAN_WATER (SERIAL_NUMBER,CREATE_DATE,PLACE,WATER_SYSTEM,TURBIDITY,CHLORINE,HYDROGEN) values (396,to_timestamp('12-9月 -10 09.02.44.000000000 下午','DD-MON-RR HH.MI.SSXFF AM'),'T41','S06',0.5,0.79,7.8);
Insert into STUDENT.SQL_TAOYUAN_WATER (SERIAL_NUMBER,CREATE_DATE,PLACE,WATER_SYSTEM,TURBIDITY,CHLORINE,HYDROGEN) values (397,to_timestamp('12-9月 -10 09.02.44.000000000 下午','DD-MON-RR HH.MI.SSXFF AM'),'T44','S06',0.5,0.74,7.7);
Insert into STUDENT.SQL_TAOYUAN_WATER (SERIAL_NUMBER,CREATE_DATE,PLACE,WATER_SYSTEM,TURBIDITY,CHLORINE,HYDROGEN) values (398,to_timestamp('12-9月 -10 09.02.44.000000000 下午','DD-MON-RR HH.MI.SSXFF AM'),'T40','S06',0.9,0.81,7.9);
Insert into STUDENT.SQL_TAOYUAN_WATER (SERIAL_NUMBER,CREATE_DATE,PLACE,WATER_SYSTEM,TURBIDITY,CHLORINE,HYDROGEN) values (399,to_timestamp('12-9月 -10 09.02.44.000000000 下午','DD-MON-RR HH.MI.SSXFF AM'),'T04','S01',0.4,0.66,7.2);
Insert into STUDENT.SQL_TAOYUAN_WATER (SERIAL_NUMBER,CREATE_DATE,PLACE,WATER_SYSTEM,TURBIDITY,CHLORINE,HYDROGEN) values (400,to_timestamp('12-10月-10 09.02.44.000000000 下午','DD-MON-RR HH.MI.SSXFF AM'),'T47','S01',0.4,0.7,7.5);
Insert into STUDENT.SQL_TAOYUAN_WATER (SERIAL_NUMBER,CREATE_DATE,PLACE,WATER_SYSTEM,TURBIDITY,CHLORINE,HYDROGEN) values (401,to_timestamp('12-10月-10 09.02.44.000000000 下午','DD-MON-RR HH.MI.SSXFF AM'),'T06','S01',0.4,0.73,7.6);
Insert into STUDENT.SQL_TAOYUAN_WATER (SERIAL_NUMBER,CREATE_DATE,PLACE,WATER_SYSTEM,TURBIDITY,CHLORINE,HYDROGEN) values (402,to_timestamp('12-10月-10 09.02.44.000000000 下午','DD-MON-RR HH.MI.SSXFF AM'),'T47','S01',0.6,0.61,7.4);
Insert into STUDENT.SQL_TAOYUAN_WATER (SERIAL_NUMBER,CREATE_DATE,PLACE,WATER_SYSTEM,TURBIDITY,CHLORINE,HYDROGEN) values (403,to_timestamp('12-10月-10 09.02.44.000000000 下午','DD-MON-RR HH.MI.SSXFF AM'),'T30','S01',0.4,0.67,7.6);
Insert into STUDENT.SQL_TAOYUAN_WATER (SERIAL_NUMBER,CREATE_DATE,PLACE,WATER_SYSTEM,TURBIDITY,CHLORINE,HYDROGEN) values (404,to_timestamp('12-10月-10 09.02.44.000000000 下午','DD-MON-RR HH.MI.SSXFF AM'),'T50','S01',0.3,0.5,7.4);
Insert into STUDENT.SQL_TAOYUAN_WATER (SERIAL_NUMBER,CREATE_DATE,PLACE,WATER_SYSTEM,TURBIDITY,CHLORINE,HYDROGEN) values (405,to_timestamp('12-10月-10 09.02.44.000000000 下午','DD-MON-RR HH.MI.SSXFF AM'),'T31','S01',0.3,0.77,7.2);
Insert into STUDENT.SQL_TAOYUAN_WATER (SERIAL_NUMBER,CREATE_DATE,PLACE,WATER_SYSTEM,TURBIDITY,CHLORINE,HYDROGEN) values (406,to_timestamp('12-10月-10 09.02.44.000000000 下午','DD-MON-RR HH.MI.SSXFF AM'),'T48','S01',0.5,0.59,7.7);
Insert into STUDENT.SQL_TAOYUAN_WATER (SERIAL_NUMBER,CREATE_DATE,PLACE,WATER_SYSTEM,TURBIDITY,CHLORINE,HYDROGEN) values (407,to_timestamp('12-10月-10 09.02.44.000000000 下午','DD-MON-RR HH.MI.SSXFF AM'),'T31','S01',0.3,0.7,7.3);
Insert into STUDENT.SQL_TAOYUAN_WATER (SERIAL_NUMBER,CREATE_DATE,PLACE,WATER_SYSTEM,TURBIDITY,CHLORINE,HYDROGEN) values (408,to_timestamp('12-10月-10 09.02.44.000000000 下午','DD-MON-RR HH.MI.SSXFF AM'),'T31','S01',0.4,0.62,7.4);
Insert into STUDENT.SQL_TAOYUAN_WATER (SERIAL_NUMBER,CREATE_DATE,PLACE,WATER_SYSTEM,TURBIDITY,CHLORINE,HYDROGEN) values (409,to_timestamp('12-10月-10 09.02.44.000000000 下午','DD-MON-RR HH.MI.SSXFF AM'),'T49','S01',0.4,0.53,7.7);
Insert into STUDENT.SQL_TAOYUAN_WATER (SERIAL_NUMBER,CREATE_DATE,PLACE,WATER_SYSTEM,TURBIDITY,CHLORINE,HYDROGEN) values (410,to_timestamp('12-10月-10 09.02.44.000000000 下午','DD-MON-RR HH.MI.SSXFF AM'),'T45','S01',0.5,0.64,7.8);
Insert into STUDENT.SQL_TAOYUAN_WATER (SERIAL_NUMBER,CREATE_DATE,PLACE,WATER_SYSTEM,TURBIDITY,CHLORINE,HYDROGEN) values (411,to_timestamp('12-10月-10 09.02.44.000000000 下午','DD-MON-RR HH.MI.SSXFF AM'),'T29','S01',0.3,0.45,7.3);
Insert into STUDENT.SQL_TAOYUAN_WATER (SERIAL_NUMBER,CREATE_DATE,PLACE,WATER_SYSTEM,TURBIDITY,CHLORINE,HYDROGEN) values (412,to_timestamp('12-10月-10 09.02.44.000000000 下午','DD-MON-RR HH.MI.SSXFF AM'),'T26','S02',1.4,0.7,7.2);
Insert into STUDENT.SQL_TAOYUAN_WATER (SERIAL_NUMBER,CREATE_DATE,PLACE,WATER_SYSTEM,TURBIDITY,CHLORINE,HYDROGEN) values (413,to_timestamp('12-10月-10 09.02.44.000000000 下午','DD-MON-RR HH.MI.SSXFF AM'),'T16','S01',0.5,0.62,7.2);
Insert into STUDENT.SQL_TAOYUAN_WATER (SERIAL_NUMBER,CREATE_DATE,PLACE,WATER_SYSTEM,TURBIDITY,CHLORINE,HYDROGEN) values (414,to_timestamp('12-10月-10 09.02.44.000000000 下午','DD-MON-RR HH.MI.SSXFF AM'),'T33','S04',0.6,0.66,7.8);
Insert into STUDENT.SQL_TAOYUAN_WATER (SERIAL_NUMBER,CREATE_DATE,PLACE,WATER_SYSTEM,TURBIDITY,CHLORINE,HYDROGEN) values (415,to_timestamp('12-10月-10 09.02.44.000000000 下午','DD-MON-RR HH.MI.SSXFF AM'),'T46','S01',0.5,0.54,7.8);
Insert into STUDENT.SQL_TAOYUAN_WATER (SERIAL_NUMBER,CREATE_DATE,PLACE,WATER_SYSTEM,TURBIDITY,CHLORINE,HYDROGEN) values (416,to_timestamp('12-10月-10 09.02.44.000000000 下午','DD-MON-RR HH.MI.SSXFF AM'),'T42','S06',0.3,0.76,7.6);
Insert into STUDENT.SQL_TAOYUAN_WATER (SERIAL_NUMBER,CREATE_DATE,PLACE,WATER_SYSTEM,TURBIDITY,CHLORINE,HYDROGEN) values (417,to_timestamp('12-10月-10 09.02.44.000000000 下午','DD-MON-RR HH.MI.SSXFF AM'),'T47','S01',0.4,0.61,7.7);
Insert into STUDENT.SQL_TAOYUAN_WATER (SERIAL_NUMBER,CREATE_DATE,PLACE,WATER_SYSTEM,TURBIDITY,CHLORINE,HYDROGEN) values (418,to_timestamp('12-10月-10 09.02.44.000000000 下午','DD-MON-RR HH.MI.SSXFF AM'),'T24','S03',0.7,0.62,7.2);
Insert into STUDENT.SQL_TAOYUAN_WATER (SERIAL_NUMBER,CREATE_DATE,PLACE,WATER_SYSTEM,TURBIDITY,CHLORINE,HYDROGEN) values (419,to_timestamp('12-10月-10 09.02.44.000000000 下午','DD-MON-RR HH.MI.SSXFF AM'),'T31','S01',0.4,0.7,7.4);
Insert into STUDENT.SQL_TAOYUAN_WATER (SERIAL_NUMBER,CREATE_DATE,PLACE,WATER_SYSTEM,TURBIDITY,CHLORINE,HYDROGEN) values (420,to_timestamp('12-10月-10 09.02.44.000000000 下午','DD-MON-RR HH.MI.SSXFF AM'),'T26','S02',0.5,0.72,7.3);
Insert into STUDENT.SQL_TAOYUAN_WATER (SERIAL_NUMBER,CREATE_DATE,PLACE,WATER_SYSTEM,TURBIDITY,CHLORINE,HYDROGEN) values (421,to_timestamp('12-10月-10 09.02.44.000000000 下午','DD-MON-RR HH.MI.SSXFF AM'),'T32','S01',0.3,0.47,7.5);
Insert into STUDENT.SQL_TAOYUAN_WATER (SERIAL_NUMBER,CREATE_DATE,PLACE,WATER_SYSTEM,TURBIDITY,CHLORINE,HYDROGEN) values (422,to_timestamp('12-10月-10 09.02.44.000000000 下午','DD-MON-RR HH.MI.SSXFF AM'),'T07','S01',0.5,0.55,7.7);
Insert into STUDENT.SQL_TAOYUAN_WATER (SERIAL_NUMBER,CREATE_DATE,PLACE,WATER_SYSTEM,TURBIDITY,CHLORINE,HYDROGEN) values (423,to_timestamp('12-10月-10 09.02.44.000000000 下午','DD-MON-RR HH.MI.SSXFF AM'),'T37','S03',1.2,0.54,7.5);
Insert into STUDENT.SQL_TAOYUAN_WATER (SERIAL_NUMBER,CREATE_DATE,PLACE,WATER_SYSTEM,TURBIDITY,CHLORINE,HYDROGEN) values (424,to_timestamp('12-10月-10 09.02.44.000000000 下午','DD-MON-RR HH.MI.SSXFF AM'),'T25','S03',0.9,0.52,7.5);
Insert into STUDENT.SQL_TAOYUAN_WATER (SERIAL_NUMBER,CREATE_DATE,PLACE,WATER_SYSTEM,TURBIDITY,CHLORINE,HYDROGEN) values (425,to_timestamp('12-10月-10 09.02.44.000000000 下午','DD-MON-RR HH.MI.SSXFF AM'),'T24','S03',0.5,0.64,7.3);
Insert into STUDENT.SQL_TAOYUAN_WATER (SERIAL_NUMBER,CREATE_DATE,PLACE,WATER_SYSTEM,TURBIDITY,CHLORINE,HYDROGEN) values (426,to_timestamp('12-10月-10 09.02.44.000000000 下午','DD-MON-RR HH.MI.SSXFF AM'),'T38','S03',1.4,0.58,7.5);
Insert into STUDENT.SQL_TAOYUAN_WATER (SERIAL_NUMBER,CREATE_DATE,PLACE,WATER_SYSTEM,TURBIDITY,CHLORINE,HYDROGEN) values (427,to_timestamp('12-10月-10 09.02.44.000000000 下午','DD-MON-RR HH.MI.SSXFF AM'),'T23','S03',0.6,0.57,7.4);
Insert into STUDENT.SQL_TAOYUAN_WATER (SERIAL_NUMBER,CREATE_DATE,PLACE,WATER_SYSTEM,TURBIDITY,CHLORINE,HYDROGEN) values (428,to_timestamp('12-10月-10 09.02.44.000000000 下午','DD-MON-RR HH.MI.SSXFF AM'),'T22','S03',1.2,0.52,7.5);
Insert into STUDENT.SQL_TAOYUAN_WATER (SERIAL_NUMBER,CREATE_DATE,PLACE,WATER_SYSTEM,TURBIDITY,CHLORINE,HYDROGEN) values (429,to_timestamp('12-10月-10 09.02.44.000000000 下午','DD-MON-RR HH.MI.SSXFF AM'),'T51','S03',1.4,0.55,7.4);
Insert into STUDENT.SQL_TAOYUAN_WATER (SERIAL_NUMBER,CREATE_DATE,PLACE,WATER_SYSTEM,TURBIDITY,CHLORINE,HYDROGEN) values (430,to_timestamp('12-10月-10 09.02.44.000000000 下午','DD-MON-RR HH.MI.SSXFF AM'),'T10','S03',0.9,0.55,7.4);
Insert into STUDENT.SQL_TAOYUAN_WATER (SERIAL_NUMBER,CREATE_DATE,PLACE,WATER_SYSTEM,TURBIDITY,CHLORINE,HYDROGEN) values (431,to_timestamp('12-10月-10 09.02.44.000000000 下午','DD-MON-RR HH.MI.SSXFF AM'),'T39','S03',1.3,0.53,7.5);
Insert into STUDENT.SQL_TAOYUAN_WATER (SERIAL_NUMBER,CREATE_DATE,PLACE,WATER_SYSTEM,TURBIDITY,CHLORINE,HYDROGEN) values (432,to_timestamp('12-10月-10 09.02.44.000000000 下午','DD-MON-RR HH.MI.SSXFF AM'),'T20','S03',0.6,0.5,7.5);
Insert into STUDENT.SQL_TAOYUAN_WATER (SERIAL_NUMBER,CREATE_DATE,PLACE,WATER_SYSTEM,TURBIDITY,CHLORINE,HYDROGEN) values (433,to_timestamp('12-10月-10 09.02.44.000000000 下午','DD-MON-RR HH.MI.SSXFF AM'),'T08','S02',1.4,0.55,7.4);
Insert into STUDENT.SQL_TAOYUAN_WATER (SERIAL_NUMBER,CREATE_DATE,PLACE,WATER_SYSTEM,TURBIDITY,CHLORINE,HYDROGEN) values (434,to_timestamp('12-10月-10 09.02.44.000000000 下午','DD-MON-RR HH.MI.SSXFF AM'),'T35','S02',0.8,0.51,7.5);
Insert into STUDENT.SQL_TAOYUAN_WATER (SERIAL_NUMBER,CREATE_DATE,PLACE,WATER_SYSTEM,TURBIDITY,CHLORINE,HYDROGEN) values (435,to_timestamp('12-10月-10 09.02.44.000000000 下午','DD-MON-RR HH.MI.SSXFF AM'),'T21','S02',0.3,0.54,7.4);
Insert into STUDENT.SQL_TAOYUAN_WATER (SERIAL_NUMBER,CREATE_DATE,PLACE,WATER_SYSTEM,TURBIDITY,CHLORINE,HYDROGEN) values (436,to_timestamp('12-10月-10 09.02.44.000000000 下午','DD-MON-RR HH.MI.SSXFF AM'),'T51','S02',1.1,0.55,7.5);
Insert into STUDENT.SQL_TAOYUAN_WATER (SERIAL_NUMBER,CREATE_DATE,PLACE,WATER_SYSTEM,TURBIDITY,CHLORINE,HYDROGEN) values (437,to_timestamp('12-10月-10 09.02.44.000000000 下午','DD-MON-RR HH.MI.SSXFF AM'),'T36','S02',0.8,0.5,7.7);
Insert into STUDENT.SQL_TAOYUAN_WATER (SERIAL_NUMBER,CREATE_DATE,PLACE,WATER_SYSTEM,TURBIDITY,CHLORINE,HYDROGEN) values (438,to_timestamp('12-10月-10 09.02.44.000000000 下午','DD-MON-RR HH.MI.SSXFF AM'),'T26','S02',0.4,0.64,7.3);
Insert into STUDENT.SQL_TAOYUAN_WATER (SERIAL_NUMBER,CREATE_DATE,PLACE,WATER_SYSTEM,TURBIDITY,CHLORINE,HYDROGEN) values (439,to_timestamp('12-10月-10 09.02.44.000000000 下午','DD-MON-RR HH.MI.SSXFF AM'),'T34','S02',1.2,0.52,7.4);
Insert into STUDENT.SQL_TAOYUAN_WATER (SERIAL_NUMBER,CREATE_DATE,PLACE,WATER_SYSTEM,TURBIDITY,CHLORINE,HYDROGEN) values (440,to_timestamp('12-10月-10 09.02.44.000000000 下午','DD-MON-RR HH.MI.SSXFF AM'),'T19','S02',1.3,0.56,7.5);
Insert into STUDENT.SQL_TAOYUAN_WATER (SERIAL_NUMBER,CREATE_DATE,PLACE,WATER_SYSTEM,TURBIDITY,CHLORINE,HYDROGEN) values (441,to_timestamp('12-10月-10 09.02.44.000000000 下午','DD-MON-RR HH.MI.SSXFF AM'),'T15','S01',0.8,0.77,7.7);
Insert into STUDENT.SQL_TAOYUAN_WATER (SERIAL_NUMBER,CREATE_DATE,PLACE,WATER_SYSTEM,TURBIDITY,CHLORINE,HYDROGEN) values (442,to_timestamp('12-10月-10 09.02.44.000000000 下午','DD-MON-RR HH.MI.SSXFF AM'),'T17','S01',0.7,0.45,7.7);
Insert into STUDENT.SQL_TAOYUAN_WATER (SERIAL_NUMBER,CREATE_DATE,PLACE,WATER_SYSTEM,TURBIDITY,CHLORINE,HYDROGEN) values (443,to_timestamp('12-10月-10 09.02.44.000000000 下午','DD-MON-RR HH.MI.SSXFF AM'),'T12','S01',0.2,0.34,7.6);
Insert into STUDENT.SQL_TAOYUAN_WATER (SERIAL_NUMBER,CREATE_DATE,PLACE,WATER_SYSTEM,TURBIDITY,CHLORINE,HYDROGEN) values (444,to_timestamp('12-10月-10 09.02.44.000000000 下午','DD-MON-RR HH.MI.SSXFF AM'),'T13','S01',0.6,0.54,7.4);
Insert into STUDENT.SQL_TAOYUAN_WATER (SERIAL_NUMBER,CREATE_DATE,PLACE,WATER_SYSTEM,TURBIDITY,CHLORINE,HYDROGEN) values (445,to_timestamp('12-10月-10 09.02.44.000000000 下午','DD-MON-RR HH.MI.SSXFF AM'),'T43','S06',0.4,0.61,7.7);
Insert into STUDENT.SQL_TAOYUAN_WATER (SERIAL_NUMBER,CREATE_DATE,PLACE,WATER_SYSTEM,TURBIDITY,CHLORINE,HYDROGEN) values (446,to_timestamp('12-10月-10 09.02.44.000000000 下午','DD-MON-RR HH.MI.SSXFF AM'),'T41','S06',0.3,0.57,7.6);
Insert into STUDENT.SQL_TAOYUAN_WATER (SERIAL_NUMBER,CREATE_DATE,PLACE,WATER_SYSTEM,TURBIDITY,CHLORINE,HYDROGEN) values (447,to_timestamp('12-10月-10 09.02.44.000000000 下午','DD-MON-RR HH.MI.SSXFF AM'),'T44','S06',0.3,0.73,7.7);
Insert into STUDENT.SQL_TAOYUAN_WATER (SERIAL_NUMBER,CREATE_DATE,PLACE,WATER_SYSTEM,TURBIDITY,CHLORINE,HYDROGEN) values (448,to_timestamp('12-10月-10 09.02.44.000000000 下午','DD-MON-RR HH.MI.SSXFF AM'),'T40','S06',0.7,0.79,7.8);
Insert into STUDENT.SQL_TAOYUAN_WATER (SERIAL_NUMBER,CREATE_DATE,PLACE,WATER_SYSTEM,TURBIDITY,CHLORINE,HYDROGEN) values (449,to_timestamp('12-10月-10 09.02.44.000000000 下午','DD-MON-RR HH.MI.SSXFF AM'),'T33','S04',1,0.47,7.7);
Insert into STUDENT.SQL_TAOYUAN_WATER (SERIAL_NUMBER,CREATE_DATE,PLACE,WATER_SYSTEM,TURBIDITY,CHLORINE,HYDROGEN) values (450,to_timestamp('12-11月-10 09.02.44.000000000 下午','DD-MON-RR HH.MI.SSXFF AM'),'T24','S03',0.4,0.72,7.4);
Insert into STUDENT.SQL_TAOYUAN_WATER (SERIAL_NUMBER,CREATE_DATE,PLACE,WATER_SYSTEM,TURBIDITY,CHLORINE,HYDROGEN) values (451,to_timestamp('12-11月-10 09.02.44.000000000 下午','DD-MON-RR HH.MI.SSXFF AM'),'T23','S03',1,0.67,7.5);
Insert into STUDENT.SQL_TAOYUAN_WATER (SERIAL_NUMBER,CREATE_DATE,PLACE,WATER_SYSTEM,TURBIDITY,CHLORINE,HYDROGEN) values (452,to_timestamp('12-11月-10 09.02.44.000000000 下午','DD-MON-RR HH.MI.SSXFF AM'),'T38','S03',1.4,0.61,7.6);
Insert into STUDENT.SQL_TAOYUAN_WATER (SERIAL_NUMBER,CREATE_DATE,PLACE,WATER_SYSTEM,TURBIDITY,CHLORINE,HYDROGEN) values (453,to_timestamp('12-11月-10 09.02.44.000000000 下午','DD-MON-RR HH.MI.SSXFF AM'),'T22','S03',1,0.67,7.6);
Insert into STUDENT.SQL_TAOYUAN_WATER (SERIAL_NUMBER,CREATE_DATE,PLACE,WATER_SYSTEM,TURBIDITY,CHLORINE,HYDROGEN) values (454,to_timestamp('12-11月-10 09.02.44.000000000 下午','DD-MON-RR HH.MI.SSXFF AM'),'T10','S03',1.3,0.57,7.6);
Insert into STUDENT.SQL_TAOYUAN_WATER (SERIAL_NUMBER,CREATE_DATE,PLACE,WATER_SYSTEM,TURBIDITY,CHLORINE,HYDROGEN) values (455,to_timestamp('12-11月-10 09.02.44.000000000 下午','DD-MON-RR HH.MI.SSXFF AM'),'T39','S03',0.9,0.61,7.7);
Insert into STUDENT.SQL_TAOYUAN_WATER (SERIAL_NUMBER,CREATE_DATE,PLACE,WATER_SYSTEM,TURBIDITY,CHLORINE,HYDROGEN) values (456,to_timestamp('12-11月-10 09.02.44.000000000 下午','DD-MON-RR HH.MI.SSXFF AM'),'T25','S03',1.1,0.68,7.5);
Insert into STUDENT.SQL_TAOYUAN_WATER (SERIAL_NUMBER,CREATE_DATE,PLACE,WATER_SYSTEM,TURBIDITY,CHLORINE,HYDROGEN) values (457,to_timestamp('12-11月-10 09.02.44.000000000 下午','DD-MON-RR HH.MI.SSXFF AM'),'T25','S03',1.2,0.62,7.5);
Insert into STUDENT.SQL_TAOYUAN_WATER (SERIAL_NUMBER,CREATE_DATE,PLACE,WATER_SYSTEM,TURBIDITY,CHLORINE,HYDROGEN) values (458,to_timestamp('12-11月-10 09.02.44.000000000 下午','DD-MON-RR HH.MI.SSXFF AM'),'T37','S03',0.6,0.59,7.6);
Insert into STUDENT.SQL_TAOYUAN_WATER (SERIAL_NUMBER,CREATE_DATE,PLACE,WATER_SYSTEM,TURBIDITY,CHLORINE,HYDROGEN) values (459,to_timestamp('12-11月-10 09.02.44.000000000 下午','DD-MON-RR HH.MI.SSXFF AM'),'T51','S03',1.4,0.69,7.5);
Insert into STUDENT.SQL_TAOYUAN_WATER (SERIAL_NUMBER,CREATE_DATE,PLACE,WATER_SYSTEM,TURBIDITY,CHLORINE,HYDROGEN) values (460,to_timestamp('12-11月-10 09.02.44.000000000 下午','DD-MON-RR HH.MI.SSXFF AM'),'T31','S01',0.3,0.81,7.1);
Insert into STUDENT.SQL_TAOYUAN_WATER (SERIAL_NUMBER,CREATE_DATE,PLACE,WATER_SYSTEM,TURBIDITY,CHLORINE,HYDROGEN) values (461,to_timestamp('12-11月-10 09.02.44.000000000 下午','DD-MON-RR HH.MI.SSXFF AM'),'T31','S01',0.3,0.69,7.1);
Insert into STUDENT.SQL_TAOYUAN_WATER (SERIAL_NUMBER,CREATE_DATE,PLACE,WATER_SYSTEM,TURBIDITY,CHLORINE,HYDROGEN) values (462,to_timestamp('12-11月-10 09.02.44.000000000 下午','DD-MON-RR HH.MI.SSXFF AM'),'T51','S02',1.8,0.57,7.7);
Insert into STUDENT.SQL_TAOYUAN_WATER (SERIAL_NUMBER,CREATE_DATE,PLACE,WATER_SYSTEM,TURBIDITY,CHLORINE,HYDROGEN) values (463,to_timestamp('12-11月-10 09.02.44.000000000 下午','DD-MON-RR HH.MI.SSXFF AM'),'T42','S06',0.1,0.82,8);
Insert into STUDENT.SQL_TAOYUAN_WATER (SERIAL_NUMBER,CREATE_DATE,PLACE,WATER_SYSTEM,TURBIDITY,CHLORINE,HYDROGEN) values (464,to_timestamp('12-11月-10 09.02.44.000000000 下午','DD-MON-RR HH.MI.SSXFF AM'),'T19','S02',1.8,0.64,7.6);
Insert into STUDENT.SQL_TAOYUAN_WATER (SERIAL_NUMBER,CREATE_DATE,PLACE,WATER_SYSTEM,TURBIDITY,CHLORINE,HYDROGEN) values (465,to_timestamp('12-11月-10 09.02.44.000000000 下午','DD-MON-RR HH.MI.SSXFF AM'),'T26','S02',0.5,0.72,7.5);
Insert into STUDENT.SQL_TAOYUAN_WATER (SERIAL_NUMBER,CREATE_DATE,PLACE,WATER_SYSTEM,TURBIDITY,CHLORINE,HYDROGEN) values (466,to_timestamp('12-11月-10 09.02.44.000000000 下午','DD-MON-RR HH.MI.SSXFF AM'),'T16','S01',0.4,0.73,7.5);
Insert into STUDENT.SQL_TAOYUAN_WATER (SERIAL_NUMBER,CREATE_DATE,PLACE,WATER_SYSTEM,TURBIDITY,CHLORINE,HYDROGEN) values (467,to_timestamp('12-11月-10 09.02.44.000000000 下午','DD-MON-RR HH.MI.SSXFF AM'),'T33','S04',0.4,0.48,7.8);
Insert into STUDENT.SQL_TAOYUAN_WATER (SERIAL_NUMBER,CREATE_DATE,PLACE,WATER_SYSTEM,TURBIDITY,CHLORINE,HYDROGEN) values (468,to_timestamp('12-11月-10 09.02.44.000000000 下午','DD-MON-RR HH.MI.SSXFF AM'),'T08','S02',1.6,0.61,7.7);
Insert into STUDENT.SQL_TAOYUAN_WATER (SERIAL_NUMBER,CREATE_DATE,PLACE,WATER_SYSTEM,TURBIDITY,CHLORINE,HYDROGEN) values (469,to_timestamp('12-11月-10 09.02.44.000000000 下午','DD-MON-RR HH.MI.SSXFF AM'),'T35','S02',1.5,0.51,7.7);
Insert into STUDENT.SQL_TAOYUAN_WATER (SERIAL_NUMBER,CREATE_DATE,PLACE,WATER_SYSTEM,TURBIDITY,CHLORINE,HYDROGEN) values (470,to_timestamp('12-11月-10 09.02.44.000000000 下午','DD-MON-RR HH.MI.SSXFF AM'),'T21','S02',1.6,0.63,7.7);
Insert into STUDENT.SQL_TAOYUAN_WATER (SERIAL_NUMBER,CREATE_DATE,PLACE,WATER_SYSTEM,TURBIDITY,CHLORINE,HYDROGEN) values (471,to_timestamp('12-11月-10 09.02.44.000000000 下午','DD-MON-RR HH.MI.SSXFF AM'),'T24','S03',0.7,0.71,7);
Insert into STUDENT.SQL_TAOYUAN_WATER (SERIAL_NUMBER,CREATE_DATE,PLACE,WATER_SYSTEM,TURBIDITY,CHLORINE,HYDROGEN) values (472,to_timestamp('12-11月-10 09.02.44.000000000 下午','DD-MON-RR HH.MI.SSXFF AM'),'T36','S02',1.6,0.47,7.6);
Insert into STUDENT.SQL_TAOYUAN_WATER (SERIAL_NUMBER,CREATE_DATE,PLACE,WATER_SYSTEM,TURBIDITY,CHLORINE,HYDROGEN) values (473,to_timestamp('12-11月-10 09.02.44.000000000 下午','DD-MON-RR HH.MI.SSXFF AM'),'T31','S01',0.2,0.67,7.1);
Insert into STUDENT.SQL_TAOYUAN_WATER (SERIAL_NUMBER,CREATE_DATE,PLACE,WATER_SYSTEM,TURBIDITY,CHLORINE,HYDROGEN) values (474,to_timestamp('12-11月-10 09.02.44.000000000 下午','DD-MON-RR HH.MI.SSXFF AM'),'T26','S02',1.2,0.7,7.5);
Insert into STUDENT.SQL_TAOYUAN_WATER (SERIAL_NUMBER,CREATE_DATE,PLACE,WATER_SYSTEM,TURBIDITY,CHLORINE,HYDROGEN) values (475,to_timestamp('12-11月-10 09.02.44.000000000 下午','DD-MON-RR HH.MI.SSXFF AM'),'T26','S02',0.5,0.66,7.5);
Insert into STUDENT.SQL_TAOYUAN_WATER (SERIAL_NUMBER,CREATE_DATE,PLACE,WATER_SYSTEM,TURBIDITY,CHLORINE,HYDROGEN) values (476,to_timestamp('12-11月-10 09.02.44.000000000 下午','DD-MON-RR HH.MI.SSXFF AM'),'T34','S02',1.4,0.57,7.7);
Insert into STUDENT.SQL_TAOYUAN_WATER (SERIAL_NUMBER,CREATE_DATE,PLACE,WATER_SYSTEM,TURBIDITY,CHLORINE,HYDROGEN) values (477,to_timestamp('12-11月-10 09.02.44.000000000 下午','DD-MON-RR HH.MI.SSXFF AM'),'T41','S06',0.9,0.75,7.7);
Insert into STUDENT.SQL_TAOYUAN_WATER (SERIAL_NUMBER,CREATE_DATE,PLACE,WATER_SYSTEM,TURBIDITY,CHLORINE,HYDROGEN) values (478,to_timestamp('12-11月-10 09.02.44.000000000 下午','DD-MON-RR HH.MI.SSXFF AM'),'T44','S06',0.5,0.8,7.8);
Insert into STUDENT.SQL_TAOYUAN_WATER (SERIAL_NUMBER,CREATE_DATE,PLACE,WATER_SYSTEM,TURBIDITY,CHLORINE,HYDROGEN) values (479,to_timestamp('12-11月-10 09.02.44.000000000 下午','DD-MON-RR HH.MI.SSXFF AM'),'T40','S06',0.8,0.8,7.8);
Insert into STUDENT.SQL_TAOYUAN_WATER (SERIAL_NUMBER,CREATE_DATE,PLACE,WATER_SYSTEM,TURBIDITY,CHLORINE,HYDROGEN) values (480,to_timestamp('12-11月-10 09.02.44.000000000 下午','DD-MON-RR HH.MI.SSXFF AM'),'T12','S01',0.3,0.78,7.8);
Insert into STUDENT.SQL_TAOYUAN_WATER (SERIAL_NUMBER,CREATE_DATE,PLACE,WATER_SYSTEM,TURBIDITY,CHLORINE,HYDROGEN) values (481,to_timestamp('12-11月-10 09.02.44.000000000 下午','DD-MON-RR HH.MI.SSXFF AM'),'T33','S04',0.5,0.47,7.8);
Insert into STUDENT.SQL_TAOYUAN_WATER (SERIAL_NUMBER,CREATE_DATE,PLACE,WATER_SYSTEM,TURBIDITY,CHLORINE,HYDROGEN) values (482,to_timestamp('12-11月-10 09.02.44.000000000 下午','DD-MON-RR HH.MI.SSXFF AM'),'T13','S01',0.4,0.57,7.4);
Insert into STUDENT.SQL_TAOYUAN_WATER (SERIAL_NUMBER,CREATE_DATE,PLACE,WATER_SYSTEM,TURBIDITY,CHLORINE,HYDROGEN) values (483,to_timestamp('12-11月-10 09.02.44.000000000 下午','DD-MON-RR HH.MI.SSXFF AM'),'T43','S06',0.7,0.75,7.7);
Insert into STUDENT.SQL_TAOYUAN_WATER (SERIAL_NUMBER,CREATE_DATE,PLACE,WATER_SYSTEM,TURBIDITY,CHLORINE,HYDROGEN) values (484,to_timestamp('12-11月-10 09.02.44.000000000 下午','DD-MON-RR HH.MI.SSXFF AM'),'T15','S01',0.6,0.59,7.9);
Insert into STUDENT.SQL_TAOYUAN_WATER (SERIAL_NUMBER,CREATE_DATE,PLACE,WATER_SYSTEM,TURBIDITY,CHLORINE,HYDROGEN) values (485,to_timestamp('12-11月-10 09.02.44.000000000 下午','DD-MON-RR HH.MI.SSXFF AM'),'T17','S01',0.8,0.65,7.9);
Insert into STUDENT.SQL_TAOYUAN_WATER (SERIAL_NUMBER,CREATE_DATE,PLACE,WATER_SYSTEM,TURBIDITY,CHLORINE,HYDROGEN) values (486,to_timestamp('12-11月-10 09.02.44.000000000 下午','DD-MON-RR HH.MI.SSXFF AM'),'T30','S01',0.4,0.59,7.5);
Insert into STUDENT.SQL_TAOYUAN_WATER (SERIAL_NUMBER,CREATE_DATE,PLACE,WATER_SYSTEM,TURBIDITY,CHLORINE,HYDROGEN) values (487,to_timestamp('12-11月-10 09.02.44.000000000 下午','DD-MON-RR HH.MI.SSXFF AM'),'T47','S01',0.3,0.62,7.7);
Insert into STUDENT.SQL_TAOYUAN_WATER (SERIAL_NUMBER,CREATE_DATE,PLACE,WATER_SYSTEM,TURBIDITY,CHLORINE,HYDROGEN) values (488,to_timestamp('12-11月-10 09.02.44.000000000 下午','DD-MON-RR HH.MI.SSXFF AM'),'T47','S01',0.3,0.72,7.6);
Insert into STUDENT.SQL_TAOYUAN_WATER (SERIAL_NUMBER,CREATE_DATE,PLACE,WATER_SYSTEM,TURBIDITY,CHLORINE,HYDROGEN) values (489,to_timestamp('12-11月-10 09.02.44.000000000 下午','DD-MON-RR HH.MI.SSXFF AM'),'T50','S01',0.3,0.58,7.5);
Insert into STUDENT.SQL_TAOYUAN_WATER (SERIAL_NUMBER,CREATE_DATE,PLACE,WATER_SYSTEM,TURBIDITY,CHLORINE,HYDROGEN) values (490,to_timestamp('12-11月-10 09.02.44.000000000 下午','DD-MON-RR HH.MI.SSXFF AM'),'T06','S01',0.3,0.74,7.6);
Insert into STUDENT.SQL_TAOYUAN_WATER (SERIAL_NUMBER,CREATE_DATE,PLACE,WATER_SYSTEM,TURBIDITY,CHLORINE,HYDROGEN) values (491,to_timestamp('12-11月-10 09.02.44.000000000 下午','DD-MON-RR HH.MI.SSXFF AM'),'T31','S01',0.3,0.76,7.3);
Insert into STUDENT.SQL_TAOYUAN_WATER (SERIAL_NUMBER,CREATE_DATE,PLACE,WATER_SYSTEM,TURBIDITY,CHLORINE,HYDROGEN) values (492,to_timestamp('12-11月-10 09.02.44.000000000 下午','DD-MON-RR HH.MI.SSXFF AM'),'T03','S01',0.3,0.54,7.5);
Insert into STUDENT.SQL_TAOYUAN_WATER (SERIAL_NUMBER,CREATE_DATE,PLACE,WATER_SYSTEM,TURBIDITY,CHLORINE,HYDROGEN) values (493,to_timestamp('12-11月-10 09.02.44.000000000 下午','DD-MON-RR HH.MI.SSXFF AM'),'T04','S01',0.3,0.7,7.3);
Insert into STUDENT.SQL_TAOYUAN_WATER (SERIAL_NUMBER,CREATE_DATE,PLACE,WATER_SYSTEM,TURBIDITY,CHLORINE,HYDROGEN) values (494,to_timestamp('12-11月-10 09.02.44.000000000 下午','DD-MON-RR HH.MI.SSXFF AM'),'T27','S01',0.3,0.55,7.6);
Insert into STUDENT.SQL_TAOYUAN_WATER (SERIAL_NUMBER,CREATE_DATE,PLACE,WATER_SYSTEM,TURBIDITY,CHLORINE,HYDROGEN) values (495,to_timestamp('12-11月-10 09.02.44.000000000 下午','DD-MON-RR HH.MI.SSXFF AM'),'T28','S01',0.4,0.57,7.6);
Insert into STUDENT.SQL_TAOYUAN_WATER (SERIAL_NUMBER,CREATE_DATE,PLACE,WATER_SYSTEM,TURBIDITY,CHLORINE,HYDROGEN) values (496,to_timestamp('12-11月-10 09.02.44.000000000 下午','DD-MON-RR HH.MI.SSXFF AM'),'T09','S01',0.4,0.47,7.6);
Insert into STUDENT.SQL_TAOYUAN_WATER (SERIAL_NUMBER,CREATE_DATE,PLACE,WATER_SYSTEM,TURBIDITY,CHLORINE,HYDROGEN) values (497,to_timestamp('12-11月-10 09.02.44.000000000 下午','DD-MON-RR HH.MI.SSXFF AM'),'T01','S01',0.3,0.42,7.5);
Insert into STUDENT.SQL_TAOYUAN_WATER (SERIAL_NUMBER,CREATE_DATE,PLACE,WATER_SYSTEM,TURBIDITY,CHLORINE,HYDROGEN) values (498,to_timestamp('12-11月-10 09.02.44.000000000 下午','DD-MON-RR HH.MI.SSXFF AM'),'T02','S01',0.5,0.53,7.4);
Insert into STUDENT.SQL_TAOYUAN_WATER (SERIAL_NUMBER,CREATE_DATE,PLACE,WATER_SYSTEM,TURBIDITY,CHLORINE,HYDROGEN) values (499,to_timestamp('12-11月-10 09.02.44.000000000 下午','DD-MON-RR HH.MI.SSXFF AM'),'T05','S01',0.3,0.5,7.6);
Insert into STUDENT.SQL_TAOYUAN_WATER (SERIAL_NUMBER,CREATE_DATE,PLACE,WATER_SYSTEM,TURBIDITY,CHLORINE,HYDROGEN) values (500,to_timestamp('12-11月-10 09.02.44.000000000 下午','DD-MON-RR HH.MI.SSXFF AM'),'T38','S03',1.4,0.53,7.7);
Insert into STUDENT.SQL_TAOYUAN_WATER (SERIAL_NUMBER,CREATE_DATE,PLACE,WATER_SYSTEM,TURBIDITY,CHLORINE,HYDROGEN) values (501,to_timestamp('12-11月-10 09.02.44.000000000 下午','DD-MON-RR HH.MI.SSXFF AM'),'T47','S01',0.5,0.76,7.6);
Insert into STUDENT.SQL_TAOYUAN_WATER (SERIAL_NUMBER,CREATE_DATE,PLACE,WATER_SYSTEM,TURBIDITY,CHLORINE,HYDROGEN) values (502,to_timestamp('12-11月-10 09.02.44.000000000 下午','DD-MON-RR HH.MI.SSXFF AM'),'T47','S01',0.5,0.79,7.5);
Insert into STUDENT.SQL_TAOYUAN_WATER (SERIAL_NUMBER,CREATE_DATE,PLACE,WATER_SYSTEM,TURBIDITY,CHLORINE,HYDROGEN) values (503,to_timestamp('12-11月-10 09.02.44.000000000 下午','DD-MON-RR HH.MI.SSXFF AM'),'T50','S01',0.4,0.69,7.3);
Insert into STUDENT.SQL_TAOYUAN_WATER (SERIAL_NUMBER,CREATE_DATE,PLACE,WATER_SYSTEM,TURBIDITY,CHLORINE,HYDROGEN) values (504,to_timestamp('12-11月-10 09.02.44.000000000 下午','DD-MON-RR HH.MI.SSXFF AM'),'T22','S03',1.1,0.67,7.7);
Insert into STUDENT.SQL_TAOYUAN_WATER (SERIAL_NUMBER,CREATE_DATE,PLACE,WATER_SYSTEM,TURBIDITY,CHLORINE,HYDROGEN) values (505,to_timestamp('12-11月-10 09.02.44.000000000 下午','DD-MON-RR HH.MI.SSXFF AM'),'T10','S03',1.2,0.55,7.6);
Insert into STUDENT.SQL_TAOYUAN_WATER (SERIAL_NUMBER,CREATE_DATE,PLACE,WATER_SYSTEM,TURBIDITY,CHLORINE,HYDROGEN) values (506,to_timestamp('12-11月-10 09.02.44.000000000 下午','DD-MON-RR HH.MI.SSXFF AM'),'T39','S03',0.5,0.66,7.6);
Insert into STUDENT.SQL_TAOYUAN_WATER (SERIAL_NUMBER,CREATE_DATE,PLACE,WATER_SYSTEM,TURBIDITY,CHLORINE,HYDROGEN) values (507,to_timestamp('12-11月-10 09.02.44.000000000 下午','DD-MON-RR HH.MI.SSXFF AM'),'T25','S03',0.6,0.6,7.8);
Insert into STUDENT.SQL_TAOYUAN_WATER (SERIAL_NUMBER,CREATE_DATE,PLACE,WATER_SYSTEM,TURBIDITY,CHLORINE,HYDROGEN) values (508,to_timestamp('12-11月-10 09.02.44.000000000 下午','DD-MON-RR HH.MI.SSXFF AM'),'T06','S01',0.5,0.84,7.5);
Insert into STUDENT.SQL_TAOYUAN_WATER (SERIAL_NUMBER,CREATE_DATE,PLACE,WATER_SYSTEM,TURBIDITY,CHLORINE,HYDROGEN) values (509,to_timestamp('12-11月-10 09.02.44.000000000 下午','DD-MON-RR HH.MI.SSXFF AM'),'T37','S03',0.8,0.62,7.7);
Insert into STUDENT.SQL_TAOYUAN_WATER (SERIAL_NUMBER,CREATE_DATE,PLACE,WATER_SYSTEM,TURBIDITY,CHLORINE,HYDROGEN) values (510,to_timestamp('12-11月-10 09.02.44.000000000 下午','DD-MON-RR HH.MI.SSXFF AM'),'T31','S01',0.7,0.78,7.2);
Insert into STUDENT.SQL_TAOYUAN_WATER (SERIAL_NUMBER,CREATE_DATE,PLACE,WATER_SYSTEM,TURBIDITY,CHLORINE,HYDROGEN) values (511,to_timestamp('12-11月-10 09.02.44.000000000 下午','DD-MON-RR HH.MI.SSXFF AM'),'T20','S03',1,0.63,7.7);
Insert into STUDENT.SQL_TAOYUAN_WATER (SERIAL_NUMBER,CREATE_DATE,PLACE,WATER_SYSTEM,TURBIDITY,CHLORINE,HYDROGEN) values (512,to_timestamp('12-11月-10 09.02.44.000000000 下午','DD-MON-RR HH.MI.SSXFF AM'),'T51','S03',1.2,0.62,7.7);
Insert into STUDENT.SQL_TAOYUAN_WATER (SERIAL_NUMBER,CREATE_DATE,PLACE,WATER_SYSTEM,TURBIDITY,CHLORINE,HYDROGEN) values (513,to_timestamp('12-11月-10 09.02.44.000000000 下午','DD-MON-RR HH.MI.SSXFF AM'),'T24','S03',0.3,0.72,7.7);
Insert into STUDENT.SQL_TAOYUAN_WATER (SERIAL_NUMBER,CREATE_DATE,PLACE,WATER_SYSTEM,TURBIDITY,CHLORINE,HYDROGEN) values (514,to_timestamp('12-11月-10 09.02.44.000000000 下午','DD-MON-RR HH.MI.SSXFF AM'),'T30','S01',0.5,0.82,7.6);
Insert into STUDENT.SQL_TAOYUAN_WATER (SERIAL_NUMBER,CREATE_DATE,PLACE,WATER_SYSTEM,TURBIDITY,CHLORINE,HYDROGEN) values (515,to_timestamp('12-11月-10 09.02.44.000000000 下午','DD-MON-RR HH.MI.SSXFF AM'),'T23','S03',0.6,0.66,7.7);
Insert into STUDENT.SQL_TAOYUAN_WATER (SERIAL_NUMBER,CREATE_DATE,PLACE,WATER_SYSTEM,TURBIDITY,CHLORINE,HYDROGEN) values (516,to_timestamp('12-11月-10 09.02.44.000000000 下午','DD-MON-RR HH.MI.SSXFF AM'),'T24','S03',0.2,0.73,7.8);
Insert into STUDENT.SQL_TAOYUAN_WATER (SERIAL_NUMBER,CREATE_DATE,PLACE,WATER_SYSTEM,TURBIDITY,CHLORINE,HYDROGEN) values (517,to_timestamp('12-11月-10 09.02.44.000000000 下午','DD-MON-RR HH.MI.SSXFF AM'),'T16','S01',0.4,0.65,7.6);
Insert into STUDENT.SQL_TAOYUAN_WATER (SERIAL_NUMBER,CREATE_DATE,PLACE,WATER_SYSTEM,TURBIDITY,CHLORINE,HYDROGEN) values (518,to_timestamp('12-11月-10 09.02.44.000000000 下午','DD-MON-RR HH.MI.SSXFF AM'),'T42','S06',0.3,0.8,7.6);
Insert into STUDENT.SQL_TAOYUAN_WATER (SERIAL_NUMBER,CREATE_DATE,PLACE,WATER_SYSTEM,TURBIDITY,CHLORINE,HYDROGEN) values (519,to_timestamp('12-11月-10 09.02.44.000000000 下午','DD-MON-RR HH.MI.SSXFF AM'),'T31','S01',0.3,0.75,7.2);
Insert into STUDENT.SQL_TAOYUAN_WATER (SERIAL_NUMBER,CREATE_DATE,PLACE,WATER_SYSTEM,TURBIDITY,CHLORINE,HYDROGEN) values (520,to_timestamp('12-11月-10 09.02.44.000000000 下午','DD-MON-RR HH.MI.SSXFF AM'),'T31','S01',0.4,0.76,7.2);
Insert into STUDENT.SQL_TAOYUAN_WATER (SERIAL_NUMBER,CREATE_DATE,PLACE,WATER_SYSTEM,TURBIDITY,CHLORINE,HYDROGEN) values (521,to_timestamp('12-11月-10 09.02.44.000000000 下午','DD-MON-RR HH.MI.SSXFF AM'),'T31','S01',0.4,0.79,7.2);
Insert into STUDENT.SQL_TAOYUAN_WATER (SERIAL_NUMBER,CREATE_DATE,PLACE,WATER_SYSTEM,TURBIDITY,CHLORINE,HYDROGEN) values (522,to_timestamp('12-11月-10 09.02.44.000000000 下午','DD-MON-RR HH.MI.SSXFF AM'),'T26','S02',0.7,0.7,7.8);
Insert into STUDENT.SQL_TAOYUAN_WATER (SERIAL_NUMBER,CREATE_DATE,PLACE,WATER_SYSTEM,TURBIDITY,CHLORINE,HYDROGEN) values (523,to_timestamp('12-11月-10 09.02.44.000000000 下午','DD-MON-RR HH.MI.SSXFF AM'),'T26','S02',0.2,0.7,7.8);
Insert into STUDENT.SQL_TAOYUAN_WATER (SERIAL_NUMBER,CREATE_DATE,PLACE,WATER_SYSTEM,TURBIDITY,CHLORINE,HYDROGEN) values (524,to_timestamp('12-11月-10 09.02.44.000000000 下午','DD-MON-RR HH.MI.SSXFF AM'),'T26','S02',0.4,0.66,7.8);
Insert into STUDENT.SQL_TAOYUAN_WATER (SERIAL_NUMBER,CREATE_DATE,PLACE,WATER_SYSTEM,TURBIDITY,CHLORINE,HYDROGEN) values (525,to_timestamp('12-11月-10 09.02.44.000000000 下午','DD-MON-RR HH.MI.SSXFF AM'),'T19','S02',0.6,0.67,7.7);
Insert into STUDENT.SQL_TAOYUAN_WATER (SERIAL_NUMBER,CREATE_DATE,PLACE,WATER_SYSTEM,TURBIDITY,CHLORINE,HYDROGEN) values (526,to_timestamp('12-11月-10 09.02.44.000000000 下午','DD-MON-RR HH.MI.SSXFF AM'),'T21','S02',0.6,0.67,7.7);
Insert into STUDENT.SQL_TAOYUAN_WATER (SERIAL_NUMBER,CREATE_DATE,PLACE,WATER_SYSTEM,TURBIDITY,CHLORINE,HYDROGEN) values (527,to_timestamp('12-11月-10 09.02.44.000000000 下午','DD-MON-RR HH.MI.SSXFF AM'),'T33','S04',0.4,0.48,8);
Insert into STUDENT.SQL_TAOYUAN_WATER (SERIAL_NUMBER,CREATE_DATE,PLACE,WATER_SYSTEM,TURBIDITY,CHLORINE,HYDROGEN) values (528,to_timestamp('12-11月-10 09.02.44.000000000 下午','DD-MON-RR HH.MI.SSXFF AM'),'T36','S02',0.6,0.66,7.7);
Insert into STUDENT.SQL_TAOYUAN_WATER (SERIAL_NUMBER,CREATE_DATE,PLACE,WATER_SYSTEM,TURBIDITY,CHLORINE,HYDROGEN) values (529,to_timestamp('12-11月-10 09.02.44.000000000 下午','DD-MON-RR HH.MI.SSXFF AM'),'T51','S02',1,0.62,7.7);
Insert into STUDENT.SQL_TAOYUAN_WATER (SERIAL_NUMBER,CREATE_DATE,PLACE,WATER_SYSTEM,TURBIDITY,CHLORINE,HYDROGEN) values (530,to_timestamp('12-11月-10 09.02.44.000000000 下午','DD-MON-RR HH.MI.SSXFF AM'),'T08','S02',0.7,0.64,7.6);
Insert into STUDENT.SQL_TAOYUAN_WATER (SERIAL_NUMBER,CREATE_DATE,PLACE,WATER_SYSTEM,TURBIDITY,CHLORINE,HYDROGEN) values (531,to_timestamp('12-11月-10 09.02.44.000000000 下午','DD-MON-RR HH.MI.SSXFF AM'),'T34','S02',0.9,0.68,7.8);
Insert into STUDENT.SQL_TAOYUAN_WATER (SERIAL_NUMBER,CREATE_DATE,PLACE,WATER_SYSTEM,TURBIDITY,CHLORINE,HYDROGEN) values (532,to_timestamp('12-11月-10 09.02.44.000000000 下午','DD-MON-RR HH.MI.SSXFF AM'),'T35','S02',0.7,0.58,7.7);
Insert into STUDENT.SQL_TAOYUAN_WATER (SERIAL_NUMBER,CREATE_DATE,PLACE,WATER_SYSTEM,TURBIDITY,CHLORINE,HYDROGEN) values (710,to_timestamp('12-1月 -10 09.02.44.000000000 下午','DD-MON-RR HH.MI.SSXFF AM'),'T03','S01',0.5,0.45,7.6);
Insert into STUDENT.SQL_TAOYUAN_WATER (SERIAL_NUMBER,CREATE_DATE,PLACE,WATER_SYSTEM,TURBIDITY,CHLORINE,HYDROGEN) values (711,to_timestamp('12-1月 -10 09.02.44.000000000 下午','DD-MON-RR HH.MI.SSXFF AM'),'T09','S01',0.5,0.62,8);
Insert into STUDENT.SQL_TAOYUAN_WATER (SERIAL_NUMBER,CREATE_DATE,PLACE,WATER_SYSTEM,TURBIDITY,CHLORINE,HYDROGEN) values (712,to_timestamp('12-1月 -10 09.02.44.000000000 下午','DD-MON-RR HH.MI.SSXFF AM'),'T27','S01',0.3,0.62,7.6);
Insert into STUDENT.SQL_TAOYUAN_WATER (SERIAL_NUMBER,CREATE_DATE,PLACE,WATER_SYSTEM,TURBIDITY,CHLORINE,HYDROGEN) values (713,to_timestamp('12-1月 -10 09.02.44.000000000 下午','DD-MON-RR HH.MI.SSXFF AM'),'T28','S01',0.2,0.59,7.5);
Insert into STUDENT.SQL_TAOYUAN_WATER (SERIAL_NUMBER,CREATE_DATE,PLACE,WATER_SYSTEM,TURBIDITY,CHLORINE,HYDROGEN) values (714,to_timestamp('12-1月 -10 09.02.44.000000000 下午','DD-MON-RR HH.MI.SSXFF AM'),'T11','S01',0.6,0.68,6.8);
Insert into STUDENT.SQL_TAOYUAN_WATER (SERIAL_NUMBER,CREATE_DATE,PLACE,WATER_SYSTEM,TURBIDITY,CHLORINE,HYDROGEN) values (715,to_timestamp('12-1月 -10 09.02.44.000000000 下午','DD-MON-RR HH.MI.SSXFF AM'),'T24','S03',0.4,0.67,7.7);
Insert into STUDENT.SQL_TAOYUAN_WATER (SERIAL_NUMBER,CREATE_DATE,PLACE,WATER_SYSTEM,TURBIDITY,CHLORINE,HYDROGEN) values (716,to_timestamp('12-1月 -10 09.02.44.000000000 下午','DD-MON-RR HH.MI.SSXFF AM'),'T26','S02',0.5,0.7,7.6);
Insert into STUDENT.SQL_TAOYUAN_WATER (SERIAL_NUMBER,CREATE_DATE,PLACE,WATER_SYSTEM,TURBIDITY,CHLORINE,HYDROGEN) values (717,to_timestamp('12-1月 -10 09.02.44.000000000 下午','DD-MON-RR HH.MI.SSXFF AM'),'T26','S02',0.5,0.68,7.6);
Insert into STUDENT.SQL_TAOYUAN_WATER (SERIAL_NUMBER,CREATE_DATE,PLACE,WATER_SYSTEM,TURBIDITY,CHLORINE,HYDROGEN) values (718,to_timestamp('12-1月 -10 09.02.44.000000000 下午','DD-MON-RR HH.MI.SSXFF AM'),'T31','S01',0.4,0.68,7.5);
Insert into STUDENT.SQL_TAOYUAN_WATER (SERIAL_NUMBER,CREATE_DATE,PLACE,WATER_SYSTEM,TURBIDITY,CHLORINE,HYDROGEN) values (719,to_timestamp('12-1月 -10 09.02.44.000000000 下午','DD-MON-RR HH.MI.SSXFF AM'),'T31','S01',0.7,0.64,7.4);
Insert into STUDENT.SQL_TAOYUAN_WATER (SERIAL_NUMBER,CREATE_DATE,PLACE,WATER_SYSTEM,TURBIDITY,CHLORINE,HYDROGEN) values (720,to_timestamp('12-1月 -10 09.02.44.000000000 下午','DD-MON-RR HH.MI.SSXFF AM'),'T31','S01',0.5,0.62,7.4);
Insert into STUDENT.SQL_TAOYUAN_WATER (SERIAL_NUMBER,CREATE_DATE,PLACE,WATER_SYSTEM,TURBIDITY,CHLORINE,HYDROGEN) values (721,to_timestamp('12-1月 -10 09.02.44.000000000 下午','DD-MON-RR HH.MI.SSXFF AM'),'T33','S04',0.5,0.65,8.1);
Insert into STUDENT.SQL_TAOYUAN_WATER (SERIAL_NUMBER,CREATE_DATE,PLACE,WATER_SYSTEM,TURBIDITY,CHLORINE,HYDROGEN) values (722,to_timestamp('12-1月 -10 09.02.44.000000000 下午','DD-MON-RR HH.MI.SSXFF AM'),'T42','S06',0.1,0.78,7.7);
Insert into STUDENT.SQL_TAOYUAN_WATER (SERIAL_NUMBER,CREATE_DATE,PLACE,WATER_SYSTEM,TURBIDITY,CHLORINE,HYDROGEN) values (723,to_timestamp('16-1月 -10 09.02.44.000000000 下午','DD-MON-RR HH.MI.SSXFF AM'),'T08','S02',0.5,0.57,7.7);
Insert into STUDENT.SQL_TAOYUAN_WATER (SERIAL_NUMBER,CREATE_DATE,PLACE,WATER_SYSTEM,TURBIDITY,CHLORINE,HYDROGEN) values (724,to_timestamp('16-1月 -10 09.02.44.000000000 下午','DD-MON-RR HH.MI.SSXFF AM'),'T18','S02',0.4,0.71,7.6);
Insert into STUDENT.SQL_TAOYUAN_WATER (SERIAL_NUMBER,CREATE_DATE,PLACE,WATER_SYSTEM,TURBIDITY,CHLORINE,HYDROGEN) values (725,to_timestamp('16-1月 -10 09.02.44.000000000 下午','DD-MON-RR HH.MI.SSXFF AM'),'T19','S02',0.6,0.63,7.6);
Insert into STUDENT.SQL_TAOYUAN_WATER (SERIAL_NUMBER,CREATE_DATE,PLACE,WATER_SYSTEM,TURBIDITY,CHLORINE,HYDROGEN) values (726,to_timestamp('16-1月 -10 09.02.44.000000000 下午','DD-MON-RR HH.MI.SSXFF AM'),'T26','S02',0.4,0.66,7.6);
Insert into STUDENT.SQL_TAOYUAN_WATER (SERIAL_NUMBER,CREATE_DATE,PLACE,WATER_SYSTEM,TURBIDITY,CHLORINE,HYDROGEN) values (727,to_timestamp('16-1月 -10 09.02.44.000000000 下午','DD-MON-RR HH.MI.SSXFF AM'),'T34','S02',0.7,0.65,7.6);
Insert into STUDENT.SQL_TAOYUAN_WATER (SERIAL_NUMBER,CREATE_DATE,PLACE,WATER_SYSTEM,TURBIDITY,CHLORINE,HYDROGEN) values (728,to_timestamp('16-1月 -10 09.02.44.000000000 下午','DD-MON-RR HH.MI.SSXFF AM'),'T35','S02',0.5,0.52,7.6);
Insert into STUDENT.SQL_TAOYUAN_WATER (SERIAL_NUMBER,CREATE_DATE,PLACE,WATER_SYSTEM,TURBIDITY,CHLORINE,HYDROGEN) values (729,to_timestamp('16-1月 -10 09.02.44.000000000 下午','DD-MON-RR HH.MI.SSXFF AM'),'T36','S02',0.6,0.5,7.5);
Insert into STUDENT.SQL_TAOYUAN_WATER (SERIAL_NUMBER,CREATE_DATE,PLACE,WATER_SYSTEM,TURBIDITY,CHLORINE,HYDROGEN) values (730,to_timestamp('16-1月 -10 09.02.44.000000000 下午','DD-MON-RR HH.MI.SSXFF AM'),'T51','S02',0.6,0.61,7.6);
Insert into STUDENT.SQL_TAOYUAN_WATER (SERIAL_NUMBER,CREATE_DATE,PLACE,WATER_SYSTEM,TURBIDITY,CHLORINE,HYDROGEN) values (731,to_timestamp('17-1月 -10 09.02.44.000000000 下午','DD-MON-RR HH.MI.SSXFF AM'),'T10','S03',0.3,0.48,7.6);
Insert into STUDENT.SQL_TAOYUAN_WATER (SERIAL_NUMBER,CREATE_DATE,PLACE,WATER_SYSTEM,TURBIDITY,CHLORINE,HYDROGEN) values (732,to_timestamp('17-1月 -10 09.02.44.000000000 下午','DD-MON-RR HH.MI.SSXFF AM'),'T20','S03',0.4,0.6,7.5);
Insert into STUDENT.SQL_TAOYUAN_WATER (SERIAL_NUMBER,CREATE_DATE,PLACE,WATER_SYSTEM,TURBIDITY,CHLORINE,HYDROGEN) values (733,to_timestamp('17-1月 -10 09.02.44.000000000 下午','DD-MON-RR HH.MI.SSXFF AM'),'T22','S03',0.5,0.58,7.6);
Insert into STUDENT.SQL_TAOYUAN_WATER (SERIAL_NUMBER,CREATE_DATE,PLACE,WATER_SYSTEM,TURBIDITY,CHLORINE,HYDROGEN) values (734,to_timestamp('17-1月 -10 09.02.44.000000000 下午','DD-MON-RR HH.MI.SSXFF AM'),'T23','S03',0.4,0.62,7.6);
Insert into STUDENT.SQL_TAOYUAN_WATER (SERIAL_NUMBER,CREATE_DATE,PLACE,WATER_SYSTEM,TURBIDITY,CHLORINE,HYDROGEN) values (735,to_timestamp('17-1月 -10 09.02.44.000000000 下午','DD-MON-RR HH.MI.SSXFF AM'),'T24','S03',0.4,0.66,7.7);
Insert into STUDENT.SQL_TAOYUAN_WATER (SERIAL_NUMBER,CREATE_DATE,PLACE,WATER_SYSTEM,TURBIDITY,CHLORINE,HYDROGEN) values (736,to_timestamp('17-1月 -10 09.02.44.000000000 下午','DD-MON-RR HH.MI.SSXFF AM'),'T25','S03',0.4,0.51,7.4);
Insert into STUDENT.SQL_TAOYUAN_WATER (SERIAL_NUMBER,CREATE_DATE,PLACE,WATER_SYSTEM,TURBIDITY,CHLORINE,HYDROGEN) values (737,to_timestamp('17-1月 -10 09.02.44.000000000 下午','DD-MON-RR HH.MI.SSXFF AM'),'T39','S03',0.3,0.62,7.6);
Insert into STUDENT.SQL_TAOYUAN_WATER (SERIAL_NUMBER,CREATE_DATE,PLACE,WATER_SYSTEM,TURBIDITY,CHLORINE,HYDROGEN) values (738,to_timestamp('17-1月 -10 09.02.44.000000000 下午','DD-MON-RR HH.MI.SSXFF AM'),'T37','S03',0.4,0.68,7.6);
Insert into STUDENT.SQL_TAOYUAN_WATER (SERIAL_NUMBER,CREATE_DATE,PLACE,WATER_SYSTEM,TURBIDITY,CHLORINE,HYDROGEN) values (739,to_timestamp('17-1月 -10 09.02.44.000000000 下午','DD-MON-RR HH.MI.SSXFF AM'),'T38','S03',0.4,0.65,7.7);
Insert into STUDENT.SQL_TAOYUAN_WATER (SERIAL_NUMBER,CREATE_DATE,PLACE,WATER_SYSTEM,TURBIDITY,CHLORINE,HYDROGEN) values (740,to_timestamp('17-1月 -10 09.02.44.000000000 下午','DD-MON-RR HH.MI.SSXFF AM'),'T51','S03',0.4,0.58,7.7);
Insert into STUDENT.SQL_TAOYUAN_WATER (SERIAL_NUMBER,CREATE_DATE,PLACE,WATER_SYSTEM,TURBIDITY,CHLORINE,HYDROGEN) values (741,to_timestamp('18-1月 -10 09.02.44.000000000 下午','DD-MON-RR HH.MI.SSXFF AM'),'T12','S01',0.4,0.45,7.8);
Insert into STUDENT.SQL_TAOYUAN_WATER (SERIAL_NUMBER,CREATE_DATE,PLACE,WATER_SYSTEM,TURBIDITY,CHLORINE,HYDROGEN) values (742,to_timestamp('18-1月 -10 09.02.44.000000000 下午','DD-MON-RR HH.MI.SSXFF AM'),'T14','S01',0.5,0.58,7.4);
Insert into STUDENT.SQL_TAOYUAN_WATER (SERIAL_NUMBER,CREATE_DATE,PLACE,WATER_SYSTEM,TURBIDITY,CHLORINE,HYDROGEN) values (743,to_timestamp('18-1月 -10 09.02.44.000000000 下午','DD-MON-RR HH.MI.SSXFF AM'),'T15','S06',0.6,0.72,7.8);
Insert into STUDENT.SQL_TAOYUAN_WATER (SERIAL_NUMBER,CREATE_DATE,PLACE,WATER_SYSTEM,TURBIDITY,CHLORINE,HYDROGEN) values (744,to_timestamp('18-1月 -10 09.02.44.000000000 下午','DD-MON-RR HH.MI.SSXFF AM'),'T17','S06',0.7,0.66,7.9);
Insert into STUDENT.SQL_TAOYUAN_WATER (SERIAL_NUMBER,CREATE_DATE,PLACE,WATER_SYSTEM,TURBIDITY,CHLORINE,HYDROGEN) values (745,to_timestamp('18-1月 -10 09.02.44.000000000 下午','DD-MON-RR HH.MI.SSXFF AM'),'T33','S04',1.5,0.6,7.8);
Insert into STUDENT.SQL_TAOYUAN_WATER (SERIAL_NUMBER,CREATE_DATE,PLACE,WATER_SYSTEM,TURBIDITY,CHLORINE,HYDROGEN) values (746,to_timestamp('18-1月 -10 09.02.44.000000000 下午','DD-MON-RR HH.MI.SSXFF AM'),'T41','S06',0.8,0.81,7.7);
Insert into STUDENT.SQL_TAOYUAN_WATER (SERIAL_NUMBER,CREATE_DATE,PLACE,WATER_SYSTEM,TURBIDITY,CHLORINE,HYDROGEN) values (747,to_timestamp('18-1月 -10 09.02.44.000000000 下午','DD-MON-RR HH.MI.SSXFF AM'),'T41','S06',0.3,0.62,7.8);
Insert into STUDENT.SQL_TAOYUAN_WATER (SERIAL_NUMBER,CREATE_DATE,PLACE,WATER_SYSTEM,TURBIDITY,CHLORINE,HYDROGEN) values (748,to_timestamp('18-1月 -10 09.02.44.000000000 下午','DD-MON-RR HH.MI.SSXFF AM'),'T43','S06',0.5,0.54,7.8);
Insert into STUDENT.SQL_TAOYUAN_WATER (SERIAL_NUMBER,CREATE_DATE,PLACE,WATER_SYSTEM,TURBIDITY,CHLORINE,HYDROGEN) values (749,to_timestamp('18-1月 -10 09.02.44.000000000 下午','DD-MON-RR HH.MI.SSXFF AM'),'T44','S06',0.7,0.54,7.7);
Insert into STUDENT.SQL_TAOYUAN_WATER (SERIAL_NUMBER,CREATE_DATE,PLACE,WATER_SYSTEM,TURBIDITY,CHLORINE,HYDROGEN) values (750,to_timestamp('11-1月 -10 09.02.44.000000000 下午','DD-MON-RR HH.MI.SSXFF AM'),'T06','S01',0.3,0.76,7.6);
Insert into STUDENT.SQL_TAOYUAN_WATER (SERIAL_NUMBER,CREATE_DATE,PLACE,WATER_SYSTEM,TURBIDITY,CHLORINE,HYDROGEN) values (751,to_timestamp('11-1月 -10 09.02.44.000000000 下午','DD-MON-RR HH.MI.SSXFF AM'),'T08','S02',0.6,0.59,7.9);
Insert into STUDENT.SQL_TAOYUAN_WATER (SERIAL_NUMBER,CREATE_DATE,PLACE,WATER_SYSTEM,TURBIDITY,CHLORINE,HYDROGEN) values (752,to_timestamp('11-1月 -10 09.02.44.000000000 下午','DD-MON-RR HH.MI.SSXFF AM'),'T18','S02',0.5,0.74,8);
Insert into STUDENT.SQL_TAOYUAN_WATER (SERIAL_NUMBER,CREATE_DATE,PLACE,WATER_SYSTEM,TURBIDITY,CHLORINE,HYDROGEN) values (753,to_timestamp('11-1月 -10 09.02.44.000000000 下午','DD-MON-RR HH.MI.SSXFF AM'),'T19','S02',0.4,0.7,7.9);
Insert into STUDENT.SQL_TAOYUAN_WATER (SERIAL_NUMBER,CREATE_DATE,PLACE,WATER_SYSTEM,TURBIDITY,CHLORINE,HYDROGEN) values (754,to_timestamp('11-1月 -10 09.02.44.000000000 下午','DD-MON-RR HH.MI.SSXFF AM'),'T26','S02',0.8,0.7,7.9);
Insert into STUDENT.SQL_TAOYUAN_WATER (SERIAL_NUMBER,CREATE_DATE,PLACE,WATER_SYSTEM,TURBIDITY,CHLORINE,HYDROGEN) values (755,to_timestamp('11-1月 -10 09.02.44.000000000 下午','DD-MON-RR HH.MI.SSXFF AM'),'T30','S01',0.3,0.72,7.6);
Insert into STUDENT.SQL_TAOYUAN_WATER (SERIAL_NUMBER,CREATE_DATE,PLACE,WATER_SYSTEM,TURBIDITY,CHLORINE,HYDROGEN) values (756,to_timestamp('11-1月 -10 09.02.44.000000000 下午','DD-MON-RR HH.MI.SSXFF AM'),'T31','S01',0.3,0.74,7.5);
Insert into STUDENT.SQL_TAOYUAN_WATER (SERIAL_NUMBER,CREATE_DATE,PLACE,WATER_SYSTEM,TURBIDITY,CHLORINE,HYDROGEN) values (757,to_timestamp('11-1月 -10 09.02.44.000000000 下午','DD-MON-RR HH.MI.SSXFF AM'),'T34','S02',0.7,0.71,8);
Insert into STUDENT.SQL_TAOYUAN_WATER (SERIAL_NUMBER,CREATE_DATE,PLACE,WATER_SYSTEM,TURBIDITY,CHLORINE,HYDROGEN) values (758,to_timestamp('11-1月 -10 09.02.44.000000000 下午','DD-MON-RR HH.MI.SSXFF AM'),'T35','S02',0.6,0.75,7.9);
Insert into STUDENT.SQL_TAOYUAN_WATER (SERIAL_NUMBER,CREATE_DATE,PLACE,WATER_SYSTEM,TURBIDITY,CHLORINE,HYDROGEN) values (759,to_timestamp('11-1月 -10 09.02.44.000000000 下午','DD-MON-RR HH.MI.SSXFF AM'),'T36','S02',0.8,0.55,8);
Insert into STUDENT.SQL_TAOYUAN_WATER (SERIAL_NUMBER,CREATE_DATE,PLACE,WATER_SYSTEM,TURBIDITY,CHLORINE,HYDROGEN) values (760,to_timestamp('11-1月 -10 09.02.44.000000000 下午','DD-MON-RR HH.MI.SSXFF AM'),'T47','S01',0.2,0.64,7.7);
Insert into STUDENT.SQL_TAOYUAN_WATER (SERIAL_NUMBER,CREATE_DATE,PLACE,WATER_SYSTEM,TURBIDITY,CHLORINE,HYDROGEN) values (761,to_timestamp('11-1月 -10 09.02.44.000000000 下午','DD-MON-RR HH.MI.SSXFF AM'),'T47','S01',0.4,0.67,7.6);
Insert into STUDENT.SQL_TAOYUAN_WATER (SERIAL_NUMBER,CREATE_DATE,PLACE,WATER_SYSTEM,TURBIDITY,CHLORINE,HYDROGEN) values (762,to_timestamp('11-1月 -10 09.02.44.000000000 下午','DD-MON-RR HH.MI.SSXFF AM'),'T50','S01',0.5,0.59,7.5);
Insert into STUDENT.SQL_TAOYUAN_WATER (SERIAL_NUMBER,CREATE_DATE,PLACE,WATER_SYSTEM,TURBIDITY,CHLORINE,HYDROGEN) values (763,to_timestamp('11-1月 -10 09.02.44.000000000 下午','DD-MON-RR HH.MI.SSXFF AM'),'T51','S02',0.4,0.72,7.8);
Insert into STUDENT.SQL_TAOYUAN_WATER (SERIAL_NUMBER,CREATE_DATE,PLACE,WATER_SYSTEM,TURBIDITY,CHLORINE,HYDROGEN) values (764,to_timestamp('12-1月 -10 09.02.44.000000000 下午','DD-MON-RR HH.MI.SSXFF AM'),'T04','S01',0.6,0.51,7.5);
Insert into STUDENT.SQL_TAOYUAN_WATER (SERIAL_NUMBER,CREATE_DATE,PLACE,WATER_SYSTEM,TURBIDITY,CHLORINE,HYDROGEN) values (765,to_timestamp('12-1月 -10 09.02.44.000000000 下午','DD-MON-RR HH.MI.SSXFF AM'),'T01','S01',0.3,0.55,7.6);
Insert into STUDENT.SQL_TAOYUAN_WATER (SERIAL_NUMBER,CREATE_DATE,PLACE,WATER_SYSTEM,TURBIDITY,CHLORINE,HYDROGEN) values (766,to_timestamp('12-1月 -10 09.02.44.000000000 下午','DD-MON-RR HH.MI.SSXFF AM'),'T02','S01',0.4,0.7,7.7);
Insert into STUDENT.SQL_TAOYUAN_WATER (SERIAL_NUMBER,CREATE_DATE,PLACE,WATER_SYSTEM,TURBIDITY,CHLORINE,HYDROGEN) values (767,to_timestamp('12-1月 -10 09.02.44.000000000 下午','DD-MON-RR HH.MI.SSXFF AM'),'T05','S01',0.3,0.53,7.6);
Insert into STUDENT.SQL_TAOYUAN_WATER (SERIAL_NUMBER,CREATE_DATE,PLACE,WATER_SYSTEM,TURBIDITY,CHLORINE,HYDROGEN) values (768,to_timestamp('12-1月 -10 09.02.44.000000000 下午','DD-MON-RR HH.MI.SSXFF AM'),'T03','S01',0.4,0.57,7.7);
Insert into STUDENT.SQL_TAOYUAN_WATER (SERIAL_NUMBER,CREATE_DATE,PLACE,WATER_SYSTEM,TURBIDITY,CHLORINE,HYDROGEN) values (769,to_timestamp('12-1月 -10 09.02.44.000000000 下午','DD-MON-RR HH.MI.SSXFF AM'),'T09','S01',0.3,0.72,7.6);
Insert into STUDENT.SQL_TAOYUAN_WATER (SERIAL_NUMBER,CREATE_DATE,PLACE,WATER_SYSTEM,TURBIDITY,CHLORINE,HYDROGEN) values (770,to_timestamp('12-1月 -10 09.02.44.000000000 下午','DD-MON-RR HH.MI.SSXFF AM'),'T10','S03',0.4,0.63,7.8);
Insert into STUDENT.SQL_TAOYUAN_WATER (SERIAL_NUMBER,CREATE_DATE,PLACE,WATER_SYSTEM,TURBIDITY,CHLORINE,HYDROGEN) values (771,to_timestamp('12-1月 -10 09.02.44.000000000 下午','DD-MON-RR HH.MI.SSXFF AM'),'T20','S03',0.5,0.57,8);
Insert into STUDENT.SQL_TAOYUAN_WATER (SERIAL_NUMBER,CREATE_DATE,PLACE,WATER_SYSTEM,TURBIDITY,CHLORINE,HYDROGEN) values (772,to_timestamp('12-1月 -10 09.02.44.000000000 下午','DD-MON-RR HH.MI.SSXFF AM'),'T22','S03',0.6,0.55,7.9);
Insert into STUDENT.SQL_TAOYUAN_WATER (SERIAL_NUMBER,CREATE_DATE,PLACE,WATER_SYSTEM,TURBIDITY,CHLORINE,HYDROGEN) values (773,to_timestamp('12-1月 -10 09.02.44.000000000 下午','DD-MON-RR HH.MI.SSXFF AM'),'T23','S03',0.4,0.68,7.9);
Insert into STUDENT.SQL_TAOYUAN_WATER (SERIAL_NUMBER,CREATE_DATE,PLACE,WATER_SYSTEM,TURBIDITY,CHLORINE,HYDROGEN) values (774,to_timestamp('12-1月 -10 09.02.44.000000000 下午','DD-MON-RR HH.MI.SSXFF AM'),'T24','S03',0.2,0.73,7.8);
Insert into STUDENT.SQL_TAOYUAN_WATER (SERIAL_NUMBER,CREATE_DATE,PLACE,WATER_SYSTEM,TURBIDITY,CHLORINE,HYDROGEN) values (775,to_timestamp('12-1月 -10 09.02.44.000000000 下午','DD-MON-RR HH.MI.SSXFF AM'),'T25','S03',0.5,0.62,7.9);
Insert into STUDENT.SQL_TAOYUAN_WATER (SERIAL_NUMBER,CREATE_DATE,PLACE,WATER_SYSTEM,TURBIDITY,CHLORINE,HYDROGEN) values (776,to_timestamp('12-1月 -10 09.02.44.000000000 下午','DD-MON-RR HH.MI.SSXFF AM'),'T27','S01',0.4,0.57,7.7);
Insert into STUDENT.SQL_TAOYUAN_WATER (SERIAL_NUMBER,CREATE_DATE,PLACE,WATER_SYSTEM,TURBIDITY,CHLORINE,HYDROGEN) values (777,to_timestamp('12-1月 -10 09.02.44.000000000 下午','DD-MON-RR HH.MI.SSXFF AM'),'T28','S01',0.4,0.72,7.7);
Insert into STUDENT.SQL_TAOYUAN_WATER (SERIAL_NUMBER,CREATE_DATE,PLACE,WATER_SYSTEM,TURBIDITY,CHLORINE,HYDROGEN) values (778,to_timestamp('12-1月 -10 09.02.44.000000000 下午','DD-MON-RR HH.MI.SSXFF AM'),'T39','S03',0.4,0.67,7.8);
Insert into STUDENT.SQL_TAOYUAN_WATER (SERIAL_NUMBER,CREATE_DATE,PLACE,WATER_SYSTEM,TURBIDITY,CHLORINE,HYDROGEN) values (779,to_timestamp('12-1月 -10 09.02.44.000000000 下午','DD-MON-RR HH.MI.SSXFF AM'),'T37','S03',0.4,0.69,7.9);
Insert into STUDENT.SQL_TAOYUAN_WATER (SERIAL_NUMBER,CREATE_DATE,PLACE,WATER_SYSTEM,TURBIDITY,CHLORINE,HYDROGEN) values (780,to_timestamp('12-1月 -10 09.02.44.000000000 下午','DD-MON-RR HH.MI.SSXFF AM'),'T38','S03',0.5,0.63,7.9);
Insert into STUDENT.SQL_TAOYUAN_WATER (SERIAL_NUMBER,CREATE_DATE,PLACE,WATER_SYSTEM,TURBIDITY,CHLORINE,HYDROGEN) values (781,to_timestamp('12-1月 -10 09.02.44.000000000 下午','DD-MON-RR HH.MI.SSXFF AM'),'T51','S03',0.4,0.66,7.9);
Insert into STUDENT.SQL_TAOYUAN_WATER (SERIAL_NUMBER,CREATE_DATE,PLACE,WATER_SYSTEM,TURBIDITY,CHLORINE,HYDROGEN) values (782,to_timestamp('13-1月 -10 09.02.44.000000000 下午','DD-MON-RR HH.MI.SSXFF AM'),'T12','S01',0.4,0.53,7.1);
Insert into STUDENT.SQL_TAOYUAN_WATER (SERIAL_NUMBER,CREATE_DATE,PLACE,WATER_SYSTEM,TURBIDITY,CHLORINE,HYDROGEN) values (783,to_timestamp('13-1月 -10 09.02.44.000000000 下午','DD-MON-RR HH.MI.SSXFF AM'),'T13','S01',0.4,0.64,7.1);
Insert into STUDENT.SQL_TAOYUAN_WATER (SERIAL_NUMBER,CREATE_DATE,PLACE,WATER_SYSTEM,TURBIDITY,CHLORINE,HYDROGEN) values (784,to_timestamp('13-1月 -10 09.02.44.000000000 下午','DD-MON-RR HH.MI.SSXFF AM'),'T15','S01',0.5,0.75,8);
Insert into STUDENT.SQL_TAOYUAN_WATER (SERIAL_NUMBER,CREATE_DATE,PLACE,WATER_SYSTEM,TURBIDITY,CHLORINE,HYDROGEN) values (785,to_timestamp('13-1月 -10 09.02.44.000000000 下午','DD-MON-RR HH.MI.SSXFF AM'),'T16','S01',0.4,0.66,8.1);
Insert into STUDENT.SQL_TAOYUAN_WATER (SERIAL_NUMBER,CREATE_DATE,PLACE,WATER_SYSTEM,TURBIDITY,CHLORINE,HYDROGEN) values (786,to_timestamp('13-1月 -10 09.02.44.000000000 下午','DD-MON-RR HH.MI.SSXFF AM'),'T17','S01',0.7,0.65,8);
Insert into STUDENT.SQL_TAOYUAN_WATER (SERIAL_NUMBER,CREATE_DATE,PLACE,WATER_SYSTEM,TURBIDITY,CHLORINE,HYDROGEN) values (787,to_timestamp('13-1月 -10 09.02.44.000000000 下午','DD-MON-RR HH.MI.SSXFF AM'),'T24','S03',0.3,0.67,7.7);
Insert into STUDENT.SQL_TAOYUAN_WATER (SERIAL_NUMBER,CREATE_DATE,PLACE,WATER_SYSTEM,TURBIDITY,CHLORINE,HYDROGEN) values (788,to_timestamp('13-1月 -10 09.02.44.000000000 下午','DD-MON-RR HH.MI.SSXFF AM'),'T26','S02',0.4,0.72,7.7);
Insert into STUDENT.SQL_TAOYUAN_WATER (SERIAL_NUMBER,CREATE_DATE,PLACE,WATER_SYSTEM,TURBIDITY,CHLORINE,HYDROGEN) values (789,to_timestamp('13-1月 -10 09.02.44.000000000 下午','DD-MON-RR HH.MI.SSXFF AM'),'T26','S02',0.5,0.7,7.8);
Insert into STUDENT.SQL_TAOYUAN_WATER (SERIAL_NUMBER,CREATE_DATE,PLACE,WATER_SYSTEM,TURBIDITY,CHLORINE,HYDROGEN) values (790,to_timestamp('13-1月 -10 09.02.44.000000000 下午','DD-MON-RR HH.MI.SSXFF AM'),'T31','S01',0.3,0.7,7.5);
Insert into STUDENT.SQL_TAOYUAN_WATER (SERIAL_NUMBER,CREATE_DATE,PLACE,WATER_SYSTEM,TURBIDITY,CHLORINE,HYDROGEN) values (791,to_timestamp('13-1月 -10 09.02.44.000000000 下午','DD-MON-RR HH.MI.SSXFF AM'),'T31','S01',0.3,0.67,7.5);
Insert into STUDENT.SQL_TAOYUAN_WATER (SERIAL_NUMBER,CREATE_DATE,PLACE,WATER_SYSTEM,TURBIDITY,CHLORINE,HYDROGEN) values (792,to_timestamp('13-1月 -10 09.02.44.000000000 下午','DD-MON-RR HH.MI.SSXFF AM'),'T31','S01',0.4,0.6,7.5);
Insert into STUDENT.SQL_TAOYUAN_WATER (SERIAL_NUMBER,CREATE_DATE,PLACE,WATER_SYSTEM,TURBIDITY,CHLORINE,HYDROGEN) values (793,to_timestamp('13-1月 -10 09.02.44.000000000 下午','DD-MON-RR HH.MI.SSXFF AM'),'T33','S04',0.8,0.55,7.4);
Insert into STUDENT.SQL_TAOYUAN_WATER (SERIAL_NUMBER,CREATE_DATE,PLACE,WATER_SYSTEM,TURBIDITY,CHLORINE,HYDROGEN) values (794,to_timestamp('13-1月 -10 09.02.44.000000000 下午','DD-MON-RR HH.MI.SSXFF AM'),'T33','S04',0.8,0.55,7.4);
Insert into STUDENT.SQL_TAOYUAN_WATER (SERIAL_NUMBER,CREATE_DATE,PLACE,WATER_SYSTEM,TURBIDITY,CHLORINE,HYDROGEN) values (795,to_timestamp('13-1月 -10 09.02.44.000000000 下午','DD-MON-RR HH.MI.SSXFF AM'),'T40','S06',0.4,0.8,8);
Insert into STUDENT.SQL_TAOYUAN_WATER (SERIAL_NUMBER,CREATE_DATE,PLACE,WATER_SYSTEM,TURBIDITY,CHLORINE,HYDROGEN) values (796,to_timestamp('13-1月 -10 09.02.44.000000000 下午','DD-MON-RR HH.MI.SSXFF AM'),'T41','S06',0.4,0.79,8);
Insert into STUDENT.SQL_TAOYUAN_WATER (SERIAL_NUMBER,CREATE_DATE,PLACE,WATER_SYSTEM,TURBIDITY,CHLORINE,HYDROGEN) values (797,to_timestamp('13-1月 -10 09.02.44.000000000 下午','DD-MON-RR HH.MI.SSXFF AM'),'T42','S06',0.2,0.82,8);
Insert into STUDENT.SQL_TAOYUAN_WATER (SERIAL_NUMBER,CREATE_DATE,PLACE,WATER_SYSTEM,TURBIDITY,CHLORINE,HYDROGEN) values (798,to_timestamp('13-1月 -10 09.02.44.000000000 下午','DD-MON-RR HH.MI.SSXFF AM'),'T43','S06',0.8,0.77,7.9);
Insert into STUDENT.SQL_TAOYUAN_WATER (SERIAL_NUMBER,CREATE_DATE,PLACE,WATER_SYSTEM,TURBIDITY,CHLORINE,HYDROGEN) values (799,to_timestamp('13-1月 -10 09.02.44.000000000 下午','DD-MON-RR HH.MI.SSXFF AM'),'T44','S06',0.4,0.8,8);
Insert into STUDENT.SQL_TAOYUAN_WATER (SERIAL_NUMBER,CREATE_DATE,PLACE,WATER_SYSTEM,TURBIDITY,CHLORINE,HYDROGEN) values (533,to_timestamp('12-11月-10 09.02.44.000000000 下午','DD-MON-RR HH.MI.SSXFF AM'),'T43','S06',0.6,0.67,7.7);
Insert into STUDENT.SQL_TAOYUAN_WATER (SERIAL_NUMBER,CREATE_DATE,PLACE,WATER_SYSTEM,TURBIDITY,CHLORINE,HYDROGEN) values (534,to_timestamp('12-11月-10 09.02.44.000000000 下午','DD-MON-RR HH.MI.SSXFF AM'),'T47','S01',0.3,0.59,7.6);
Insert into STUDENT.SQL_TAOYUAN_WATER (SERIAL_NUMBER,CREATE_DATE,PLACE,WATER_SYSTEM,TURBIDITY,CHLORINE,HYDROGEN) values (535,to_timestamp('12-11月-10 09.02.44.000000000 下午','DD-MON-RR HH.MI.SSXFF AM'),'T41','S06',0.4,0.71,7.7);
Insert into STUDENT.SQL_TAOYUAN_WATER (SERIAL_NUMBER,CREATE_DATE,PLACE,WATER_SYSTEM,TURBIDITY,CHLORINE,HYDROGEN) values (536,to_timestamp('12-11月-10 09.02.44.000000000 下午','DD-MON-RR HH.MI.SSXFF AM'),'T44','S06',0.6,0.78,7.7);
Insert into STUDENT.SQL_TAOYUAN_WATER (SERIAL_NUMBER,CREATE_DATE,PLACE,WATER_SYSTEM,TURBIDITY,CHLORINE,HYDROGEN) values (537,to_timestamp('12-11月-10 09.02.44.000000000 下午','DD-MON-RR HH.MI.SSXFF AM'),'T40','S06',0.6,0.77,7.7);
Insert into STUDENT.SQL_TAOYUAN_WATER (SERIAL_NUMBER,CREATE_DATE,PLACE,WATER_SYSTEM,TURBIDITY,CHLORINE,HYDROGEN) values (538,to_timestamp('12-11月-10 09.02.44.000000000 下午','DD-MON-RR HH.MI.SSXFF AM'),'T45','S01',0.6,0.67,7.6);
Insert into STUDENT.SQL_TAOYUAN_WATER (SERIAL_NUMBER,CREATE_DATE,PLACE,WATER_SYSTEM,TURBIDITY,CHLORINE,HYDROGEN) values (539,to_timestamp('12-11月-10 09.02.44.000000000 下午','DD-MON-RR HH.MI.SSXFF AM'),'T46','S01',0.4,0.65,7.5);
Insert into STUDENT.SQL_TAOYUAN_WATER (SERIAL_NUMBER,CREATE_DATE,PLACE,WATER_SYSTEM,TURBIDITY,CHLORINE,HYDROGEN) values (540,to_timestamp('12-11月-10 09.02.44.000000000 下午','DD-MON-RR HH.MI.SSXFF AM'),'T29','S01',0.2,0.78,7.4);
Insert into STUDENT.SQL_TAOYUAN_WATER (SERIAL_NUMBER,CREATE_DATE,PLACE,WATER_SYSTEM,TURBIDITY,CHLORINE,HYDROGEN) values (541,to_timestamp('12-11月-10 09.02.44.000000000 下午','DD-MON-RR HH.MI.SSXFF AM'),'T33','S04',0.4,0.5,7.9);
Insert into STUDENT.SQL_TAOYUAN_WATER (SERIAL_NUMBER,CREATE_DATE,PLACE,WATER_SYSTEM,TURBIDITY,CHLORINE,HYDROGEN) values (542,to_timestamp('12-11月-10 09.02.44.000000000 下午','DD-MON-RR HH.MI.SSXFF AM'),'T12','S01',0.3,0.4,7.9);
Insert into STUDENT.SQL_TAOYUAN_WATER (SERIAL_NUMBER,CREATE_DATE,PLACE,WATER_SYSTEM,TURBIDITY,CHLORINE,HYDROGEN) values (543,to_timestamp('12-11月-10 09.02.44.000000000 下午','DD-MON-RR HH.MI.SSXFF AM'),'T13','S01',0.4,0.62,7.7);
Insert into STUDENT.SQL_TAOYUAN_WATER (SERIAL_NUMBER,CREATE_DATE,PLACE,WATER_SYSTEM,TURBIDITY,CHLORINE,HYDROGEN) values (544,to_timestamp('12-11月-10 09.02.44.000000000 下午','DD-MON-RR HH.MI.SSXFF AM'),'T15','S01',0.7,0.74,7.8);
Insert into STUDENT.SQL_TAOYUAN_WATER (SERIAL_NUMBER,CREATE_DATE,PLACE,WATER_SYSTEM,TURBIDITY,CHLORINE,HYDROGEN) values (545,to_timestamp('12-11月-10 09.02.44.000000000 下午','DD-MON-RR HH.MI.SSXFF AM'),'T17','S01',0.4,0.44,7.7);
Insert into STUDENT.SQL_TAOYUAN_WATER (SERIAL_NUMBER,CREATE_DATE,PLACE,WATER_SYSTEM,TURBIDITY,CHLORINE,HYDROGEN) values (546,to_timestamp('12-11月-10 09.02.44.000000000 下午','DD-MON-RR HH.MI.SSXFF AM'),'T32','S01',0.4,0.73,7.4);
Insert into STUDENT.SQL_TAOYUAN_WATER (SERIAL_NUMBER,CREATE_DATE,PLACE,WATER_SYSTEM,TURBIDITY,CHLORINE,HYDROGEN) values (547,to_timestamp('12-11月-10 09.02.44.000000000 下午','DD-MON-RR HH.MI.SSXFF AM'),'T07','S01',0.6,0.63,7.7);
Insert into STUDENT.SQL_TAOYUAN_WATER (SERIAL_NUMBER,CREATE_DATE,PLACE,WATER_SYSTEM,TURBIDITY,CHLORINE,HYDROGEN) values (548,to_timestamp('12-11月-10 09.02.44.000000000 下午','DD-MON-RR HH.MI.SSXFF AM'),'T48','S01',0.4,0.69,7.5);
Insert into STUDENT.SQL_TAOYUAN_WATER (SERIAL_NUMBER,CREATE_DATE,PLACE,WATER_SYSTEM,TURBIDITY,CHLORINE,HYDROGEN) values (549,to_timestamp('12-11月-10 09.02.44.000000000 下午','DD-MON-RR HH.MI.SSXFF AM'),'T49','S01',0.4,0.77,7.7);
Insert into STUDENT.SQL_TAOYUAN_WATER (SERIAL_NUMBER,CREATE_DATE,PLACE,WATER_SYSTEM,TURBIDITY,CHLORINE,HYDROGEN) values (550,to_timestamp('12-11月-10 09.02.44.000000000 下午','DD-MON-RR HH.MI.SSXFF AM'),'T12','S01',0.2,0.45,7.8);
Insert into STUDENT.SQL_TAOYUAN_WATER (SERIAL_NUMBER,CREATE_DATE,PLACE,WATER_SYSTEM,TURBIDITY,CHLORINE,HYDROGEN) values (551,to_timestamp('12-11月-10 09.02.44.000000000 下午','DD-MON-RR HH.MI.SSXFF AM'),'T13','S01',0.2,0.63,7.4);
Insert into STUDENT.SQL_TAOYUAN_WATER (SERIAL_NUMBER,CREATE_DATE,PLACE,WATER_SYSTEM,TURBIDITY,CHLORINE,HYDROGEN) values (552,to_timestamp('12-11月-10 09.02.44.000000000 下午','DD-MON-RR HH.MI.SSXFF AM'),'T15','S01',0.4,0.67,7.8);
Insert into STUDENT.SQL_TAOYUAN_WATER (SERIAL_NUMBER,CREATE_DATE,PLACE,WATER_SYSTEM,TURBIDITY,CHLORINE,HYDROGEN) values (553,to_timestamp('12-11月-10 09.02.44.000000000 下午','DD-MON-RR HH.MI.SSXFF AM'),'T17','S01',0.3,0.73,7.8);
Insert into STUDENT.SQL_TAOYUAN_WATER (SERIAL_NUMBER,CREATE_DATE,PLACE,WATER_SYSTEM,TURBIDITY,CHLORINE,HYDROGEN) values (554,to_timestamp('12-11月-10 09.02.44.000000000 下午','DD-MON-RR HH.MI.SSXFF AM'),'T47','S01',0.4,0.69,7.5);
Insert into STUDENT.SQL_TAOYUAN_WATER (SERIAL_NUMBER,CREATE_DATE,PLACE,WATER_SYSTEM,TURBIDITY,CHLORINE,HYDROGEN) values (555,to_timestamp('12-11月-10 09.02.44.000000000 下午','DD-MON-RR HH.MI.SSXFF AM'),'T50','S01',0.3,0.66,7.5);
Insert into STUDENT.SQL_TAOYUAN_WATER (SERIAL_NUMBER,CREATE_DATE,PLACE,WATER_SYSTEM,TURBIDITY,CHLORINE,HYDROGEN) values (556,to_timestamp('12-11月-10 09.02.44.000000000 下午','DD-MON-RR HH.MI.SSXFF AM'),'T33','S04',0.4,0.65,7.8);
Insert into STUDENT.SQL_TAOYUAN_WATER (SERIAL_NUMBER,CREATE_DATE,PLACE,WATER_SYSTEM,TURBIDITY,CHLORINE,HYDROGEN) values (557,to_timestamp('12-11月-10 09.02.44.000000000 下午','DD-MON-RR HH.MI.SSXFF AM'),'T30','S01',0.6,0.63,7.6);
Insert into STUDENT.SQL_TAOYUAN_WATER (SERIAL_NUMBER,CREATE_DATE,PLACE,WATER_SYSTEM,TURBIDITY,CHLORINE,HYDROGEN) values (558,to_timestamp('12-11月-10 09.02.44.000000000 下午','DD-MON-RR HH.MI.SSXFF AM'),'T43','S06',0.6,0.78,7.9);
Insert into STUDENT.SQL_TAOYUAN_WATER (SERIAL_NUMBER,CREATE_DATE,PLACE,WATER_SYSTEM,TURBIDITY,CHLORINE,HYDROGEN) values (559,to_timestamp('12-11月-10 09.02.44.000000000 下午','DD-MON-RR HH.MI.SSXFF AM'),'T06','S01',0.5,0.66,7.6);
Insert into STUDENT.SQL_TAOYUAN_WATER (SERIAL_NUMBER,CREATE_DATE,PLACE,WATER_SYSTEM,TURBIDITY,CHLORINE,HYDROGEN) values (560,to_timestamp('12-11月-10 09.02.44.000000000 下午','DD-MON-RR HH.MI.SSXFF AM'),'T41','S06',0.4,0.78,7.9);
Insert into STUDENT.SQL_TAOYUAN_WATER (SERIAL_NUMBER,CREATE_DATE,PLACE,WATER_SYSTEM,TURBIDITY,CHLORINE,HYDROGEN) values (561,to_timestamp('12-11月-10 09.02.44.000000000 下午','DD-MON-RR HH.MI.SSXFF AM'),'T44','S06',0.4,0.78,7.9);
Insert into STUDENT.SQL_TAOYUAN_WATER (SERIAL_NUMBER,CREATE_DATE,PLACE,WATER_SYSTEM,TURBIDITY,CHLORINE,HYDROGEN) values (562,to_timestamp('12-11月-10 09.02.44.000000000 下午','DD-MON-RR HH.MI.SSXFF AM'),'T40','S06',0.3,0.77,7.8);
Insert into STUDENT.SQL_TAOYUAN_WATER (SERIAL_NUMBER,CREATE_DATE,PLACE,WATER_SYSTEM,TURBIDITY,CHLORINE,HYDROGEN) values (563,to_timestamp('12-11月-10 09.02.44.000000000 下午','DD-MON-RR HH.MI.SSXFF AM'),'T31','S01',0.4,0.64,7.4);
Insert into STUDENT.SQL_TAOYUAN_WATER (SERIAL_NUMBER,CREATE_DATE,PLACE,WATER_SYSTEM,TURBIDITY,CHLORINE,HYDROGEN) values (564,to_timestamp('12-11月-10 09.02.44.000000000 下午','DD-MON-RR HH.MI.SSXFF AM'),'T47','S01',0.4,0.6,7.7);
Insert into STUDENT.SQL_TAOYUAN_WATER (SERIAL_NUMBER,CREATE_DATE,PLACE,WATER_SYSTEM,TURBIDITY,CHLORINE,HYDROGEN) values (565,to_timestamp('12-11月-10 09.02.44.000000000 下午','DD-MON-RR HH.MI.SSXFF AM'),'T31','S01',0.2,0.75,7.5);
Insert into STUDENT.SQL_TAOYUAN_WATER (SERIAL_NUMBER,CREATE_DATE,PLACE,WATER_SYSTEM,TURBIDITY,CHLORINE,HYDROGEN) values (566,to_timestamp('12-11月-10 09.02.44.000000000 下午','DD-MON-RR HH.MI.SSXFF AM'),'T31','S01',0.3,0.72,7.5);
Insert into STUDENT.SQL_TAOYUAN_WATER (SERIAL_NUMBER,CREATE_DATE,PLACE,WATER_SYSTEM,TURBIDITY,CHLORINE,HYDROGEN) values (567,to_timestamp('12-11月-10 09.02.44.000000000 下午','DD-MON-RR HH.MI.SSXFF AM'),'T31','S01',0.3,0.72,7.5);
Insert into STUDENT.SQL_TAOYUAN_WATER (SERIAL_NUMBER,CREATE_DATE,PLACE,WATER_SYSTEM,TURBIDITY,CHLORINE,HYDROGEN) values (568,to_timestamp('12-11月-10 09.02.44.000000000 下午','DD-MON-RR HH.MI.SSXFF AM'),'T26','S02',0.2,0.65,7.6);
Insert into STUDENT.SQL_TAOYUAN_WATER (SERIAL_NUMBER,CREATE_DATE,PLACE,WATER_SYSTEM,TURBIDITY,CHLORINE,HYDROGEN) values (569,to_timestamp('12-11月-10 09.02.44.000000000 下午','DD-MON-RR HH.MI.SSXFF AM'),'T26','S02',0.4,0.69,7.7);
Insert into STUDENT.SQL_TAOYUAN_WATER (SERIAL_NUMBER,CREATE_DATE,PLACE,WATER_SYSTEM,TURBIDITY,CHLORINE,HYDROGEN) values (570,to_timestamp('12-11月-10 09.02.44.000000000 下午','DD-MON-RR HH.MI.SSXFF AM'),'T24','S03',0.2,0.7,7.7);
Insert into STUDENT.SQL_TAOYUAN_WATER (SERIAL_NUMBER,CREATE_DATE,PLACE,WATER_SYSTEM,TURBIDITY,CHLORINE,HYDROGEN) values (571,to_timestamp('12-11月-10 09.02.44.000000000 下午','DD-MON-RR HH.MI.SSXFF AM'),'T16','S01',0.2,0.72,7.6);
Insert into STUDENT.SQL_TAOYUAN_WATER (SERIAL_NUMBER,CREATE_DATE,PLACE,WATER_SYSTEM,TURBIDITY,CHLORINE,HYDROGEN) values (572,to_timestamp('12-11月-10 09.02.44.000000000 下午','DD-MON-RR HH.MI.SSXFF AM'),'T42','S06',0.4,0.75,7.7);
Insert into STUDENT.SQL_TAOYUAN_WATER (SERIAL_NUMBER,CREATE_DATE,PLACE,WATER_SYSTEM,TURBIDITY,CHLORINE,HYDROGEN) values (573,to_timestamp('12-11月-10 09.02.44.000000000 下午','DD-MON-RR HH.MI.SSXFF AM'),'T33','S04',0.4,0.54,7.8);
Insert into STUDENT.SQL_TAOYUAN_WATER (SERIAL_NUMBER,CREATE_DATE,PLACE,WATER_SYSTEM,TURBIDITY,CHLORINE,HYDROGEN) values (574,to_timestamp('12-11月-10 09.02.44.000000000 下午','DD-MON-RR HH.MI.SSXFF AM'),'T27','S01',0.4,0.68,7.6);
Insert into STUDENT.SQL_TAOYUAN_WATER (SERIAL_NUMBER,CREATE_DATE,PLACE,WATER_SYSTEM,TURBIDITY,CHLORINE,HYDROGEN) values (575,to_timestamp('12-11月-10 09.02.44.000000000 下午','DD-MON-RR HH.MI.SSXFF AM'),'T28','S01',0.5,0.7,7.7);
Insert into STUDENT.SQL_TAOYUAN_WATER (SERIAL_NUMBER,CREATE_DATE,PLACE,WATER_SYSTEM,TURBIDITY,CHLORINE,HYDROGEN) values (576,to_timestamp('12-11月-10 09.02.44.000000000 下午','DD-MON-RR HH.MI.SSXFF AM'),'T09','S01',0.4,0.61,7.7);
Insert into STUDENT.SQL_TAOYUAN_WATER (SERIAL_NUMBER,CREATE_DATE,PLACE,WATER_SYSTEM,TURBIDITY,CHLORINE,HYDROGEN) values (577,to_timestamp('12-11月-10 09.02.44.000000000 下午','DD-MON-RR HH.MI.SSXFF AM'),'T01','S01',0.4,0.65,7.7);
Insert into STUDENT.SQL_TAOYUAN_WATER (SERIAL_NUMBER,CREATE_DATE,PLACE,WATER_SYSTEM,TURBIDITY,CHLORINE,HYDROGEN) values (578,to_timestamp('12-11月-10 09.02.44.000000000 下午','DD-MON-RR HH.MI.SSXFF AM'),'T02','S01',0.4,0.64,7.7);
Insert into STUDENT.SQL_TAOYUAN_WATER (SERIAL_NUMBER,CREATE_DATE,PLACE,WATER_SYSTEM,TURBIDITY,CHLORINE,HYDROGEN) values (579,to_timestamp('12-11月-10 09.02.44.000000000 下午','DD-MON-RR HH.MI.SSXFF AM'),'T05','S01',0.4,0.64,7.7);
Insert into STUDENT.SQL_TAOYUAN_WATER (SERIAL_NUMBER,CREATE_DATE,PLACE,WATER_SYSTEM,TURBIDITY,CHLORINE,HYDROGEN) values (580,to_timestamp('12-11月-10 09.02.44.000000000 下午','DD-MON-RR HH.MI.SSXFF AM'),'T03','S01',0.4,0.71,7.8);
Insert into STUDENT.SQL_TAOYUAN_WATER (SERIAL_NUMBER,CREATE_DATE,PLACE,WATER_SYSTEM,TURBIDITY,CHLORINE,HYDROGEN) values (581,to_timestamp('12-11月-10 09.02.44.000000000 下午','DD-MON-RR HH.MI.SSXFF AM'),'T04','S01',0.7,0.65,7.6);
Insert into STUDENT.SQL_TAOYUAN_WATER (SERIAL_NUMBER,CREATE_DATE,PLACE,WATER_SYSTEM,TURBIDITY,CHLORINE,HYDROGEN) values (582,to_timestamp('12-11月-10 09.02.44.000000000 下午','DD-MON-RR HH.MI.SSXFF AM'),'T21','S02',0.4,0.62,7.7);
Insert into STUDENT.SQL_TAOYUAN_WATER (SERIAL_NUMBER,CREATE_DATE,PLACE,WATER_SYSTEM,TURBIDITY,CHLORINE,HYDROGEN) values (583,to_timestamp('12-11月-10 09.02.44.000000000 下午','DD-MON-RR HH.MI.SSXFF AM'),'T51','S02',0.4,0.52,7.6);
Insert into STUDENT.SQL_TAOYUAN_WATER (SERIAL_NUMBER,CREATE_DATE,PLACE,WATER_SYSTEM,TURBIDITY,CHLORINE,HYDROGEN) values (584,to_timestamp('12-11月-10 09.02.44.000000000 下午','DD-MON-RR HH.MI.SSXFF AM'),'T19','S02',0.5,0.57,7.6);
Insert into STUDENT.SQL_TAOYUAN_WATER (SERIAL_NUMBER,CREATE_DATE,PLACE,WATER_SYSTEM,TURBIDITY,CHLORINE,HYDROGEN) values (585,to_timestamp('12-11月-10 09.02.44.000000000 下午','DD-MON-RR HH.MI.SSXFF AM'),'T08','S02',0.6,0.54,7.7);
Insert into STUDENT.SQL_TAOYUAN_WATER (SERIAL_NUMBER,CREATE_DATE,PLACE,WATER_SYSTEM,TURBIDITY,CHLORINE,HYDROGEN) values (586,to_timestamp('12-11月-10 09.02.44.000000000 下午','DD-MON-RR HH.MI.SSXFF AM'),'T34','S02',0.6,0.55,7.7);
Insert into STUDENT.SQL_TAOYUAN_WATER (SERIAL_NUMBER,CREATE_DATE,PLACE,WATER_SYSTEM,TURBIDITY,CHLORINE,HYDROGEN) values (587,to_timestamp('12-11月-10 09.02.44.000000000 下午','DD-MON-RR HH.MI.SSXFF AM'),'T35','S02',0.5,0.61,7.7);
Insert into STUDENT.SQL_TAOYUAN_WATER (SERIAL_NUMBER,CREATE_DATE,PLACE,WATER_SYSTEM,TURBIDITY,CHLORINE,HYDROGEN) values (588,to_timestamp('12-11月-10 09.02.44.000000000 下午','DD-MON-RR HH.MI.SSXFF AM'),'T36','S02',0.4,0.64,7.7);
Insert into STUDENT.SQL_TAOYUAN_WATER (SERIAL_NUMBER,CREATE_DATE,PLACE,WATER_SYSTEM,TURBIDITY,CHLORINE,HYDROGEN) values (589,to_timestamp('12-11月-10 09.02.44.000000000 下午','DD-MON-RR HH.MI.SSXFF AM'),'T26','S02',0.2,0.68,7.7);
Insert into STUDENT.SQL_TAOYUAN_WATER (SERIAL_NUMBER,CREATE_DATE,PLACE,WATER_SYSTEM,TURBIDITY,CHLORINE,HYDROGEN) values (590,to_timestamp('12-11月-10 09.02.44.000000000 下午','DD-MON-RR HH.MI.SSXFF AM'),'T24','S03',0.2,0.67,7.6);
Insert into STUDENT.SQL_TAOYUAN_WATER (SERIAL_NUMBER,CREATE_DATE,PLACE,WATER_SYSTEM,TURBIDITY,CHLORINE,HYDROGEN) values (591,to_timestamp('12-11月-10 09.02.44.000000000 下午','DD-MON-RR HH.MI.SSXFF AM'),'T22','S03',0.3,0.53,7.7);
Insert into STUDENT.SQL_TAOYUAN_WATER (SERIAL_NUMBER,CREATE_DATE,PLACE,WATER_SYSTEM,TURBIDITY,CHLORINE,HYDROGEN) values (592,to_timestamp('12-11月-10 09.02.44.000000000 下午','DD-MON-RR HH.MI.SSXFF AM'),'T10','S03',0.4,0.53,7.7);
Insert into STUDENT.SQL_TAOYUAN_WATER (SERIAL_NUMBER,CREATE_DATE,PLACE,WATER_SYSTEM,TURBIDITY,CHLORINE,HYDROGEN) values (593,to_timestamp('12-11月-10 09.02.44.000000000 下午','DD-MON-RR HH.MI.SSXFF AM'),'T39','S03',0.2,0.56,7.8);
Insert into STUDENT.SQL_TAOYUAN_WATER (SERIAL_NUMBER,CREATE_DATE,PLACE,WATER_SYSTEM,TURBIDITY,CHLORINE,HYDROGEN) values (594,to_timestamp('12-11月-10 09.02.44.000000000 下午','DD-MON-RR HH.MI.SSXFF AM'),'T25','S03',0.2,0.61,7.6);
Insert into STUDENT.SQL_TAOYUAN_WATER (SERIAL_NUMBER,CREATE_DATE,PLACE,WATER_SYSTEM,TURBIDITY,CHLORINE,HYDROGEN) values (595,to_timestamp('12-11月-10 09.02.44.000000000 下午','DD-MON-RR HH.MI.SSXFF AM'),'T37','S03',0.3,0.63,7.7);
Insert into STUDENT.SQL_TAOYUAN_WATER (SERIAL_NUMBER,CREATE_DATE,PLACE,WATER_SYSTEM,TURBIDITY,CHLORINE,HYDROGEN) values (596,to_timestamp('12-11月-10 09.02.44.000000000 下午','DD-MON-RR HH.MI.SSXFF AM'),'T20','S03',0.3,0.57,7.7);
Insert into STUDENT.SQL_TAOYUAN_WATER (SERIAL_NUMBER,CREATE_DATE,PLACE,WATER_SYSTEM,TURBIDITY,CHLORINE,HYDROGEN) values (597,to_timestamp('12-11月-10 09.02.44.000000000 下午','DD-MON-RR HH.MI.SSXFF AM'),'T51','S03',0.3,0.6,7.6);
Insert into STUDENT.SQL_TAOYUAN_WATER (SERIAL_NUMBER,CREATE_DATE,PLACE,WATER_SYSTEM,TURBIDITY,CHLORINE,HYDROGEN) values (598,to_timestamp('12-11月-10 09.02.44.000000000 下午','DD-MON-RR HH.MI.SSXFF AM'),'T23','S03',0.5,0.58,7.6);
Insert into STUDENT.SQL_TAOYUAN_WATER (SERIAL_NUMBER,CREATE_DATE,PLACE,WATER_SYSTEM,TURBIDITY,CHLORINE,HYDROGEN) values (599,to_timestamp('12-11月-10 09.02.44.000000000 下午','DD-MON-RR HH.MI.SSXFF AM'),'T38','S03',0.4,0.57,7.7);
Insert into STUDENT.SQL_TAOYUAN_WATER (SERIAL_NUMBER,CREATE_DATE,PLACE,WATER_SYSTEM,TURBIDITY,CHLORINE,HYDROGEN) values (600,to_timestamp('12-2月 -10 09.02.44.000000000 下午','DD-MON-RR HH.MI.SSXFF AM'),'T06','S01',0.4,0.59,7.8);
Insert into STUDENT.SQL_TAOYUAN_WATER (SERIAL_NUMBER,CREATE_DATE,PLACE,WATER_SYSTEM,TURBIDITY,CHLORINE,HYDROGEN) values (601,to_timestamp('12-2月 -10 09.02.44.000000000 下午','DD-MON-RR HH.MI.SSXFF AM'),'T10','S03',0.4,0.64,7.9);
Insert into STUDENT.SQL_TAOYUAN_WATER (SERIAL_NUMBER,CREATE_DATE,PLACE,WATER_SYSTEM,TURBIDITY,CHLORINE,HYDROGEN) values (602,to_timestamp('12-2月 -10 09.02.44.000000000 下午','DD-MON-RR HH.MI.SSXFF AM'),'T20','S03',0.2,0.51,8);
Insert into STUDENT.SQL_TAOYUAN_WATER (SERIAL_NUMBER,CREATE_DATE,PLACE,WATER_SYSTEM,TURBIDITY,CHLORINE,HYDROGEN) values (603,to_timestamp('12-2月 -10 09.02.44.000000000 下午','DD-MON-RR HH.MI.SSXFF AM'),'T22','S03',0.7,0.82,8);
Insert into STUDENT.SQL_TAOYUAN_WATER (SERIAL_NUMBER,CREATE_DATE,PLACE,WATER_SYSTEM,TURBIDITY,CHLORINE,HYDROGEN) values (604,to_timestamp('12-2月 -10 09.02.44.000000000 下午','DD-MON-RR HH.MI.SSXFF AM'),'T23','S03',0.5,0.77,8);
Insert into STUDENT.SQL_TAOYUAN_WATER (SERIAL_NUMBER,CREATE_DATE,PLACE,WATER_SYSTEM,TURBIDITY,CHLORINE,HYDROGEN) values (605,to_timestamp('12-2月 -10 09.02.44.000000000 下午','DD-MON-RR HH.MI.SSXFF AM'),'T24','S03',0.2,0.76,7.9);
Insert into STUDENT.SQL_TAOYUAN_WATER (SERIAL_NUMBER,CREATE_DATE,PLACE,WATER_SYSTEM,TURBIDITY,CHLORINE,HYDROGEN) values (606,to_timestamp('12-2月 -10 09.02.44.000000000 下午','DD-MON-RR HH.MI.SSXFF AM'),'T25','S03',0.3,0.76,7.9);
Insert into STUDENT.SQL_TAOYUAN_WATER (SERIAL_NUMBER,CREATE_DATE,PLACE,WATER_SYSTEM,TURBIDITY,CHLORINE,HYDROGEN) values (607,to_timestamp('12-2月 -10 09.02.44.000000000 下午','DD-MON-RR HH.MI.SSXFF AM'),'T30','S01',0.4,0.55,7.7);
Insert into STUDENT.SQL_TAOYUAN_WATER (SERIAL_NUMBER,CREATE_DATE,PLACE,WATER_SYSTEM,TURBIDITY,CHLORINE,HYDROGEN) values (608,to_timestamp('12-2月 -10 09.02.44.000000000 下午','DD-MON-RR HH.MI.SSXFF AM'),'T31','S01',0.5,0.61,7.4);
Insert into STUDENT.SQL_TAOYUAN_WATER (SERIAL_NUMBER,CREATE_DATE,PLACE,WATER_SYSTEM,TURBIDITY,CHLORINE,HYDROGEN) values (609,to_timestamp('12-2月 -10 09.02.44.000000000 下午','DD-MON-RR HH.MI.SSXFF AM'),'T39','S03',1.1,0.62,7.9);
Insert into STUDENT.SQL_TAOYUAN_WATER (SERIAL_NUMBER,CREATE_DATE,PLACE,WATER_SYSTEM,TURBIDITY,CHLORINE,HYDROGEN) values (610,to_timestamp('12-2月 -10 09.02.44.000000000 下午','DD-MON-RR HH.MI.SSXFF AM'),'T37','S03',0.8,0.64,7.9);
Insert into STUDENT.SQL_TAOYUAN_WATER (SERIAL_NUMBER,CREATE_DATE,PLACE,WATER_SYSTEM,TURBIDITY,CHLORINE,HYDROGEN) values (611,to_timestamp('12-2月 -10 09.02.44.000000000 下午','DD-MON-RR HH.MI.SSXFF AM'),'T38','S03',1,0.65,8);
Insert into STUDENT.SQL_TAOYUAN_WATER (SERIAL_NUMBER,CREATE_DATE,PLACE,WATER_SYSTEM,TURBIDITY,CHLORINE,HYDROGEN) values (612,to_timestamp('12-2月 -10 09.02.44.000000000 下午','DD-MON-RR HH.MI.SSXFF AM'),'T47','S01',0.8,0.54,7.6);
Insert into STUDENT.SQL_TAOYUAN_WATER (SERIAL_NUMBER,CREATE_DATE,PLACE,WATER_SYSTEM,TURBIDITY,CHLORINE,HYDROGEN) values (613,to_timestamp('12-2月 -10 09.02.44.000000000 下午','DD-MON-RR HH.MI.SSXFF AM'),'T47','S01',0.3,0.59,7.7);
Insert into STUDENT.SQL_TAOYUAN_WATER (SERIAL_NUMBER,CREATE_DATE,PLACE,WATER_SYSTEM,TURBIDITY,CHLORINE,HYDROGEN) values (614,to_timestamp('12-2月 -10 09.02.44.000000000 下午','DD-MON-RR HH.MI.SSXFF AM'),'T50','S01',0.3,0.62,7.7);
Insert into STUDENT.SQL_TAOYUAN_WATER (SERIAL_NUMBER,CREATE_DATE,PLACE,WATER_SYSTEM,TURBIDITY,CHLORINE,HYDROGEN) values (615,to_timestamp('12-2月 -10 09.02.44.000000000 下午','DD-MON-RR HH.MI.SSXFF AM'),'T51','S03',0.4,0.72,8);
Insert into STUDENT.SQL_TAOYUAN_WATER (SERIAL_NUMBER,CREATE_DATE,PLACE,WATER_SYSTEM,TURBIDITY,CHLORINE,HYDROGEN) values (616,to_timestamp('12-2月 -10 09.02.44.000000000 下午','DD-MON-RR HH.MI.SSXFF AM'),'T08','S02',0.4,0.64,7.9);
Insert into STUDENT.SQL_TAOYUAN_WATER (SERIAL_NUMBER,CREATE_DATE,PLACE,WATER_SYSTEM,TURBIDITY,CHLORINE,HYDROGEN) values (617,to_timestamp('12-2月 -10 09.02.44.000000000 下午','DD-MON-RR HH.MI.SSXFF AM'),'T16','S01',0.3,0.68,7.7);
Insert into STUDENT.SQL_TAOYUAN_WATER (SERIAL_NUMBER,CREATE_DATE,PLACE,WATER_SYSTEM,TURBIDITY,CHLORINE,HYDROGEN) values (618,to_timestamp('12-2月 -10 09.02.44.000000000 下午','DD-MON-RR HH.MI.SSXFF AM'),'T18','S02',1,0.51,8);
Insert into STUDENT.SQL_TAOYUAN_WATER (SERIAL_NUMBER,CREATE_DATE,PLACE,WATER_SYSTEM,TURBIDITY,CHLORINE,HYDROGEN) values (619,to_timestamp('12-2月 -10 09.02.44.000000000 下午','DD-MON-RR HH.MI.SSXFF AM'),'T19','S02',0.9,0.7,8);
Insert into STUDENT.SQL_TAOYUAN_WATER (SERIAL_NUMBER,CREATE_DATE,PLACE,WATER_SYSTEM,TURBIDITY,CHLORINE,HYDROGEN) values (620,to_timestamp('12-2月 -10 09.02.44.000000000 下午','DD-MON-RR HH.MI.SSXFF AM'),'T24','S03',0.3,0.69,7.8);
Insert into STUDENT.SQL_TAOYUAN_WATER (SERIAL_NUMBER,CREATE_DATE,PLACE,WATER_SYSTEM,TURBIDITY,CHLORINE,HYDROGEN) values (621,to_timestamp('12-2月 -10 09.02.44.000000000 下午','DD-MON-RR HH.MI.SSXFF AM'),'T26','S02',0.2,0.67,7.8);
Insert into STUDENT.SQL_TAOYUAN_WATER (SERIAL_NUMBER,CREATE_DATE,PLACE,WATER_SYSTEM,TURBIDITY,CHLORINE,HYDROGEN) values (622,to_timestamp('12-2月 -10 09.02.44.000000000 下午','DD-MON-RR HH.MI.SSXFF AM'),'T26','S02',0.3,0.71,7.9);
Insert into STUDENT.SQL_TAOYUAN_WATER (SERIAL_NUMBER,CREATE_DATE,PLACE,WATER_SYSTEM,TURBIDITY,CHLORINE,HYDROGEN) values (623,to_timestamp('12-2月 -10 09.02.44.000000000 下午','DD-MON-RR HH.MI.SSXFF AM'),'T26','S02',0.4,0.74,7.8);
Insert into STUDENT.SQL_TAOYUAN_WATER (SERIAL_NUMBER,CREATE_DATE,PLACE,WATER_SYSTEM,TURBIDITY,CHLORINE,HYDROGEN) values (624,to_timestamp('12-2月 -10 09.02.44.000000000 下午','DD-MON-RR HH.MI.SSXFF AM'),'T31','S01',0.2,0.67,7.5);
Insert into STUDENT.SQL_TAOYUAN_WATER (SERIAL_NUMBER,CREATE_DATE,PLACE,WATER_SYSTEM,TURBIDITY,CHLORINE,HYDROGEN) values (625,to_timestamp('12-2月 -10 09.02.44.000000000 下午','DD-MON-RR HH.MI.SSXFF AM'),'T31','S01',0.3,0.69,7.7);
Insert into STUDENT.SQL_TAOYUAN_WATER (SERIAL_NUMBER,CREATE_DATE,PLACE,WATER_SYSTEM,TURBIDITY,CHLORINE,HYDROGEN) values (626,to_timestamp('12-2月 -10 09.02.44.000000000 下午','DD-MON-RR HH.MI.SSXFF AM'),'T31','S01',0.3,0.75,7.6);
Insert into STUDENT.SQL_TAOYUAN_WATER (SERIAL_NUMBER,CREATE_DATE,PLACE,WATER_SYSTEM,TURBIDITY,CHLORINE,HYDROGEN) values (627,to_timestamp('12-2月 -10 09.02.44.000000000 下午','DD-MON-RR HH.MI.SSXFF AM'),'T33','S04',0.6,0.47,7.7);
Insert into STUDENT.SQL_TAOYUAN_WATER (SERIAL_NUMBER,CREATE_DATE,PLACE,WATER_SYSTEM,TURBIDITY,CHLORINE,HYDROGEN) values (628,to_timestamp('12-2月 -10 09.02.44.000000000 下午','DD-MON-RR HH.MI.SSXFF AM'),'T34','S02',0.3,0.63,8);
Insert into STUDENT.SQL_TAOYUAN_WATER (SERIAL_NUMBER,CREATE_DATE,PLACE,WATER_SYSTEM,TURBIDITY,CHLORINE,HYDROGEN) values (629,to_timestamp('12-2月 -10 09.02.44.000000000 下午','DD-MON-RR HH.MI.SSXFF AM'),'T35','S02',0.3,0.7,7.9);
Insert into STUDENT.SQL_TAOYUAN_WATER (SERIAL_NUMBER,CREATE_DATE,PLACE,WATER_SYSTEM,TURBIDITY,CHLORINE,HYDROGEN) values (630,to_timestamp('12-2月 -10 09.02.44.000000000 下午','DD-MON-RR HH.MI.SSXFF AM'),'T36','S02',0.2,0.77,7.9);
Insert into STUDENT.SQL_TAOYUAN_WATER (SERIAL_NUMBER,CREATE_DATE,PLACE,WATER_SYSTEM,TURBIDITY,CHLORINE,HYDROGEN) values (631,to_timestamp('12-2月 -10 09.02.44.000000000 下午','DD-MON-RR HH.MI.SSXFF AM'),'T42','S06',0.2,0.79,8);
Insert into STUDENT.SQL_TAOYUAN_WATER (SERIAL_NUMBER,CREATE_DATE,PLACE,WATER_SYSTEM,TURBIDITY,CHLORINE,HYDROGEN) values (632,to_timestamp('12-2月 -10 09.02.44.000000000 下午','DD-MON-RR HH.MI.SSXFF AM'),'T51','S02',0.5,0.75,8);
Insert into STUDENT.SQL_TAOYUAN_WATER (SERIAL_NUMBER,CREATE_DATE,PLACE,WATER_SYSTEM,TURBIDITY,CHLORINE,HYDROGEN) values (633,to_timestamp('12-2月 -10 09.02.44.000000000 下午','DD-MON-RR HH.MI.SSXFF AM'),'T07','S01',0.4,0.54,7.7);
Insert into STUDENT.SQL_TAOYUAN_WATER (SERIAL_NUMBER,CREATE_DATE,PLACE,WATER_SYSTEM,TURBIDITY,CHLORINE,HYDROGEN) values (634,to_timestamp('12-2月 -10 09.02.44.000000000 下午','DD-MON-RR HH.MI.SSXFF AM'),'T12','S01',0.4,0.47,7.7);
Insert into STUDENT.SQL_TAOYUAN_WATER (SERIAL_NUMBER,CREATE_DATE,PLACE,WATER_SYSTEM,TURBIDITY,CHLORINE,HYDROGEN) values (635,to_timestamp('12-2月 -10 09.02.44.000000000 下午','DD-MON-RR HH.MI.SSXFF AM'),'T13','S01',0.3,0.59,7.5);
Insert into STUDENT.SQL_TAOYUAN_WATER (SERIAL_NUMBER,CREATE_DATE,PLACE,WATER_SYSTEM,TURBIDITY,CHLORINE,HYDROGEN) values (636,to_timestamp('12-2月 -10 09.02.44.000000000 下午','DD-MON-RR HH.MI.SSXFF AM'),'T15','S01',0.4,0.81,7.9);
Insert into STUDENT.SQL_TAOYUAN_WATER (SERIAL_NUMBER,CREATE_DATE,PLACE,WATER_SYSTEM,TURBIDITY,CHLORINE,HYDROGEN) values (637,to_timestamp('12-2月 -10 09.02.44.000000000 下午','DD-MON-RR HH.MI.SSXFF AM'),'T17','S01',0.5,0.74,7.9);
Insert into STUDENT.SQL_TAOYUAN_WATER (SERIAL_NUMBER,CREATE_DATE,PLACE,WATER_SYSTEM,TURBIDITY,CHLORINE,HYDROGEN) values (638,to_timestamp('12-2月 -10 09.02.44.000000000 下午','DD-MON-RR HH.MI.SSXFF AM'),'T29','S01',0.3,0.49,7.4);
Insert into STUDENT.SQL_TAOYUAN_WATER (SERIAL_NUMBER,CREATE_DATE,PLACE,WATER_SYSTEM,TURBIDITY,CHLORINE,HYDROGEN) values (639,to_timestamp('12-2月 -10 09.02.44.000000000 下午','DD-MON-RR HH.MI.SSXFF AM'),'T32','S01',0.3,0.45,7.6);
Insert into STUDENT.SQL_TAOYUAN_WATER (SERIAL_NUMBER,CREATE_DATE,PLACE,WATER_SYSTEM,TURBIDITY,CHLORINE,HYDROGEN) values (640,to_timestamp('12-2月 -10 09.02.44.000000000 下午','DD-MON-RR HH.MI.SSXFF AM'),'T33','S04',0.6,0.62,7.9);
Insert into STUDENT.SQL_TAOYUAN_WATER (SERIAL_NUMBER,CREATE_DATE,PLACE,WATER_SYSTEM,TURBIDITY,CHLORINE,HYDROGEN) values (641,to_timestamp('12-2月 -10 09.02.44.000000000 下午','DD-MON-RR HH.MI.SSXFF AM'),'T40','S06',0.8,0.79,7.9);
Insert into STUDENT.SQL_TAOYUAN_WATER (SERIAL_NUMBER,CREATE_DATE,PLACE,WATER_SYSTEM,TURBIDITY,CHLORINE,HYDROGEN) values (642,to_timestamp('12-2月 -10 09.02.44.000000000 下午','DD-MON-RR HH.MI.SSXFF AM'),'T41','S06',0.7,0.78,7.8);
Insert into STUDENT.SQL_TAOYUAN_WATER (SERIAL_NUMBER,CREATE_DATE,PLACE,WATER_SYSTEM,TURBIDITY,CHLORINE,HYDROGEN) values (643,to_timestamp('12-2月 -10 09.02.44.000000000 下午','DD-MON-RR HH.MI.SSXFF AM'),'T43','S06',0.5,0.79,7.9);
Insert into STUDENT.SQL_TAOYUAN_WATER (SERIAL_NUMBER,CREATE_DATE,PLACE,WATER_SYSTEM,TURBIDITY,CHLORINE,HYDROGEN) values (644,to_timestamp('12-2月 -10 09.02.44.000000000 下午','DD-MON-RR HH.MI.SSXFF AM'),'T44','S06',0.6,0.77,7.8);
Insert into STUDENT.SQL_TAOYUAN_WATER (SERIAL_NUMBER,CREATE_DATE,PLACE,WATER_SYSTEM,TURBIDITY,CHLORINE,HYDROGEN) values (645,to_timestamp('12-2月 -10 09.02.44.000000000 下午','DD-MON-RR HH.MI.SSXFF AM'),'T45','S01',0.4,0.62,7.7);
Insert into STUDENT.SQL_TAOYUAN_WATER (SERIAL_NUMBER,CREATE_DATE,PLACE,WATER_SYSTEM,TURBIDITY,CHLORINE,HYDROGEN) values (646,to_timestamp('12-2月 -10 09.02.44.000000000 下午','DD-MON-RR HH.MI.SSXFF AM'),'T46','S01',0.3,0.53,7.7);
Insert into STUDENT.SQL_TAOYUAN_WATER (SERIAL_NUMBER,CREATE_DATE,PLACE,WATER_SYSTEM,TURBIDITY,CHLORINE,HYDROGEN) values (647,to_timestamp('12-2月 -10 09.02.44.000000000 下午','DD-MON-RR HH.MI.SSXFF AM'),'T48','S01',0.3,0.63,7.7);
Insert into STUDENT.SQL_TAOYUAN_WATER (SERIAL_NUMBER,CREATE_DATE,PLACE,WATER_SYSTEM,TURBIDITY,CHLORINE,HYDROGEN) values (648,to_timestamp('12-2月 -10 09.02.44.000000000 下午','DD-MON-RR HH.MI.SSXFF AM'),'T49','S01',0.4,0.58,7.8);
Insert into STUDENT.SQL_TAOYUAN_WATER (SERIAL_NUMBER,CREATE_DATE,PLACE,WATER_SYSTEM,TURBIDITY,CHLORINE,HYDROGEN) values (649,to_timestamp('12-2月 -10 09.02.44.000000000 下午','DD-MON-RR HH.MI.SSXFF AM'),'T47','S01',0.3,0.63,7.6);
Insert into STUDENT.SQL_TAOYUAN_WATER (SERIAL_NUMBER,CREATE_DATE,PLACE,WATER_SYSTEM,TURBIDITY,CHLORINE,HYDROGEN) values (650,to_timestamp('12-2月 -10 09.02.44.000000000 下午','DD-MON-RR HH.MI.SSXFF AM'),'T06','S01',0.4,0.59,7.8);
Insert into STUDENT.SQL_TAOYUAN_WATER (SERIAL_NUMBER,CREATE_DATE,PLACE,WATER_SYSTEM,TURBIDITY,CHLORINE,HYDROGEN) values (651,to_timestamp('12-2月 -10 09.02.44.000000000 下午','DD-MON-RR HH.MI.SSXFF AM'),'T10','S03',0.4,0.64,7.9);
Insert into STUDENT.SQL_TAOYUAN_WATER (SERIAL_NUMBER,CREATE_DATE,PLACE,WATER_SYSTEM,TURBIDITY,CHLORINE,HYDROGEN) values (652,to_timestamp('12-2月 -10 09.02.44.000000000 下午','DD-MON-RR HH.MI.SSXFF AM'),'T20','S03',0.2,0.51,8);
Insert into STUDENT.SQL_TAOYUAN_WATER (SERIAL_NUMBER,CREATE_DATE,PLACE,WATER_SYSTEM,TURBIDITY,CHLORINE,HYDROGEN) values (653,to_timestamp('12-2月 -10 09.02.44.000000000 下午','DD-MON-RR HH.MI.SSXFF AM'),'T22','S03',0.7,0.82,8);
Insert into STUDENT.SQL_TAOYUAN_WATER (SERIAL_NUMBER,CREATE_DATE,PLACE,WATER_SYSTEM,TURBIDITY,CHLORINE,HYDROGEN) values (654,to_timestamp('12-2月 -10 09.02.44.000000000 下午','DD-MON-RR HH.MI.SSXFF AM'),'T23','S03',0.5,0.77,8);
Insert into STUDENT.SQL_TAOYUAN_WATER (SERIAL_NUMBER,CREATE_DATE,PLACE,WATER_SYSTEM,TURBIDITY,CHLORINE,HYDROGEN) values (655,to_timestamp('12-2月 -10 09.02.44.000000000 下午','DD-MON-RR HH.MI.SSXFF AM'),'T24','S03',0.2,0.76,7.9);
Insert into STUDENT.SQL_TAOYUAN_WATER (SERIAL_NUMBER,CREATE_DATE,PLACE,WATER_SYSTEM,TURBIDITY,CHLORINE,HYDROGEN) values (656,to_timestamp('12-2月 -10 09.02.44.000000000 下午','DD-MON-RR HH.MI.SSXFF AM'),'T25','S03',0.3,0.76,7.9);
Insert into STUDENT.SQL_TAOYUAN_WATER (SERIAL_NUMBER,CREATE_DATE,PLACE,WATER_SYSTEM,TURBIDITY,CHLORINE,HYDROGEN) values (657,to_timestamp('12-2月 -10 09.02.44.000000000 下午','DD-MON-RR HH.MI.SSXFF AM'),'T30','S01',0.4,0.55,7.7);
Insert into STUDENT.SQL_TAOYUAN_WATER (SERIAL_NUMBER,CREATE_DATE,PLACE,WATER_SYSTEM,TURBIDITY,CHLORINE,HYDROGEN) values (658,to_timestamp('12-2月 -10 09.02.44.000000000 下午','DD-MON-RR HH.MI.SSXFF AM'),'T31','S01',0.5,0.61,7.4);
Insert into STUDENT.SQL_TAOYUAN_WATER (SERIAL_NUMBER,CREATE_DATE,PLACE,WATER_SYSTEM,TURBIDITY,CHLORINE,HYDROGEN) values (659,to_timestamp('12-2月 -10 09.02.44.000000000 下午','DD-MON-RR HH.MI.SSXFF AM'),'T39','S03',1.1,0.62,7.9);
Insert into STUDENT.SQL_TAOYUAN_WATER (SERIAL_NUMBER,CREATE_DATE,PLACE,WATER_SYSTEM,TURBIDITY,CHLORINE,HYDROGEN) values (660,to_timestamp('12-2月 -10 09.02.44.000000000 下午','DD-MON-RR HH.MI.SSXFF AM'),'T37','S03',0.8,0.64,7.9);
Insert into STUDENT.SQL_TAOYUAN_WATER (SERIAL_NUMBER,CREATE_DATE,PLACE,WATER_SYSTEM,TURBIDITY,CHLORINE,HYDROGEN) values (661,to_timestamp('12-2月 -10 09.02.44.000000000 下午','DD-MON-RR HH.MI.SSXFF AM'),'T38','S03',1,0.65,8);
Insert into STUDENT.SQL_TAOYUAN_WATER (SERIAL_NUMBER,CREATE_DATE,PLACE,WATER_SYSTEM,TURBIDITY,CHLORINE,HYDROGEN) values (662,to_timestamp('12-2月 -10 09.02.44.000000000 下午','DD-MON-RR HH.MI.SSXFF AM'),'T47','S01',0.8,0.54,7.6);
Insert into STUDENT.SQL_TAOYUAN_WATER (SERIAL_NUMBER,CREATE_DATE,PLACE,WATER_SYSTEM,TURBIDITY,CHLORINE,HYDROGEN) values (663,to_timestamp('12-2月 -10 09.02.44.000000000 下午','DD-MON-RR HH.MI.SSXFF AM'),'T47','S01',0.3,0.59,7.7);
Insert into STUDENT.SQL_TAOYUAN_WATER (SERIAL_NUMBER,CREATE_DATE,PLACE,WATER_SYSTEM,TURBIDITY,CHLORINE,HYDROGEN) values (664,to_timestamp('12-2月 -10 09.02.44.000000000 下午','DD-MON-RR HH.MI.SSXFF AM'),'T50','S01',0.3,0.62,7.7);
Insert into STUDENT.SQL_TAOYUAN_WATER (SERIAL_NUMBER,CREATE_DATE,PLACE,WATER_SYSTEM,TURBIDITY,CHLORINE,HYDROGEN) values (665,to_timestamp('12-2月 -10 09.02.44.000000000 下午','DD-MON-RR HH.MI.SSXFF AM'),'T51','S03',0.4,0.72,8);
Insert into STUDENT.SQL_TAOYUAN_WATER (SERIAL_NUMBER,CREATE_DATE,PLACE,WATER_SYSTEM,TURBIDITY,CHLORINE,HYDROGEN) values (666,to_timestamp('12-2月 -10 09.02.44.000000000 下午','DD-MON-RR HH.MI.SSXFF AM'),'T08','S02',0.4,0.64,7.9);
Insert into STUDENT.SQL_TAOYUAN_WATER (SERIAL_NUMBER,CREATE_DATE,PLACE,WATER_SYSTEM,TURBIDITY,CHLORINE,HYDROGEN) values (667,to_timestamp('12-2月 -10 09.02.44.000000000 下午','DD-MON-RR HH.MI.SSXFF AM'),'T16','S01',0.3,0.68,7.7);
Insert into STUDENT.SQL_TAOYUAN_WATER (SERIAL_NUMBER,CREATE_DATE,PLACE,WATER_SYSTEM,TURBIDITY,CHLORINE,HYDROGEN) values (668,to_timestamp('12-2月 -10 09.02.44.000000000 下午','DD-MON-RR HH.MI.SSXFF AM'),'T18','S02',1,0.51,8);
Insert into STUDENT.SQL_TAOYUAN_WATER (SERIAL_NUMBER,CREATE_DATE,PLACE,WATER_SYSTEM,TURBIDITY,CHLORINE,HYDROGEN) values (669,to_timestamp('12-2月 -10 09.02.44.000000000 下午','DD-MON-RR HH.MI.SSXFF AM'),'T19','S02',0.9,0.7,8);
Insert into STUDENT.SQL_TAOYUAN_WATER (SERIAL_NUMBER,CREATE_DATE,PLACE,WATER_SYSTEM,TURBIDITY,CHLORINE,HYDROGEN) values (670,to_timestamp('12-2月 -10 09.02.44.000000000 下午','DD-MON-RR HH.MI.SSXFF AM'),'T24','S03',0.3,0.69,7.8);
Insert into STUDENT.SQL_TAOYUAN_WATER (SERIAL_NUMBER,CREATE_DATE,PLACE,WATER_SYSTEM,TURBIDITY,CHLORINE,HYDROGEN) values (671,to_timestamp('12-2月 -10 09.02.44.000000000 下午','DD-MON-RR HH.MI.SSXFF AM'),'T26','S02',0.2,0.67,7.8);
Insert into STUDENT.SQL_TAOYUAN_WATER (SERIAL_NUMBER,CREATE_DATE,PLACE,WATER_SYSTEM,TURBIDITY,CHLORINE,HYDROGEN) values (672,to_timestamp('12-2月 -10 09.02.44.000000000 下午','DD-MON-RR HH.MI.SSXFF AM'),'T26','S02',0.3,0.71,7.9);
Insert into STUDENT.SQL_TAOYUAN_WATER (SERIAL_NUMBER,CREATE_DATE,PLACE,WATER_SYSTEM,TURBIDITY,CHLORINE,HYDROGEN) values (673,to_timestamp('12-2月 -10 09.02.44.000000000 下午','DD-MON-RR HH.MI.SSXFF AM'),'T26','S02',0.4,0.74,7.8);
Insert into STUDENT.SQL_TAOYUAN_WATER (SERIAL_NUMBER,CREATE_DATE,PLACE,WATER_SYSTEM,TURBIDITY,CHLORINE,HYDROGEN) values (674,to_timestamp('12-2月 -10 09.02.44.000000000 下午','DD-MON-RR HH.MI.SSXFF AM'),'T31','S01',0.2,0.67,7.5);
Insert into STUDENT.SQL_TAOYUAN_WATER (SERIAL_NUMBER,CREATE_DATE,PLACE,WATER_SYSTEM,TURBIDITY,CHLORINE,HYDROGEN) values (675,to_timestamp('12-2月 -10 09.02.44.000000000 下午','DD-MON-RR HH.MI.SSXFF AM'),'T31','S01',0.3,0.69,7.7);
Insert into STUDENT.SQL_TAOYUAN_WATER (SERIAL_NUMBER,CREATE_DATE,PLACE,WATER_SYSTEM,TURBIDITY,CHLORINE,HYDROGEN) values (676,to_timestamp('12-2月 -10 09.02.44.000000000 下午','DD-MON-RR HH.MI.SSXFF AM'),'T31','S01',0.3,0.75,7.6);
Insert into STUDENT.SQL_TAOYUAN_WATER (SERIAL_NUMBER,CREATE_DATE,PLACE,WATER_SYSTEM,TURBIDITY,CHLORINE,HYDROGEN) values (677,to_timestamp('12-2月 -10 09.02.44.000000000 下午','DD-MON-RR HH.MI.SSXFF AM'),'T33','S04',0.6,0.47,7.7);
Insert into STUDENT.SQL_TAOYUAN_WATER (SERIAL_NUMBER,CREATE_DATE,PLACE,WATER_SYSTEM,TURBIDITY,CHLORINE,HYDROGEN) values (678,to_timestamp('12-2月 -10 09.02.44.000000000 下午','DD-MON-RR HH.MI.SSXFF AM'),'T34','S02',0.3,0.63,8);
Insert into STUDENT.SQL_TAOYUAN_WATER (SERIAL_NUMBER,CREATE_DATE,PLACE,WATER_SYSTEM,TURBIDITY,CHLORINE,HYDROGEN) values (679,to_timestamp('12-2月 -10 09.02.44.000000000 下午','DD-MON-RR HH.MI.SSXFF AM'),'T35','S02',0.3,0.7,7.9);
Insert into STUDENT.SQL_TAOYUAN_WATER (SERIAL_NUMBER,CREATE_DATE,PLACE,WATER_SYSTEM,TURBIDITY,CHLORINE,HYDROGEN) values (680,to_timestamp('12-2月 -10 09.02.44.000000000 下午','DD-MON-RR HH.MI.SSXFF AM'),'T36','S02',0.2,0.77,7.9);
Insert into STUDENT.SQL_TAOYUAN_WATER (SERIAL_NUMBER,CREATE_DATE,PLACE,WATER_SYSTEM,TURBIDITY,CHLORINE,HYDROGEN) values (681,to_timestamp('12-2月 -10 09.02.44.000000000 下午','DD-MON-RR HH.MI.SSXFF AM'),'T42','S06',0.2,0.79,8);
Insert into STUDENT.SQL_TAOYUAN_WATER (SERIAL_NUMBER,CREATE_DATE,PLACE,WATER_SYSTEM,TURBIDITY,CHLORINE,HYDROGEN) values (682,to_timestamp('12-2月 -10 09.02.44.000000000 下午','DD-MON-RR HH.MI.SSXFF AM'),'T51','S02',0.5,0.75,8);
Insert into STUDENT.SQL_TAOYUAN_WATER (SERIAL_NUMBER,CREATE_DATE,PLACE,WATER_SYSTEM,TURBIDITY,CHLORINE,HYDROGEN) values (683,to_timestamp('12-2月 -10 09.02.44.000000000 下午','DD-MON-RR HH.MI.SSXFF AM'),'T07','S01',0.4,0.54,7.7);
Insert into STUDENT.SQL_TAOYUAN_WATER (SERIAL_NUMBER,CREATE_DATE,PLACE,WATER_SYSTEM,TURBIDITY,CHLORINE,HYDROGEN) values (684,to_timestamp('12-2月 -10 09.02.44.000000000 下午','DD-MON-RR HH.MI.SSXFF AM'),'T12','S01',0.4,0.47,7.7);
Insert into STUDENT.SQL_TAOYUAN_WATER (SERIAL_NUMBER,CREATE_DATE,PLACE,WATER_SYSTEM,TURBIDITY,CHLORINE,HYDROGEN) values (685,to_timestamp('12-2月 -10 09.02.44.000000000 下午','DD-MON-RR HH.MI.SSXFF AM'),'T13','S01',0.3,0.59,7.5);
Insert into STUDENT.SQL_TAOYUAN_WATER (SERIAL_NUMBER,CREATE_DATE,PLACE,WATER_SYSTEM,TURBIDITY,CHLORINE,HYDROGEN) values (686,to_timestamp('12-2月 -10 09.02.44.000000000 下午','DD-MON-RR HH.MI.SSXFF AM'),'T15','S01',0.4,0.81,7.9);
Insert into STUDENT.SQL_TAOYUAN_WATER (SERIAL_NUMBER,CREATE_DATE,PLACE,WATER_SYSTEM,TURBIDITY,CHLORINE,HYDROGEN) values (687,to_timestamp('12-2月 -10 09.02.44.000000000 下午','DD-MON-RR HH.MI.SSXFF AM'),'T17','S01',0.5,0.74,7.9);
Insert into STUDENT.SQL_TAOYUAN_WATER (SERIAL_NUMBER,CREATE_DATE,PLACE,WATER_SYSTEM,TURBIDITY,CHLORINE,HYDROGEN) values (688,to_timestamp('12-2月 -10 09.02.44.000000000 下午','DD-MON-RR HH.MI.SSXFF AM'),'T29','S01',0.3,0.49,7.4);
Insert into STUDENT.SQL_TAOYUAN_WATER (SERIAL_NUMBER,CREATE_DATE,PLACE,WATER_SYSTEM,TURBIDITY,CHLORINE,HYDROGEN) values (689,to_timestamp('12-2月 -10 09.02.44.000000000 下午','DD-MON-RR HH.MI.SSXFF AM'),'T32','S01',0.3,0.45,7.6);
Insert into STUDENT.SQL_TAOYUAN_WATER (SERIAL_NUMBER,CREATE_DATE,PLACE,WATER_SYSTEM,TURBIDITY,CHLORINE,HYDROGEN) values (690,to_timestamp('12-2月 -10 09.02.44.000000000 下午','DD-MON-RR HH.MI.SSXFF AM'),'T33','S04',0.6,0.62,7.9);
Insert into STUDENT.SQL_TAOYUAN_WATER (SERIAL_NUMBER,CREATE_DATE,PLACE,WATER_SYSTEM,TURBIDITY,CHLORINE,HYDROGEN) values (691,to_timestamp('12-2月 -10 09.02.44.000000000 下午','DD-MON-RR HH.MI.SSXFF AM'),'T40','S06',0.8,0.79,7.9);
Insert into STUDENT.SQL_TAOYUAN_WATER (SERIAL_NUMBER,CREATE_DATE,PLACE,WATER_SYSTEM,TURBIDITY,CHLORINE,HYDROGEN) values (692,to_timestamp('12-2月 -10 09.02.44.000000000 下午','DD-MON-RR HH.MI.SSXFF AM'),'T41','S06',0.7,0.78,7.8);
Insert into STUDENT.SQL_TAOYUAN_WATER (SERIAL_NUMBER,CREATE_DATE,PLACE,WATER_SYSTEM,TURBIDITY,CHLORINE,HYDROGEN) values (693,to_timestamp('12-2月 -10 09.02.44.000000000 下午','DD-MON-RR HH.MI.SSXFF AM'),'T43','S06',0.5,0.79,7.9);
Insert into STUDENT.SQL_TAOYUAN_WATER (SERIAL_NUMBER,CREATE_DATE,PLACE,WATER_SYSTEM,TURBIDITY,CHLORINE,HYDROGEN) values (694,to_timestamp('12-2月 -10 09.02.44.000000000 下午','DD-MON-RR HH.MI.SSXFF AM'),'T44','S06',0.6,0.77,7.8);
Insert into STUDENT.SQL_TAOYUAN_WATER (SERIAL_NUMBER,CREATE_DATE,PLACE,WATER_SYSTEM,TURBIDITY,CHLORINE,HYDROGEN) values (695,to_timestamp('12-2月 -10 09.02.44.000000000 下午','DD-MON-RR HH.MI.SSXFF AM'),'T45','S01',0.4,0.62,7.7);
Insert into STUDENT.SQL_TAOYUAN_WATER (SERIAL_NUMBER,CREATE_DATE,PLACE,WATER_SYSTEM,TURBIDITY,CHLORINE,HYDROGEN) values (696,to_timestamp('12-2月 -10 09.02.44.000000000 下午','DD-MON-RR HH.MI.SSXFF AM'),'T46','S01',0.3,0.53,7.7);
Insert into STUDENT.SQL_TAOYUAN_WATER (SERIAL_NUMBER,CREATE_DATE,PLACE,WATER_SYSTEM,TURBIDITY,CHLORINE,HYDROGEN) values (697,to_timestamp('12-2月 -10 09.02.44.000000000 下午','DD-MON-RR HH.MI.SSXFF AM'),'T48','S01',0.3,0.63,7.7);
Insert into STUDENT.SQL_TAOYUAN_WATER (SERIAL_NUMBER,CREATE_DATE,PLACE,WATER_SYSTEM,TURBIDITY,CHLORINE,HYDROGEN) values (698,to_timestamp('12-2月 -10 09.02.44.000000000 下午','DD-MON-RR HH.MI.SSXFF AM'),'T49','S01',0.4,0.58,7.8);
Insert into STUDENT.SQL_TAOYUAN_WATER (SERIAL_NUMBER,CREATE_DATE,PLACE,WATER_SYSTEM,TURBIDITY,CHLORINE,HYDROGEN) values (699,to_timestamp('12-2月 -10 09.02.44.000000000 下午','DD-MON-RR HH.MI.SSXFF AM'),'T47','S01',0.3,0.63,7.6);
Insert into STUDENT.SQL_TAOYUAN_WATER (SERIAL_NUMBER,CREATE_DATE,PLACE,WATER_SYSTEM,TURBIDITY,CHLORINE,HYDROGEN) values (700,to_timestamp('12-1月 -10 09.02.44.000000000 下午','DD-MON-RR HH.MI.SSXFF AM'),'T06','S01',0.4,0.63,7.6);
Insert into STUDENT.SQL_TAOYUAN_WATER (SERIAL_NUMBER,CREATE_DATE,PLACE,WATER_SYSTEM,TURBIDITY,CHLORINE,HYDROGEN) values (701,to_timestamp('12-1月 -10 09.02.44.000000000 下午','DD-MON-RR HH.MI.SSXFF AM'),'T30','S01',0.3,0.63,7.7);
Insert into STUDENT.SQL_TAOYUAN_WATER (SERIAL_NUMBER,CREATE_DATE,PLACE,WATER_SYSTEM,TURBIDITY,CHLORINE,HYDROGEN) values (702,to_timestamp('12-1月 -10 09.02.44.000000000 下午','DD-MON-RR HH.MI.SSXFF AM'),'T31','S01',0.4,0.63,7.6);
Insert into STUDENT.SQL_TAOYUAN_WATER (SERIAL_NUMBER,CREATE_DATE,PLACE,WATER_SYSTEM,TURBIDITY,CHLORINE,HYDROGEN) values (703,to_timestamp('12-1月 -10 09.02.44.000000000 下午','DD-MON-RR HH.MI.SSXFF AM'),'T47','S01',0.5,0.43,7.6);
Insert into STUDENT.SQL_TAOYUAN_WATER (SERIAL_NUMBER,CREATE_DATE,PLACE,WATER_SYSTEM,TURBIDITY,CHLORINE,HYDROGEN) values (704,to_timestamp('12-1月 -10 09.02.44.000000000 下午','DD-MON-RR HH.MI.SSXFF AM'),'T47','S01',0.5,0.59,7.6);
Insert into STUDENT.SQL_TAOYUAN_WATER (SERIAL_NUMBER,CREATE_DATE,PLACE,WATER_SYSTEM,TURBIDITY,CHLORINE,HYDROGEN) values (705,to_timestamp('12-1月 -10 09.02.44.000000000 下午','DD-MON-RR HH.MI.SSXFF AM'),'T50','S01',0.3,0.65,7.6);
Insert into STUDENT.SQL_TAOYUAN_WATER (SERIAL_NUMBER,CREATE_DATE,PLACE,WATER_SYSTEM,TURBIDITY,CHLORINE,HYDROGEN) values (706,to_timestamp('12-1月 -10 09.02.44.000000000 下午','DD-MON-RR HH.MI.SSXFF AM'),'T04','S01',0.4,0.61,7.6);
Insert into STUDENT.SQL_TAOYUAN_WATER (SERIAL_NUMBER,CREATE_DATE,PLACE,WATER_SYSTEM,TURBIDITY,CHLORINE,HYDROGEN) values (707,to_timestamp('12-1月 -10 09.02.44.000000000 下午','DD-MON-RR HH.MI.SSXFF AM'),'T01','S01',0.4,0.57,7.9);
Insert into STUDENT.SQL_TAOYUAN_WATER (SERIAL_NUMBER,CREATE_DATE,PLACE,WATER_SYSTEM,TURBIDITY,CHLORINE,HYDROGEN) values (708,to_timestamp('12-1月 -10 09.02.44.000000000 下午','DD-MON-RR HH.MI.SSXFF AM'),'T02','S01',0.6,0.67,7.9);
Insert into STUDENT.SQL_TAOYUAN_WATER (SERIAL_NUMBER,CREATE_DATE,PLACE,WATER_SYSTEM,TURBIDITY,CHLORINE,HYDROGEN) values (709,to_timestamp('12-1月 -10 09.02.44.000000000 下午','DD-MON-RR HH.MI.SSXFF AM'),'T05','S01',0.5,0.59,7.9);
Insert into STUDENT.SQL_TAOYUAN_WATER (SERIAL_NUMBER,CREATE_DATE,PLACE,WATER_SYSTEM,TURBIDITY,CHLORINE,HYDROGEN) values (1,to_timestamp('02-3月 -10 09.02.44.000000000 下午','DD-MON-RR HH.MI.SSXFF AM'),'T31','S01',0.3,0.58,7.3);
Insert into STUDENT.SQL_TAOYUAN_WATER (SERIAL_NUMBER,CREATE_DATE,PLACE,WATER_SYSTEM,TURBIDITY,CHLORINE,HYDROGEN) values (2,to_timestamp('02-3月 -10 09.02.44.000000000 下午','DD-MON-RR HH.MI.SSXFF AM'),'T06','S01',0.4,0.52,7.6);
Insert into STUDENT.SQL_TAOYUAN_WATER (SERIAL_NUMBER,CREATE_DATE,PLACE,WATER_SYSTEM,TURBIDITY,CHLORINE,HYDROGEN) values (3,to_timestamp('02-3月 -10 09.02.44.000000000 下午','DD-MON-RR HH.MI.SSXFF AM'),'T30','S01',0.4,0.5,7.6);
Insert into STUDENT.SQL_TAOYUAN_WATER (SERIAL_NUMBER,CREATE_DATE,PLACE,WATER_SYSTEM,TURBIDITY,CHLORINE,HYDROGEN) values (4,to_timestamp('02-3月 -10 09.02.44.000000000 下午','DD-MON-RR HH.MI.SSXFF AM'),'T47','S01',0.5,0.49,7.6);
Insert into STUDENT.SQL_TAOYUAN_WATER (SERIAL_NUMBER,CREATE_DATE,PLACE,WATER_SYSTEM,TURBIDITY,CHLORINE,HYDROGEN) values (5,to_timestamp('02-3月 -10 09.02.44.000000000 下午','DD-MON-RR HH.MI.SSXFF AM'),'T47','S01',0.3,0.45,7.7);
Insert into STUDENT.SQL_TAOYUAN_WATER (SERIAL_NUMBER,CREATE_DATE,PLACE,WATER_SYSTEM,TURBIDITY,CHLORINE,HYDROGEN) values (6,to_timestamp('02-3月 -10 09.02.44.000000000 下午','DD-MON-RR HH.MI.SSXFF AM'),'T27','S01',0.4,0.52,7.7);
Insert into STUDENT.SQL_TAOYUAN_WATER (SERIAL_NUMBER,CREATE_DATE,PLACE,WATER_SYSTEM,TURBIDITY,CHLORINE,HYDROGEN) values (7,to_timestamp('02-3月 -10 09.02.44.000000000 下午','DD-MON-RR HH.MI.SSXFF AM'),'T28','S01',0.4,0.67,7.7);
Insert into STUDENT.SQL_TAOYUAN_WATER (SERIAL_NUMBER,CREATE_DATE,PLACE,WATER_SYSTEM,TURBIDITY,CHLORINE,HYDROGEN) values (8,to_timestamp('02-3月 -10 09.02.44.000000000 下午','DD-MON-RR HH.MI.SSXFF AM'),'T03','S01',0.4,0.6,7.6);
Insert into STUDENT.SQL_TAOYUAN_WATER (SERIAL_NUMBER,CREATE_DATE,PLACE,WATER_SYSTEM,TURBIDITY,CHLORINE,HYDROGEN) values (9,to_timestamp('02-3月 -10 09.02.44.000000000 下午','DD-MON-RR HH.MI.SSXFF AM'),'T04','S01',0.5,0.62,7.5);
Insert into STUDENT.SQL_TAOYUAN_WATER (SERIAL_NUMBER,CREATE_DATE,PLACE,WATER_SYSTEM,TURBIDITY,CHLORINE,HYDROGEN) values (10,to_timestamp('02-3月 -10 09.02.44.000000000 下午','DD-MON-RR HH.MI.SSXFF AM'),'T09','S01',0.5,0.61,7.7);
Insert into STUDENT.SQL_TAOYUAN_WATER (SERIAL_NUMBER,CREATE_DATE,PLACE,WATER_SYSTEM,TURBIDITY,CHLORINE,HYDROGEN) values (11,to_timestamp('02-3月 -10 09.02.44.000000000 下午','DD-MON-RR HH.MI.SSXFF AM'),'T01','S01',0.3,0.6,7.7);
Insert into STUDENT.SQL_TAOYUAN_WATER (SERIAL_NUMBER,CREATE_DATE,PLACE,WATER_SYSTEM,TURBIDITY,CHLORINE,HYDROGEN) values (12,to_timestamp('02-3月 -10 09.02.44.000000000 下午','DD-MON-RR HH.MI.SSXFF AM'),'T02','S01',0.4,0.55,7.6);
Insert into STUDENT.SQL_TAOYUAN_WATER (SERIAL_NUMBER,CREATE_DATE,PLACE,WATER_SYSTEM,TURBIDITY,CHLORINE,HYDROGEN) values (13,to_timestamp('02-3月 -10 09.02.44.000000000 下午','DD-MON-RR HH.MI.SSXFF AM'),'T05','S01',0.3,0.5,7.6);
Insert into STUDENT.SQL_TAOYUAN_WATER (SERIAL_NUMBER,CREATE_DATE,PLACE,WATER_SYSTEM,TURBIDITY,CHLORINE,HYDROGEN) values (14,to_timestamp('02-3月 -10 09.02.44.000000000 下午','DD-MON-RR HH.MI.SSXFF AM'),'T24','S03',0.2,0.73,7.8);
Insert into STUDENT.SQL_TAOYUAN_WATER (SERIAL_NUMBER,CREATE_DATE,PLACE,WATER_SYSTEM,TURBIDITY,CHLORINE,HYDROGEN) values (15,to_timestamp('02-3月 -10 09.02.44.000000000 下午','DD-MON-RR HH.MI.SSXFF AM'),'T38','S03',0.4,0.54,7.9);
Insert into STUDENT.SQL_TAOYUAN_WATER (SERIAL_NUMBER,CREATE_DATE,PLACE,WATER_SYSTEM,TURBIDITY,CHLORINE,HYDROGEN) values (16,to_timestamp('02-3月 -10 09.02.44.000000000 下午','DD-MON-RR HH.MI.SSXFF AM'),'T23','S03',0.3,0.66,7.9);
Insert into STUDENT.SQL_TAOYUAN_WATER (SERIAL_NUMBER,CREATE_DATE,PLACE,WATER_SYSTEM,TURBIDITY,CHLORINE,HYDROGEN) values (17,to_timestamp('02-3月 -10 09.02.44.000000000 下午','DD-MON-RR HH.MI.SSXFF AM'),'T51','S03',0.6,0.54,7.8);
Insert into STUDENT.SQL_TAOYUAN_WATER (SERIAL_NUMBER,CREATE_DATE,PLACE,WATER_SYSTEM,TURBIDITY,CHLORINE,HYDROGEN) values (18,to_timestamp('02-3月 -10 09.02.44.000000000 下午','DD-MON-RR HH.MI.SSXFF AM'),'T20','S03',0.3,0.56,7.8);
Insert into STUDENT.SQL_TAOYUAN_WATER (SERIAL_NUMBER,CREATE_DATE,PLACE,WATER_SYSTEM,TURBIDITY,CHLORINE,HYDROGEN) values (19,to_timestamp('02-3月 -10 09.02.44.000000000 下午','DD-MON-RR HH.MI.SSXFF AM'),'T22','S03',0.6,0.6,7.9);
Insert into STUDENT.SQL_TAOYUAN_WATER (SERIAL_NUMBER,CREATE_DATE,PLACE,WATER_SYSTEM,TURBIDITY,CHLORINE,HYDROGEN) values (20,to_timestamp('02-3月 -10 09.02.44.000000000 下午','DD-MON-RR HH.MI.SSXFF AM'),'T10','S03',0.5,0.57,7.8);
Insert into STUDENT.SQL_TAOYUAN_WATER (SERIAL_NUMBER,CREATE_DATE,PLACE,WATER_SYSTEM,TURBIDITY,CHLORINE,HYDROGEN) values (21,to_timestamp('02-3月 -10 09.02.44.000000000 下午','DD-MON-RR HH.MI.SSXFF AM'),'T25','S03',0.4,0.62,7.9);
Insert into STUDENT.SQL_TAOYUAN_WATER (SERIAL_NUMBER,CREATE_DATE,PLACE,WATER_SYSTEM,TURBIDITY,CHLORINE,HYDROGEN) values (22,to_timestamp('02-3月 -10 09.02.44.000000000 下午','DD-MON-RR HH.MI.SSXFF AM'),'T39','S03',0.6,0.64,7.8);
Insert into STUDENT.SQL_TAOYUAN_WATER (SERIAL_NUMBER,CREATE_DATE,PLACE,WATER_SYSTEM,TURBIDITY,CHLORINE,HYDROGEN) values (23,to_timestamp('02-3月 -10 09.02.44.000000000 下午','DD-MON-RR HH.MI.SSXFF AM'),'T37','S03',0.4,0.65,7.9);
Insert into STUDENT.SQL_TAOYUAN_WATER (SERIAL_NUMBER,CREATE_DATE,PLACE,WATER_SYSTEM,TURBIDITY,CHLORINE,HYDROGEN) values (24,to_timestamp('02-3月 -10 09.02.44.000000000 下午','DD-MON-RR HH.MI.SSXFF AM'),'T24','S03',0.3,0.66,7.9);
Insert into STUDENT.SQL_TAOYUAN_WATER (SERIAL_NUMBER,CREATE_DATE,PLACE,WATER_SYSTEM,TURBIDITY,CHLORINE,HYDROGEN) values (25,to_timestamp('02-3月 -10 09.02.44.000000000 下午','DD-MON-RR HH.MI.SSXFF AM'),'T16','S01',0.3,0.78,7.6);
Insert into STUDENT.SQL_TAOYUAN_WATER (SERIAL_NUMBER,CREATE_DATE,PLACE,WATER_SYSTEM,TURBIDITY,CHLORINE,HYDROGEN) values (26,to_timestamp('02-3月 -10 09.02.44.000000000 下午','DD-MON-RR HH.MI.SSXFF AM'),'T42','S06',0.1,0.8,7.8);
Insert into STUDENT.SQL_TAOYUAN_WATER (SERIAL_NUMBER,CREATE_DATE,PLACE,WATER_SYSTEM,TURBIDITY,CHLORINE,HYDROGEN) values (27,to_timestamp('02-3月 -10 09.02.44.000000000 下午','DD-MON-RR HH.MI.SSXFF AM'),'T33','S04',0.3,0.65,7.4);
Insert into STUDENT.SQL_TAOYUAN_WATER (SERIAL_NUMBER,CREATE_DATE,PLACE,WATER_SYSTEM,TURBIDITY,CHLORINE,HYDROGEN) values (28,to_timestamp('02-3月 -10 09.02.44.000000000 下午','DD-MON-RR HH.MI.SSXFF AM'),'T31','S01',0.3,0.61,7.4);
Insert into STUDENT.SQL_TAOYUAN_WATER (SERIAL_NUMBER,CREATE_DATE,PLACE,WATER_SYSTEM,TURBIDITY,CHLORINE,HYDROGEN) values (29,to_timestamp('02-3月 -10 09.02.44.000000000 下午','DD-MON-RR HH.MI.SSXFF AM'),'T31','S01',0.2,0.75,7.4);
Insert into STUDENT.SQL_TAOYUAN_WATER (SERIAL_NUMBER,CREATE_DATE,PLACE,WATER_SYSTEM,TURBIDITY,CHLORINE,HYDROGEN) values (30,to_timestamp('02-3月 -10 09.02.44.000000000 下午','DD-MON-RR HH.MI.SSXFF AM'),'T31','S01',0.2,0.62,7.4);
Insert into STUDENT.SQL_TAOYUAN_WATER (SERIAL_NUMBER,CREATE_DATE,PLACE,WATER_SYSTEM,TURBIDITY,CHLORINE,HYDROGEN) values (31,to_timestamp('02-3月 -10 09.02.44.000000000 下午','DD-MON-RR HH.MI.SSXFF AM'),'T26','S02',0.7,0.72,7.8);
Insert into STUDENT.SQL_TAOYUAN_WATER (SERIAL_NUMBER,CREATE_DATE,PLACE,WATER_SYSTEM,TURBIDITY,CHLORINE,HYDROGEN) values (32,to_timestamp('02-3月 -10 09.02.44.000000000 下午','DD-MON-RR HH.MI.SSXFF AM'),'T26','S02',0.9,0.68,7.8);
Insert into STUDENT.SQL_TAOYUAN_WATER (SERIAL_NUMBER,CREATE_DATE,PLACE,WATER_SYSTEM,TURBIDITY,CHLORINE,HYDROGEN) values (33,to_timestamp('10-3月 -10 09.02.44.000000000 下午','DD-MON-RR HH.MI.SSXFF AM'),'T18','S02',0.5,0.64,7.8);
Insert into STUDENT.SQL_TAOYUAN_WATER (SERIAL_NUMBER,CREATE_DATE,PLACE,WATER_SYSTEM,TURBIDITY,CHLORINE,HYDROGEN) values (34,to_timestamp('10-3月 -10 09.02.44.000000000 下午','DD-MON-RR HH.MI.SSXFF AM'),'T19','S02',0.6,0.61,7.9);
Insert into STUDENT.SQL_TAOYUAN_WATER (SERIAL_NUMBER,CREATE_DATE,PLACE,WATER_SYSTEM,TURBIDITY,CHLORINE,HYDROGEN) values (35,to_timestamp('10-3月 -10 09.02.44.000000000 下午','DD-MON-RR HH.MI.SSXFF AM'),'T26','S02',0.3,0.71,7.8);
Insert into STUDENT.SQL_TAOYUAN_WATER (SERIAL_NUMBER,CREATE_DATE,PLACE,WATER_SYSTEM,TURBIDITY,CHLORINE,HYDROGEN) values (36,to_timestamp('10-3月 -10 09.02.44.000000000 下午','DD-MON-RR HH.MI.SSXFF AM'),'T33','S04',0.3,0.72,7.4);
Insert into STUDENT.SQL_TAOYUAN_WATER (SERIAL_NUMBER,CREATE_DATE,PLACE,WATER_SYSTEM,TURBIDITY,CHLORINE,HYDROGEN) values (37,to_timestamp('10-3月 -10 09.02.44.000000000 下午','DD-MON-RR HH.MI.SSXFF AM'),'T51','S02',0.7,0.52,7.9);
Insert into STUDENT.SQL_TAOYUAN_WATER (SERIAL_NUMBER,CREATE_DATE,PLACE,WATER_SYSTEM,TURBIDITY,CHLORINE,HYDROGEN) values (38,to_timestamp('10-3月 -10 09.02.44.000000000 下午','DD-MON-RR HH.MI.SSXFF AM'),'T34','S02',0.6,0.57,7.8);
Insert into STUDENT.SQL_TAOYUAN_WATER (SERIAL_NUMBER,CREATE_DATE,PLACE,WATER_SYSTEM,TURBIDITY,CHLORINE,HYDROGEN) values (39,to_timestamp('10-3月 -10 09.02.44.000000000 下午','DD-MON-RR HH.MI.SSXFF AM'),'T35','S02',0.6,0.62,7.9);
Insert into STUDENT.SQL_TAOYUAN_WATER (SERIAL_NUMBER,CREATE_DATE,PLACE,WATER_SYSTEM,TURBIDITY,CHLORINE,HYDROGEN) values (40,to_timestamp('10-3月 -10 09.02.44.000000000 下午','DD-MON-RR HH.MI.SSXFF AM'),'T43','S06',0.8,0.72,7.9);
Insert into STUDENT.SQL_TAOYUAN_WATER (SERIAL_NUMBER,CREATE_DATE,PLACE,WATER_SYSTEM,TURBIDITY,CHLORINE,HYDROGEN) values (41,to_timestamp('10-3月 -10 09.02.44.000000000 下午','DD-MON-RR HH.MI.SSXFF AM'),'T12','S01',0.5,0.37,8.1);
Insert into STUDENT.SQL_TAOYUAN_WATER (SERIAL_NUMBER,CREATE_DATE,PLACE,WATER_SYSTEM,TURBIDITY,CHLORINE,HYDROGEN) values (42,to_timestamp('10-3月 -10 09.02.44.000000000 下午','DD-MON-RR HH.MI.SSXFF AM'),'T13','S01',0.4,0.51,7.2);
Insert into STUDENT.SQL_TAOYUAN_WATER (SERIAL_NUMBER,CREATE_DATE,PLACE,WATER_SYSTEM,TURBIDITY,CHLORINE,HYDROGEN) values (43,to_timestamp('10-3月 -10 09.02.44.000000000 下午','DD-MON-RR HH.MI.SSXFF AM'),'T15','S01',0.6,0.68,7.9);
Insert into STUDENT.SQL_TAOYUAN_WATER (SERIAL_NUMBER,CREATE_DATE,PLACE,WATER_SYSTEM,TURBIDITY,CHLORINE,HYDROGEN) values (44,to_timestamp('10-3月 -10 09.02.44.000000000 下午','DD-MON-RR HH.MI.SSXFF AM'),'T17','S01',0.5,0.78,8);
Insert into STUDENT.SQL_TAOYUAN_WATER (SERIAL_NUMBER,CREATE_DATE,PLACE,WATER_SYSTEM,TURBIDITY,CHLORINE,HYDROGEN) values (45,to_timestamp('10-3月 -10 09.02.44.000000000 下午','DD-MON-RR HH.MI.SSXFF AM'),'T36','S02',0.4,0.66,7.8);
Insert into STUDENT.SQL_TAOYUAN_WATER (SERIAL_NUMBER,CREATE_DATE,PLACE,WATER_SYSTEM,TURBIDITY,CHLORINE,HYDROGEN) values (46,to_timestamp('10-3月 -10 09.02.44.000000000 下午','DD-MON-RR HH.MI.SSXFF AM'),'T08','S02',0.7,0.56,7.9);
Insert into STUDENT.SQL_TAOYUAN_WATER (SERIAL_NUMBER,CREATE_DATE,PLACE,WATER_SYSTEM,TURBIDITY,CHLORINE,HYDROGEN) values (47,to_timestamp('10-3月 -10 09.02.44.000000000 下午','DD-MON-RR HH.MI.SSXFF AM'),'T41','S06',0.3,0.71,7.9);
Insert into STUDENT.SQL_TAOYUAN_WATER (SERIAL_NUMBER,CREATE_DATE,PLACE,WATER_SYSTEM,TURBIDITY,CHLORINE,HYDROGEN) values (48,to_timestamp('10-3月 -10 09.02.44.000000000 下午','DD-MON-RR HH.MI.SSXFF AM'),'T44','S06',0.6,0.8,8);
Insert into STUDENT.SQL_TAOYUAN_WATER (SERIAL_NUMBER,CREATE_DATE,PLACE,WATER_SYSTEM,TURBIDITY,CHLORINE,HYDROGEN) values (49,to_timestamp('10-3月 -10 09.02.44.000000000 下午','DD-MON-RR HH.MI.SSXFF AM'),'T40','S06',0.9,0.79,7.9);
Insert into STUDENT.SQL_TAOYUAN_WATER (SERIAL_NUMBER,CREATE_DATE,PLACE,WATER_SYSTEM,TURBIDITY,CHLORINE,HYDROGEN) values (50,to_timestamp('11-1月 -10 09.02.44.000000000 下午','DD-MON-RR HH.MI.SSXFF AM'),'T06','S01',0.3,0.76,7.6);
Insert into STUDENT.SQL_TAOYUAN_WATER (SERIAL_NUMBER,CREATE_DATE,PLACE,WATER_SYSTEM,TURBIDITY,CHLORINE,HYDROGEN) values (51,to_timestamp('11-1月 -10 09.02.44.000000000 下午','DD-MON-RR HH.MI.SSXFF AM'),'T08','S02',0.6,0.59,7.9);
Insert into STUDENT.SQL_TAOYUAN_WATER (SERIAL_NUMBER,CREATE_DATE,PLACE,WATER_SYSTEM,TURBIDITY,CHLORINE,HYDROGEN) values (52,to_timestamp('11-1月 -10 09.02.44.000000000 下午','DD-MON-RR HH.MI.SSXFF AM'),'T18','S02',0.5,0.74,8);
Insert into STUDENT.SQL_TAOYUAN_WATER (SERIAL_NUMBER,CREATE_DATE,PLACE,WATER_SYSTEM,TURBIDITY,CHLORINE,HYDROGEN) values (53,to_timestamp('11-1月 -10 09.02.44.000000000 下午','DD-MON-RR HH.MI.SSXFF AM'),'T19','S02',0.4,0.7,7.9);
Insert into STUDENT.SQL_TAOYUAN_WATER (SERIAL_NUMBER,CREATE_DATE,PLACE,WATER_SYSTEM,TURBIDITY,CHLORINE,HYDROGEN) values (54,to_timestamp('11-1月 -10 09.02.44.000000000 下午','DD-MON-RR HH.MI.SSXFF AM'),'T26','S02',0.8,0.7,7.9);
Insert into STUDENT.SQL_TAOYUAN_WATER (SERIAL_NUMBER,CREATE_DATE,PLACE,WATER_SYSTEM,TURBIDITY,CHLORINE,HYDROGEN) values (55,to_timestamp('11-1月 -10 09.02.44.000000000 下午','DD-MON-RR HH.MI.SSXFF AM'),'T30','S01',0.3,0.72,7.6);
Insert into STUDENT.SQL_TAOYUAN_WATER (SERIAL_NUMBER,CREATE_DATE,PLACE,WATER_SYSTEM,TURBIDITY,CHLORINE,HYDROGEN) values (56,to_timestamp('11-1月 -10 09.02.44.000000000 下午','DD-MON-RR HH.MI.SSXFF AM'),'T31','S01',0.3,0.74,7.5);
Insert into STUDENT.SQL_TAOYUAN_WATER (SERIAL_NUMBER,CREATE_DATE,PLACE,WATER_SYSTEM,TURBIDITY,CHLORINE,HYDROGEN) values (57,to_timestamp('11-1月 -10 09.02.44.000000000 下午','DD-MON-RR HH.MI.SSXFF AM'),'T34','S02',0.7,0.71,8);
Insert into STUDENT.SQL_TAOYUAN_WATER (SERIAL_NUMBER,CREATE_DATE,PLACE,WATER_SYSTEM,TURBIDITY,CHLORINE,HYDROGEN) values (58,to_timestamp('11-1月 -10 09.02.44.000000000 下午','DD-MON-RR HH.MI.SSXFF AM'),'T35','S02',0.6,0.75,7.9);
Insert into STUDENT.SQL_TAOYUAN_WATER (SERIAL_NUMBER,CREATE_DATE,PLACE,WATER_SYSTEM,TURBIDITY,CHLORINE,HYDROGEN) values (59,to_timestamp('11-1月 -10 09.02.44.000000000 下午','DD-MON-RR HH.MI.SSXFF AM'),'T36','S02',0.8,0.55,8);
Insert into STUDENT.SQL_TAOYUAN_WATER (SERIAL_NUMBER,CREATE_DATE,PLACE,WATER_SYSTEM,TURBIDITY,CHLORINE,HYDROGEN) values (60,to_timestamp('11-1月 -10 09.02.44.000000000 下午','DD-MON-RR HH.MI.SSXFF AM'),'T47','S01',0.2,0.64,7.7);
Insert into STUDENT.SQL_TAOYUAN_WATER (SERIAL_NUMBER,CREATE_DATE,PLACE,WATER_SYSTEM,TURBIDITY,CHLORINE,HYDROGEN) values (61,to_timestamp('11-1月 -10 09.02.44.000000000 下午','DD-MON-RR HH.MI.SSXFF AM'),'T47','S01',0.4,0.67,7.6);
Insert into STUDENT.SQL_TAOYUAN_WATER (SERIAL_NUMBER,CREATE_DATE,PLACE,WATER_SYSTEM,TURBIDITY,CHLORINE,HYDROGEN) values (62,to_timestamp('11-1月 -10 09.02.44.000000000 下午','DD-MON-RR HH.MI.SSXFF AM'),'T50','S01',0.5,0.59,7.5);
Insert into STUDENT.SQL_TAOYUAN_WATER (SERIAL_NUMBER,CREATE_DATE,PLACE,WATER_SYSTEM,TURBIDITY,CHLORINE,HYDROGEN) values (63,to_timestamp('11-1月 -10 09.02.44.000000000 下午','DD-MON-RR HH.MI.SSXFF AM'),'T51','S02',0.4,0.72,7.8);
Insert into STUDENT.SQL_TAOYUAN_WATER (SERIAL_NUMBER,CREATE_DATE,PLACE,WATER_SYSTEM,TURBIDITY,CHLORINE,HYDROGEN) values (64,to_timestamp('12-1月 -10 09.02.44.000000000 下午','DD-MON-RR HH.MI.SSXFF AM'),'T04','S01',0.6,0.51,7.5);
Insert into STUDENT.SQL_TAOYUAN_WATER (SERIAL_NUMBER,CREATE_DATE,PLACE,WATER_SYSTEM,TURBIDITY,CHLORINE,HYDROGEN) values (65,to_timestamp('12-1月 -10 09.02.44.000000000 下午','DD-MON-RR HH.MI.SSXFF AM'),'T01','S01',0.3,0.55,7.6);
Insert into STUDENT.SQL_TAOYUAN_WATER (SERIAL_NUMBER,CREATE_DATE,PLACE,WATER_SYSTEM,TURBIDITY,CHLORINE,HYDROGEN) values (66,to_timestamp('12-1月 -10 09.02.44.000000000 下午','DD-MON-RR HH.MI.SSXFF AM'),'T02','S01',0.4,0.7,7.7);
Insert into STUDENT.SQL_TAOYUAN_WATER (SERIAL_NUMBER,CREATE_DATE,PLACE,WATER_SYSTEM,TURBIDITY,CHLORINE,HYDROGEN) values (67,to_timestamp('12-1月 -10 09.02.44.000000000 下午','DD-MON-RR HH.MI.SSXFF AM'),'T05','S01',0.3,0.53,7.6);
Insert into STUDENT.SQL_TAOYUAN_WATER (SERIAL_NUMBER,CREATE_DATE,PLACE,WATER_SYSTEM,TURBIDITY,CHLORINE,HYDROGEN) values (68,to_timestamp('12-1月 -10 09.02.44.000000000 下午','DD-MON-RR HH.MI.SSXFF AM'),'T03','S01',0.4,0.57,7.7);
Insert into STUDENT.SQL_TAOYUAN_WATER (SERIAL_NUMBER,CREATE_DATE,PLACE,WATER_SYSTEM,TURBIDITY,CHLORINE,HYDROGEN) values (69,to_timestamp('12-1月 -10 09.02.44.000000000 下午','DD-MON-RR HH.MI.SSXFF AM'),'T09','S01',0.3,0.72,7.6);
Insert into STUDENT.SQL_TAOYUAN_WATER (SERIAL_NUMBER,CREATE_DATE,PLACE,WATER_SYSTEM,TURBIDITY,CHLORINE,HYDROGEN) values (70,to_timestamp('12-1月 -10 09.02.44.000000000 下午','DD-MON-RR HH.MI.SSXFF AM'),'T10','S03',0.4,0.63,7.8);
Insert into STUDENT.SQL_TAOYUAN_WATER (SERIAL_NUMBER,CREATE_DATE,PLACE,WATER_SYSTEM,TURBIDITY,CHLORINE,HYDROGEN) values (71,to_timestamp('12-1月 -10 09.02.44.000000000 下午','DD-MON-RR HH.MI.SSXFF AM'),'T20','S03',0.5,0.57,8);
Insert into STUDENT.SQL_TAOYUAN_WATER (SERIAL_NUMBER,CREATE_DATE,PLACE,WATER_SYSTEM,TURBIDITY,CHLORINE,HYDROGEN) values (72,to_timestamp('12-1月 -10 09.02.44.000000000 下午','DD-MON-RR HH.MI.SSXFF AM'),'T22','S03',0.6,0.55,7.9);
Insert into STUDENT.SQL_TAOYUAN_WATER (SERIAL_NUMBER,CREATE_DATE,PLACE,WATER_SYSTEM,TURBIDITY,CHLORINE,HYDROGEN) values (73,to_timestamp('12-1月 -10 09.02.44.000000000 下午','DD-MON-RR HH.MI.SSXFF AM'),'T23','S03',0.4,0.68,7.9);
Insert into STUDENT.SQL_TAOYUAN_WATER (SERIAL_NUMBER,CREATE_DATE,PLACE,WATER_SYSTEM,TURBIDITY,CHLORINE,HYDROGEN) values (74,to_timestamp('12-1月 -10 09.02.44.000000000 下午','DD-MON-RR HH.MI.SSXFF AM'),'T24','S03',0.2,0.73,7.8);
Insert into STUDENT.SQL_TAOYUAN_WATER (SERIAL_NUMBER,CREATE_DATE,PLACE,WATER_SYSTEM,TURBIDITY,CHLORINE,HYDROGEN) values (75,to_timestamp('12-1月 -10 09.02.44.000000000 下午','DD-MON-RR HH.MI.SSXFF AM'),'T25','S03',0.5,0.62,7.9);
Insert into STUDENT.SQL_TAOYUAN_WATER (SERIAL_NUMBER,CREATE_DATE,PLACE,WATER_SYSTEM,TURBIDITY,CHLORINE,HYDROGEN) values (76,to_timestamp('12-1月 -10 09.02.44.000000000 下午','DD-MON-RR HH.MI.SSXFF AM'),'T27','S01',0.4,0.57,7.7);
Insert into STUDENT.SQL_TAOYUAN_WATER (SERIAL_NUMBER,CREATE_DATE,PLACE,WATER_SYSTEM,TURBIDITY,CHLORINE,HYDROGEN) values (77,to_timestamp('12-1月 -10 09.02.44.000000000 下午','DD-MON-RR HH.MI.SSXFF AM'),'T28','S01',0.4,0.72,7.7);
Insert into STUDENT.SQL_TAOYUAN_WATER (SERIAL_NUMBER,CREATE_DATE,PLACE,WATER_SYSTEM,TURBIDITY,CHLORINE,HYDROGEN) values (78,to_timestamp('12-1月 -10 09.02.44.000000000 下午','DD-MON-RR HH.MI.SSXFF AM'),'T39','S03',0.4,0.67,7.8);
Insert into STUDENT.SQL_TAOYUAN_WATER (SERIAL_NUMBER,CREATE_DATE,PLACE,WATER_SYSTEM,TURBIDITY,CHLORINE,HYDROGEN) values (79,to_timestamp('12-1月 -10 09.02.44.000000000 下午','DD-MON-RR HH.MI.SSXFF AM'),'T37','S03',0.4,0.69,7.9);
Insert into STUDENT.SQL_TAOYUAN_WATER (SERIAL_NUMBER,CREATE_DATE,PLACE,WATER_SYSTEM,TURBIDITY,CHLORINE,HYDROGEN) values (80,to_timestamp('12-1月 -10 09.02.44.000000000 下午','DD-MON-RR HH.MI.SSXFF AM'),'T38','S03',0.5,0.63,7.9);
Insert into STUDENT.SQL_TAOYUAN_WATER (SERIAL_NUMBER,CREATE_DATE,PLACE,WATER_SYSTEM,TURBIDITY,CHLORINE,HYDROGEN) values (81,to_timestamp('12-1月 -10 09.02.44.000000000 下午','DD-MON-RR HH.MI.SSXFF AM'),'T51','S03',0.4,0.66,7.9);
Insert into STUDENT.SQL_TAOYUAN_WATER (SERIAL_NUMBER,CREATE_DATE,PLACE,WATER_SYSTEM,TURBIDITY,CHLORINE,HYDROGEN) values (82,to_timestamp('12-1月 -10 09.02.44.000000000 下午','DD-MON-RR HH.MI.SSXFF AM'),'T12','S01',0.4,0.53,7.1);
Insert into STUDENT.SQL_TAOYUAN_WATER (SERIAL_NUMBER,CREATE_DATE,PLACE,WATER_SYSTEM,TURBIDITY,CHLORINE,HYDROGEN) values (83,to_timestamp('12-1月 -10 09.02.44.000000000 下午','DD-MON-RR HH.MI.SSXFF AM'),'T13','S01',0.4,0.64,7.1);
Insert into STUDENT.SQL_TAOYUAN_WATER (SERIAL_NUMBER,CREATE_DATE,PLACE,WATER_SYSTEM,TURBIDITY,CHLORINE,HYDROGEN) values (84,to_timestamp('12-1月 -10 09.02.44.000000000 下午','DD-MON-RR HH.MI.SSXFF AM'),'T15','S01',0.5,0.75,8);
Insert into STUDENT.SQL_TAOYUAN_WATER (SERIAL_NUMBER,CREATE_DATE,PLACE,WATER_SYSTEM,TURBIDITY,CHLORINE,HYDROGEN) values (85,to_timestamp('12-1月 -10 09.02.44.000000000 下午','DD-MON-RR HH.MI.SSXFF AM'),'T16','S01',0.4,0.66,8.1);
Insert into STUDENT.SQL_TAOYUAN_WATER (SERIAL_NUMBER,CREATE_DATE,PLACE,WATER_SYSTEM,TURBIDITY,CHLORINE,HYDROGEN) values (86,to_timestamp('12-1月 -10 09.02.44.000000000 下午','DD-MON-RR HH.MI.SSXFF AM'),'T17','S01',0.7,0.65,8);
Insert into STUDENT.SQL_TAOYUAN_WATER (SERIAL_NUMBER,CREATE_DATE,PLACE,WATER_SYSTEM,TURBIDITY,CHLORINE,HYDROGEN) values (87,to_timestamp('12-1月 -10 09.02.44.000000000 下午','DD-MON-RR HH.MI.SSXFF AM'),'T24','S03',0.3,0.67,7.7);
Insert into STUDENT.SQL_TAOYUAN_WATER (SERIAL_NUMBER,CREATE_DATE,PLACE,WATER_SYSTEM,TURBIDITY,CHLORINE,HYDROGEN) values (88,to_timestamp('12-1月 -10 09.02.44.000000000 下午','DD-MON-RR HH.MI.SSXFF AM'),'T26','S02',0.4,0.72,7.7);
Insert into STUDENT.SQL_TAOYUAN_WATER (SERIAL_NUMBER,CREATE_DATE,PLACE,WATER_SYSTEM,TURBIDITY,CHLORINE,HYDROGEN) values (89,to_timestamp('12-1月 -10 09.02.44.000000000 下午','DD-MON-RR HH.MI.SSXFF AM'),'T26','S02',0.5,0.7,7.8);
Insert into STUDENT.SQL_TAOYUAN_WATER (SERIAL_NUMBER,CREATE_DATE,PLACE,WATER_SYSTEM,TURBIDITY,CHLORINE,HYDROGEN) values (90,to_timestamp('12-1月 -10 09.02.44.000000000 下午','DD-MON-RR HH.MI.SSXFF AM'),'T31','S01',0.3,0.7,7.5);
Insert into STUDENT.SQL_TAOYUAN_WATER (SERIAL_NUMBER,CREATE_DATE,PLACE,WATER_SYSTEM,TURBIDITY,CHLORINE,HYDROGEN) values (91,to_timestamp('12-1月 -10 09.02.44.000000000 下午','DD-MON-RR HH.MI.SSXFF AM'),'T31','S01',0.3,0.67,7.5);
Insert into STUDENT.SQL_TAOYUAN_WATER (SERIAL_NUMBER,CREATE_DATE,PLACE,WATER_SYSTEM,TURBIDITY,CHLORINE,HYDROGEN) values (92,to_timestamp('12-1月 -10 09.02.44.000000000 下午','DD-MON-RR HH.MI.SSXFF AM'),'T31','S01',0.4,0.6,7.5);
Insert into STUDENT.SQL_TAOYUAN_WATER (SERIAL_NUMBER,CREATE_DATE,PLACE,WATER_SYSTEM,TURBIDITY,CHLORINE,HYDROGEN) values (93,to_timestamp('12-1月 -10 09.02.44.000000000 下午','DD-MON-RR HH.MI.SSXFF AM'),'T33','S04',0.8,0.55,7.4);
Insert into STUDENT.SQL_TAOYUAN_WATER (SERIAL_NUMBER,CREATE_DATE,PLACE,WATER_SYSTEM,TURBIDITY,CHLORINE,HYDROGEN) values (94,to_timestamp('12-1月 -10 09.02.44.000000000 下午','DD-MON-RR HH.MI.SSXFF AM'),'T33','S04',0.8,0.55,7.4);
Insert into STUDENT.SQL_TAOYUAN_WATER (SERIAL_NUMBER,CREATE_DATE,PLACE,WATER_SYSTEM,TURBIDITY,CHLORINE,HYDROGEN) values (95,to_timestamp('12-1月 -10 09.02.44.000000000 下午','DD-MON-RR HH.MI.SSXFF AM'),'T40','S06',0.4,0.8,8);
Insert into STUDENT.SQL_TAOYUAN_WATER (SERIAL_NUMBER,CREATE_DATE,PLACE,WATER_SYSTEM,TURBIDITY,CHLORINE,HYDROGEN) values (96,to_timestamp('12-1月 -10 09.02.44.000000000 下午','DD-MON-RR HH.MI.SSXFF AM'),'T41','S06',0.4,0.79,8);
Insert into STUDENT.SQL_TAOYUAN_WATER (SERIAL_NUMBER,CREATE_DATE,PLACE,WATER_SYSTEM,TURBIDITY,CHLORINE,HYDROGEN) values (97,to_timestamp('12-1月 -10 09.02.44.000000000 下午','DD-MON-RR HH.MI.SSXFF AM'),'T42','S06',0.2,0.82,8);
Insert into STUDENT.SQL_TAOYUAN_WATER (SERIAL_NUMBER,CREATE_DATE,PLACE,WATER_SYSTEM,TURBIDITY,CHLORINE,HYDROGEN) values (98,to_timestamp('12-1月 -10 09.02.44.000000000 下午','DD-MON-RR HH.MI.SSXFF AM'),'T43','S06',0.8,0.77,7.9);
Insert into STUDENT.SQL_TAOYUAN_WATER (SERIAL_NUMBER,CREATE_DATE,PLACE,WATER_SYSTEM,TURBIDITY,CHLORINE,HYDROGEN) values (99,to_timestamp('12-1月 -10 09.02.44.000000000 下午','DD-MON-RR HH.MI.SSXFF AM'),'T44','S06',0.4,0.8,8);
Insert into STUDENT.SQL_TAOYUAN_WATER (SERIAL_NUMBER,CREATE_DATE,PLACE,WATER_SYSTEM,TURBIDITY,CHLORINE,HYDROGEN) values (100,to_timestamp('12-4月 -10 09.02.44.000000000 下午','DD-MON-RR HH.MI.SSXFF AM'),'T30','S01',0.3,0.58,7.4);
Insert into STUDENT.SQL_TAOYUAN_WATER (SERIAL_NUMBER,CREATE_DATE,PLACE,WATER_SYSTEM,TURBIDITY,CHLORINE,HYDROGEN) values (101,to_timestamp('12-4月 -10 09.02.44.000000000 下午','DD-MON-RR HH.MI.SSXFF AM'),'T47','S01',0.3,0.52,7.7);
Insert into STUDENT.SQL_TAOYUAN_WATER (SERIAL_NUMBER,CREATE_DATE,PLACE,WATER_SYSTEM,TURBIDITY,CHLORINE,HYDROGEN) values (102,to_timestamp('12-4月 -10 09.02.44.000000000 下午','DD-MON-RR HH.MI.SSXFF AM'),'T47','S01',0.4,0.67,7.5);
Insert into STUDENT.SQL_TAOYUAN_WATER (SERIAL_NUMBER,CREATE_DATE,PLACE,WATER_SYSTEM,TURBIDITY,CHLORINE,HYDROGEN) values (103,to_timestamp('12-4月 -10 09.02.44.000000000 下午','DD-MON-RR HH.MI.SSXFF AM'),'T50','S01',0.2,0.55,7.4);
Insert into STUDENT.SQL_TAOYUAN_WATER (SERIAL_NUMBER,CREATE_DATE,PLACE,WATER_SYSTEM,TURBIDITY,CHLORINE,HYDROGEN) values (104,to_timestamp('12-4月 -10 09.02.44.000000000 下午','DD-MON-RR HH.MI.SSXFF AM'),'T06','S01',0.3,0.67,7.4);
Insert into STUDENT.SQL_TAOYUAN_WATER (SERIAL_NUMBER,CREATE_DATE,PLACE,WATER_SYSTEM,TURBIDITY,CHLORINE,HYDROGEN) values (105,to_timestamp('12-4月 -10 09.02.44.000000000 下午','DD-MON-RR HH.MI.SSXFF AM'),'T31','S01',0.3,0.75,7.4);
Insert into STUDENT.SQL_TAOYUAN_WATER (SERIAL_NUMBER,CREATE_DATE,PLACE,WATER_SYSTEM,TURBIDITY,CHLORINE,HYDROGEN) values (106,to_timestamp('12-4月 -10 09.02.44.000000000 下午','DD-MON-RR HH.MI.SSXFF AM'),'T29','S01',0.3,0.62,7.2);
Insert into STUDENT.SQL_TAOYUAN_WATER (SERIAL_NUMBER,CREATE_DATE,PLACE,WATER_SYSTEM,TURBIDITY,CHLORINE,HYDROGEN) values (107,to_timestamp('12-4月 -10 09.02.44.000000000 下午','DD-MON-RR HH.MI.SSXFF AM'),'T32','S01',0.3,0.44,7.5);
Insert into STUDENT.SQL_TAOYUAN_WATER (SERIAL_NUMBER,CREATE_DATE,PLACE,WATER_SYSTEM,TURBIDITY,CHLORINE,HYDROGEN) values (108,to_timestamp('12-4月 -10 09.02.44.000000000 下午','DD-MON-RR HH.MI.SSXFF AM'),'T07','S01',0.4,0.59,7.7);
Insert into STUDENT.SQL_TAOYUAN_WATER (SERIAL_NUMBER,CREATE_DATE,PLACE,WATER_SYSTEM,TURBIDITY,CHLORINE,HYDROGEN) values (109,to_timestamp('12-4月 -10 09.02.44.000000000 下午','DD-MON-RR HH.MI.SSXFF AM'),'T48','S01',0.4,0.66,7.6);
Insert into STUDENT.SQL_TAOYUAN_WATER (SERIAL_NUMBER,CREATE_DATE,PLACE,WATER_SYSTEM,TURBIDITY,CHLORINE,HYDROGEN) values (110,to_timestamp('12-4月 -10 09.02.44.000000000 下午','DD-MON-RR HH.MI.SSXFF AM'),'T49','S01',0.4,0.75,7.6);
Insert into STUDENT.SQL_TAOYUAN_WATER (SERIAL_NUMBER,CREATE_DATE,PLACE,WATER_SYSTEM,TURBIDITY,CHLORINE,HYDROGEN) values (111,to_timestamp('12-4月 -10 09.02.44.000000000 下午','DD-MON-RR HH.MI.SSXFF AM'),'T46','S01',0.4,0.57,7.6);
Insert into STUDENT.SQL_TAOYUAN_WATER (SERIAL_NUMBER,CREATE_DATE,PLACE,WATER_SYSTEM,TURBIDITY,CHLORINE,HYDROGEN) values (112,to_timestamp('12-4月 -10 09.02.44.000000000 下午','DD-MON-RR HH.MI.SSXFF AM'),'T47','S01',0.3,0.67,7.6);
Insert into STUDENT.SQL_TAOYUAN_WATER (SERIAL_NUMBER,CREATE_DATE,PLACE,WATER_SYSTEM,TURBIDITY,CHLORINE,HYDROGEN) values (113,to_timestamp('12-4月 -10 09.02.44.000000000 下午','DD-MON-RR HH.MI.SSXFF AM'),'T45','S01',0.3,0.68,7.6);
Insert into STUDENT.SQL_TAOYUAN_WATER (SERIAL_NUMBER,CREATE_DATE,PLACE,WATER_SYSTEM,TURBIDITY,CHLORINE,HYDROGEN) values (114,to_timestamp('12-4月 -10 09.02.44.000000000 下午','DD-MON-RR HH.MI.SSXFF AM'),'T18','S02',0.3,0.58,7.9);
Insert into STUDENT.SQL_TAOYUAN_WATER (SERIAL_NUMBER,CREATE_DATE,PLACE,WATER_SYSTEM,TURBIDITY,CHLORINE,HYDROGEN) values (115,to_timestamp('12-4月 -10 09.02.44.000000000 下午','DD-MON-RR HH.MI.SSXFF AM'),'T19','S02',0.8,0.65,7.8);
Insert into STUDENT.SQL_TAOYUAN_WATER (SERIAL_NUMBER,CREATE_DATE,PLACE,WATER_SYSTEM,TURBIDITY,CHLORINE,HYDROGEN) values (116,to_timestamp('12-4月 -10 09.02.44.000000000 下午','DD-MON-RR HH.MI.SSXFF AM'),'T26','S02',0.2,0.72,7.8);
Insert into STUDENT.SQL_TAOYUAN_WATER (SERIAL_NUMBER,CREATE_DATE,PLACE,WATER_SYSTEM,TURBIDITY,CHLORINE,HYDROGEN) values (117,to_timestamp('12-4月 -10 09.02.44.000000000 下午','DD-MON-RR HH.MI.SSXFF AM'),'T51','S02',0.4,0.57,7.9);
Insert into STUDENT.SQL_TAOYUAN_WATER (SERIAL_NUMBER,CREATE_DATE,PLACE,WATER_SYSTEM,TURBIDITY,CHLORINE,HYDROGEN) values (118,to_timestamp('12-4月 -10 09.02.44.000000000 下午','DD-MON-RR HH.MI.SSXFF AM'),'T36','S02',0.2,0.63,7.8);
Insert into STUDENT.SQL_TAOYUAN_WATER (SERIAL_NUMBER,CREATE_DATE,PLACE,WATER_SYSTEM,TURBIDITY,CHLORINE,HYDROGEN) values (119,to_timestamp('12-4月 -10 09.02.44.000000000 下午','DD-MON-RR HH.MI.SSXFF AM'),'T08','S02',0.9,0.56,7.9);
Insert into STUDENT.SQL_TAOYUAN_WATER (SERIAL_NUMBER,CREATE_DATE,PLACE,WATER_SYSTEM,TURBIDITY,CHLORINE,HYDROGEN) values (120,to_timestamp('12-4月 -10 09.02.44.000000000 下午','DD-MON-RR HH.MI.SSXFF AM'),'T34','S02',0.3,0.53,7.9);
Insert into STUDENT.SQL_TAOYUAN_WATER (SERIAL_NUMBER,CREATE_DATE,PLACE,WATER_SYSTEM,TURBIDITY,CHLORINE,HYDROGEN) values (121,to_timestamp('12-4月 -10 09.02.44.000000000 下午','DD-MON-RR HH.MI.SSXFF AM'),'T35','S02',0.4,0.54,7.8);
Insert into STUDENT.SQL_TAOYUAN_WATER (SERIAL_NUMBER,CREATE_DATE,PLACE,WATER_SYSTEM,TURBIDITY,CHLORINE,HYDROGEN) values (122,to_timestamp('12-4月 -10 09.02.44.000000000 下午','DD-MON-RR HH.MI.SSXFF AM'),'T36','S02',0.2,0.63,7.8);
Insert into STUDENT.SQL_TAOYUAN_WATER (SERIAL_NUMBER,CREATE_DATE,PLACE,WATER_SYSTEM,TURBIDITY,CHLORINE,HYDROGEN) values (123,to_timestamp('12-4月 -10 09.02.44.000000000 下午','DD-MON-RR HH.MI.SSXFF AM'),'T24','S03',0.3,0.7,7.8);
Insert into STUDENT.SQL_TAOYUAN_WATER (SERIAL_NUMBER,CREATE_DATE,PLACE,WATER_SYSTEM,TURBIDITY,CHLORINE,HYDROGEN) values (124,to_timestamp('12-4月 -10 09.02.44.000000000 下午','DD-MON-RR HH.MI.SSXFF AM'),'T31','S01',0.1,0.64,7.7);
Insert into STUDENT.SQL_TAOYUAN_WATER (SERIAL_NUMBER,CREATE_DATE,PLACE,WATER_SYSTEM,TURBIDITY,CHLORINE,HYDROGEN) values (125,to_timestamp('12-4月 -10 09.02.44.000000000 下午','DD-MON-RR HH.MI.SSXFF AM'),'T31','S01',0.3,0.72,7.7);
Insert into STUDENT.SQL_TAOYUAN_WATER (SERIAL_NUMBER,CREATE_DATE,PLACE,WATER_SYSTEM,TURBIDITY,CHLORINE,HYDROGEN) values (126,to_timestamp('12-4月 -10 09.02.44.000000000 下午','DD-MON-RR HH.MI.SSXFF AM'),'T31','S01',0.2,0.65,7.8);
Insert into STUDENT.SQL_TAOYUAN_WATER (SERIAL_NUMBER,CREATE_DATE,PLACE,WATER_SYSTEM,TURBIDITY,CHLORINE,HYDROGEN) values (127,to_timestamp('12-4月 -10 09.02.44.000000000 下午','DD-MON-RR HH.MI.SSXFF AM'),'T26','S02',0.2,0.72,7.8);
Insert into STUDENT.SQL_TAOYUAN_WATER (SERIAL_NUMBER,CREATE_DATE,PLACE,WATER_SYSTEM,TURBIDITY,CHLORINE,HYDROGEN) values (128,to_timestamp('12-4月 -10 09.02.44.000000000 下午','DD-MON-RR HH.MI.SSXFF AM'),'T26','S02',0.3,0.68,7.8);
Insert into STUDENT.SQL_TAOYUAN_WATER (SERIAL_NUMBER,CREATE_DATE,PLACE,WATER_SYSTEM,TURBIDITY,CHLORINE,HYDROGEN) values (129,to_timestamp('12-4月 -10 09.02.44.000000000 下午','DD-MON-RR HH.MI.SSXFF AM'),'T16','S01',0.3,0.6,7.7);
Insert into STUDENT.SQL_TAOYUAN_WATER (SERIAL_NUMBER,CREATE_DATE,PLACE,WATER_SYSTEM,TURBIDITY,CHLORINE,HYDROGEN) values (130,to_timestamp('12-4月 -10 09.02.44.000000000 下午','DD-MON-RR HH.MI.SSXFF AM'),'T42','S06',0.1,0.77,7.7);
Insert into STUDENT.SQL_TAOYUAN_WATER (SERIAL_NUMBER,CREATE_DATE,PLACE,WATER_SYSTEM,TURBIDITY,CHLORINE,HYDROGEN) values (131,to_timestamp('12-4月 -10 09.02.44.000000000 下午','DD-MON-RR HH.MI.SSXFF AM'),'T33','S04',0.8,0.5,7.6);
Insert into STUDENT.SQL_TAOYUAN_WATER (SERIAL_NUMBER,CREATE_DATE,PLACE,WATER_SYSTEM,TURBIDITY,CHLORINE,HYDROGEN) values (132,to_timestamp('12-4月 -10 09.02.44.000000000 下午','DD-MON-RR HH.MI.SSXFF AM'),'T43','S06',0.6,0.82,7.9);
Insert into STUDENT.SQL_TAOYUAN_WATER (SERIAL_NUMBER,CREATE_DATE,PLACE,WATER_SYSTEM,TURBIDITY,CHLORINE,HYDROGEN) values (133,to_timestamp('12-4月 -10 09.02.44.000000000 下午','DD-MON-RR HH.MI.SSXFF AM'),'T51','S03',0.5,0.55,7.9);
Insert into STUDENT.SQL_TAOYUAN_WATER (SERIAL_NUMBER,CREATE_DATE,PLACE,WATER_SYSTEM,TURBIDITY,CHLORINE,HYDROGEN) values (134,to_timestamp('12-4月 -10 09.02.44.000000000 下午','DD-MON-RR HH.MI.SSXFF AM'),'T38','S03',0.4,0.63,7.8);
Insert into STUDENT.SQL_TAOYUAN_WATER (SERIAL_NUMBER,CREATE_DATE,PLACE,WATER_SYSTEM,TURBIDITY,CHLORINE,HYDROGEN) values (135,to_timestamp('12-4月 -10 09.02.44.000000000 下午','DD-MON-RR HH.MI.SSXFF AM'),'T25','S03',0.4,0.58,7.8);
Insert into STUDENT.SQL_TAOYUAN_WATER (SERIAL_NUMBER,CREATE_DATE,PLACE,WATER_SYSTEM,TURBIDITY,CHLORINE,HYDROGEN) values (136,to_timestamp('12-4月 -10 09.02.44.000000000 下午','DD-MON-RR HH.MI.SSXFF AM'),'T41','S06',0.6,0.84,7.8);
Insert into STUDENT.SQL_TAOYUAN_WATER (SERIAL_NUMBER,CREATE_DATE,PLACE,WATER_SYSTEM,TURBIDITY,CHLORINE,HYDROGEN) values (137,to_timestamp('12-4月 -10 09.02.44.000000000 下午','DD-MON-RR HH.MI.SSXFF AM'),'T44','S06',0.3,0.77,7.8);
Insert into STUDENT.SQL_TAOYUAN_WATER (SERIAL_NUMBER,CREATE_DATE,PLACE,WATER_SYSTEM,TURBIDITY,CHLORINE,HYDROGEN) values (138,to_timestamp('12-4月 -10 09.02.44.000000000 下午','DD-MON-RR HH.MI.SSXFF AM'),'T40','S06',0.9,0.8,7.7);
Insert into STUDENT.SQL_TAOYUAN_WATER (SERIAL_NUMBER,CREATE_DATE,PLACE,WATER_SYSTEM,TURBIDITY,CHLORINE,HYDROGEN) values (139,to_timestamp('12-4月 -10 09.02.44.000000000 下午','DD-MON-RR HH.MI.SSXFF AM'),'T24','S03',0.2,0.7,7.8);
Insert into STUDENT.SQL_TAOYUAN_WATER (SERIAL_NUMBER,CREATE_DATE,PLACE,WATER_SYSTEM,TURBIDITY,CHLORINE,HYDROGEN) values (140,to_timestamp('12-4月 -10 09.02.44.000000000 下午','DD-MON-RR HH.MI.SSXFF AM'),'T33','S04',0.6,0.64,7.3);
Insert into STUDENT.SQL_TAOYUAN_WATER (SERIAL_NUMBER,CREATE_DATE,PLACE,WATER_SYSTEM,TURBIDITY,CHLORINE,HYDROGEN) values (141,to_timestamp('12-4月 -10 09.02.44.000000000 下午','DD-MON-RR HH.MI.SSXFF AM'),'T23','S03',0.4,0.65,7.8);
Insert into STUDENT.SQL_TAOYUAN_WATER (SERIAL_NUMBER,CREATE_DATE,PLACE,WATER_SYSTEM,TURBIDITY,CHLORINE,HYDROGEN) values (142,to_timestamp('12-4月 -10 09.02.44.000000000 下午','DD-MON-RR HH.MI.SSXFF AM'),'T12','S01',0.3,0.48,7.4);
Insert into STUDENT.SQL_TAOYUAN_WATER (SERIAL_NUMBER,CREATE_DATE,PLACE,WATER_SYSTEM,TURBIDITY,CHLORINE,HYDROGEN) values (143,to_timestamp('12-4月 -10 09.02.44.000000000 下午','DD-MON-RR HH.MI.SSXFF AM'),'T13','S01',0.3,0.61,7.3);
Insert into STUDENT.SQL_TAOYUAN_WATER (SERIAL_NUMBER,CREATE_DATE,PLACE,WATER_SYSTEM,TURBIDITY,CHLORINE,HYDROGEN) values (144,to_timestamp('12-4月 -10 09.02.44.000000000 下午','DD-MON-RR HH.MI.SSXFF AM'),'T15','S01',0.3,0.84,7.8);
Insert into STUDENT.SQL_TAOYUAN_WATER (SERIAL_NUMBER,CREATE_DATE,PLACE,WATER_SYSTEM,TURBIDITY,CHLORINE,HYDROGEN) values (145,to_timestamp('12-4月 -10 09.02.44.000000000 下午','DD-MON-RR HH.MI.SSXFF AM'),'T17','S01',0.4,0.67,7.8);
Insert into STUDENT.SQL_TAOYUAN_WATER (SERIAL_NUMBER,CREATE_DATE,PLACE,WATER_SYSTEM,TURBIDITY,CHLORINE,HYDROGEN) values (146,to_timestamp('12-4月 -10 09.02.44.000000000 下午','DD-MON-RR HH.MI.SSXFF AM'),'T20','S03',0.5,0.54,7.9);
Insert into STUDENT.SQL_TAOYUAN_WATER (SERIAL_NUMBER,CREATE_DATE,PLACE,WATER_SYSTEM,TURBIDITY,CHLORINE,HYDROGEN) values (147,to_timestamp('12-4月 -10 09.02.44.000000000 下午','DD-MON-RR HH.MI.SSXFF AM'),'T22','S03',0.7,0.52,7.9);
Insert into STUDENT.SQL_TAOYUAN_WATER (SERIAL_NUMBER,CREATE_DATE,PLACE,WATER_SYSTEM,TURBIDITY,CHLORINE,HYDROGEN) values (148,to_timestamp('12-4月 -10 09.02.44.000000000 下午','DD-MON-RR HH.MI.SSXFF AM'),'T10','S03',0.6,0.61,7.8);
Insert into STUDENT.SQL_TAOYUAN_WATER (SERIAL_NUMBER,CREATE_DATE,PLACE,WATER_SYSTEM,TURBIDITY,CHLORINE,HYDROGEN) values (149,to_timestamp('12-4月 -10 09.02.44.000000000 下午','DD-MON-RR HH.MI.SSXFF AM'),'T39','S03',0.4,0.66,7.8);
Insert into STUDENT.SQL_TAOYUAN_WATER (SERIAL_NUMBER,CREATE_DATE,PLACE,WATER_SYSTEM,TURBIDITY,CHLORINE,HYDROGEN) values (150,to_timestamp('12-4月 -10 09.02.44.000000000 下午','DD-MON-RR HH.MI.SSXFF AM'),'T30','S01',0.4,0.43,7.6);
Insert into STUDENT.SQL_TAOYUAN_WATER (SERIAL_NUMBER,CREATE_DATE,PLACE,WATER_SYSTEM,TURBIDITY,CHLORINE,HYDROGEN) values (151,to_timestamp('12-4月 -10 09.02.44.000000000 下午','DD-MON-RR HH.MI.SSXFF AM'),'T47','S01',0.5,0.41,7.6);
Insert into STUDENT.SQL_TAOYUAN_WATER (SERIAL_NUMBER,CREATE_DATE,PLACE,WATER_SYSTEM,TURBIDITY,CHLORINE,HYDROGEN) values (152,to_timestamp('12-4月 -10 09.02.44.000000000 下午','DD-MON-RR HH.MI.SSXFF AM'),'T47','S01',0.6,0.44,7.6);
Insert into STUDENT.SQL_TAOYUAN_WATER (SERIAL_NUMBER,CREATE_DATE,PLACE,WATER_SYSTEM,TURBIDITY,CHLORINE,HYDROGEN) values (153,to_timestamp('12-4月 -10 09.02.44.000000000 下午','DD-MON-RR HH.MI.SSXFF AM'),'T50','S01',0.3,0.43,7.5);
Insert into STUDENT.SQL_TAOYUAN_WATER (SERIAL_NUMBER,CREATE_DATE,PLACE,WATER_SYSTEM,TURBIDITY,CHLORINE,HYDROGEN) values (154,to_timestamp('12-4月 -10 09.02.44.000000000 下午','DD-MON-RR HH.MI.SSXFF AM'),'T06','S01',0.5,0.55,7.6);
Insert into STUDENT.SQL_TAOYUAN_WATER (SERIAL_NUMBER,CREATE_DATE,PLACE,WATER_SYSTEM,TURBIDITY,CHLORINE,HYDROGEN) values (155,to_timestamp('12-4月 -10 09.02.44.000000000 下午','DD-MON-RR HH.MI.SSXFF AM'),'T31','S01',0.4,0.6,7.1);
Insert into STUDENT.SQL_TAOYUAN_WATER (SERIAL_NUMBER,CREATE_DATE,PLACE,WATER_SYSTEM,TURBIDITY,CHLORINE,HYDROGEN) values (156,to_timestamp('12-4月 -10 09.02.44.000000000 下午','DD-MON-RR HH.MI.SSXFF AM'),'T04','S01',0.7,0.5,7.5);
Insert into STUDENT.SQL_TAOYUAN_WATER (SERIAL_NUMBER,CREATE_DATE,PLACE,WATER_SYSTEM,TURBIDITY,CHLORINE,HYDROGEN) values (157,to_timestamp('12-4月 -10 09.02.44.000000000 下午','DD-MON-RR HH.MI.SSXFF AM'),'T05','S01',0.5,0.35,7.7);
Insert into STUDENT.SQL_TAOYUAN_WATER (SERIAL_NUMBER,CREATE_DATE,PLACE,WATER_SYSTEM,TURBIDITY,CHLORINE,HYDROGEN) values (158,to_timestamp('12-4月 -10 09.02.44.000000000 下午','DD-MON-RR HH.MI.SSXFF AM'),'T31','S01',0.5,0.6,7.8);
Insert into STUDENT.SQL_TAOYUAN_WATER (SERIAL_NUMBER,CREATE_DATE,PLACE,WATER_SYSTEM,TURBIDITY,CHLORINE,HYDROGEN) values (159,to_timestamp('12-4月 -10 09.02.44.000000000 下午','DD-MON-RR HH.MI.SSXFF AM'),'T26','S02',0.2,0.7,7.7);
Insert into STUDENT.SQL_TAOYUAN_WATER (SERIAL_NUMBER,CREATE_DATE,PLACE,WATER_SYSTEM,TURBIDITY,CHLORINE,HYDROGEN) values (160,to_timestamp('12-4月 -10 09.02.44.000000000 下午','DD-MON-RR HH.MI.SSXFF AM'),'T09','S01',0.6,0.46,7.8);
Insert into STUDENT.SQL_TAOYUAN_WATER (SERIAL_NUMBER,CREATE_DATE,PLACE,WATER_SYSTEM,TURBIDITY,CHLORINE,HYDROGEN) values (161,to_timestamp('12-4月 -10 09.02.44.000000000 下午','DD-MON-RR HH.MI.SSXFF AM'),'T31','S01',0.5,0.71,7.7);
Insert into STUDENT.SQL_TAOYUAN_WATER (SERIAL_NUMBER,CREATE_DATE,PLACE,WATER_SYSTEM,TURBIDITY,CHLORINE,HYDROGEN) values (162,to_timestamp('12-4月 -10 09.02.44.000000000 下午','DD-MON-RR HH.MI.SSXFF AM'),'T31','S01',0.2,0.64,7.8);
Insert into STUDENT.SQL_TAOYUAN_WATER (SERIAL_NUMBER,CREATE_DATE,PLACE,WATER_SYSTEM,TURBIDITY,CHLORINE,HYDROGEN) values (163,to_timestamp('12-4月 -10 09.02.44.000000000 下午','DD-MON-RR HH.MI.SSXFF AM'),'T27','S01',0.6,0.61,7.8);
Insert into STUDENT.SQL_TAOYUAN_WATER (SERIAL_NUMBER,CREATE_DATE,PLACE,WATER_SYSTEM,TURBIDITY,CHLORINE,HYDROGEN) values (164,to_timestamp('12-4月 -10 09.02.44.000000000 下午','DD-MON-RR HH.MI.SSXFF AM'),'T42','S06',0.4,0.85,7.7);
Insert into STUDENT.SQL_TAOYUAN_WATER (SERIAL_NUMBER,CREATE_DATE,PLACE,WATER_SYSTEM,TURBIDITY,CHLORINE,HYDROGEN) values (165,to_timestamp('12-4月 -10 09.02.44.000000000 下午','DD-MON-RR HH.MI.SSXFF AM'),'T03','S01',0.5,0.5,7.6);
Insert into STUDENT.SQL_TAOYUAN_WATER (SERIAL_NUMBER,CREATE_DATE,PLACE,WATER_SYSTEM,TURBIDITY,CHLORINE,HYDROGEN) values (166,to_timestamp('12-4月 -10 09.02.44.000000000 下午','DD-MON-RR HH.MI.SSXFF AM'),'T28','S01',0.7,0.59,7.8);
Insert into STUDENT.SQL_TAOYUAN_WATER (SERIAL_NUMBER,CREATE_DATE,PLACE,WATER_SYSTEM,TURBIDITY,CHLORINE,HYDROGEN) values (167,to_timestamp('12-4月 -10 09.02.44.000000000 下午','DD-MON-RR HH.MI.SSXFF AM'),'T02','S01',0.2,0.49,7.6);
Insert into STUDENT.SQL_TAOYUAN_WATER (SERIAL_NUMBER,CREATE_DATE,PLACE,WATER_SYSTEM,TURBIDITY,CHLORINE,HYDROGEN) values (168,to_timestamp('12-4月 -10 09.02.44.000000000 下午','DD-MON-RR HH.MI.SSXFF AM'),'T24','S03',0.3,0.68,7.6);
Insert into STUDENT.SQL_TAOYUAN_WATER (SERIAL_NUMBER,CREATE_DATE,PLACE,WATER_SYSTEM,TURBIDITY,CHLORINE,HYDROGEN) values (169,to_timestamp('12-4月 -10 09.02.44.000000000 下午','DD-MON-RR HH.MI.SSXFF AM'),'T01','S01',0.5,0.5,7.7);
Insert into STUDENT.SQL_TAOYUAN_WATER (SERIAL_NUMBER,CREATE_DATE,PLACE,WATER_SYSTEM,TURBIDITY,CHLORINE,HYDROGEN) values (170,to_timestamp('12-4月 -10 09.02.44.000000000 下午','DD-MON-RR HH.MI.SSXFF AM'),'T26','S02',0.3,0.72,7.7);
Insert into STUDENT.SQL_TAOYUAN_WATER (SERIAL_NUMBER,CREATE_DATE,PLACE,WATER_SYSTEM,TURBIDITY,CHLORINE,HYDROGEN) values (171,to_timestamp('12-4月 -10 09.02.44.000000000 下午','DD-MON-RR HH.MI.SSXFF AM'),'T16','S01',0.2,0.64,7.8);
Insert into STUDENT.SQL_TAOYUAN_WATER (SERIAL_NUMBER,CREATE_DATE,PLACE,WATER_SYSTEM,TURBIDITY,CHLORINE,HYDROGEN) values (172,to_timestamp('12-4月 -10 09.02.44.000000000 下午','DD-MON-RR HH.MI.SSXFF AM'),'T33','S05',0.9,0.52,7.1);
Insert into STUDENT.SQL_TAOYUAN_WATER (SERIAL_NUMBER,CREATE_DATE,PLACE,WATER_SYSTEM,TURBIDITY,CHLORINE,HYDROGEN) values (173,to_timestamp('12-4月 -10 09.02.44.000000000 下午','DD-MON-RR HH.MI.SSXFF AM'),'T51','S02',0.8,0.53,7.6);
Insert into STUDENT.SQL_TAOYUAN_WATER (SERIAL_NUMBER,CREATE_DATE,PLACE,WATER_SYSTEM,TURBIDITY,CHLORINE,HYDROGEN) values (174,to_timestamp('12-4月 -10 09.02.44.000000000 下午','DD-MON-RR HH.MI.SSXFF AM'),'T26','S02',0.2,0.71,7.6);
Insert into STUDENT.SQL_TAOYUAN_WATER (SERIAL_NUMBER,CREATE_DATE,PLACE,WATER_SYSTEM,TURBIDITY,CHLORINE,HYDROGEN) values (175,to_timestamp('12-4月 -10 09.02.44.000000000 下午','DD-MON-RR HH.MI.SSXFF AM'),'T19','S02',0.6,0.58,7.7);
Insert into STUDENT.SQL_TAOYUAN_WATER (SERIAL_NUMBER,CREATE_DATE,PLACE,WATER_SYSTEM,TURBIDITY,CHLORINE,HYDROGEN) values (176,to_timestamp('12-4月 -10 09.02.44.000000000 下午','DD-MON-RR HH.MI.SSXFF AM'),'T34','S02',0.9,0.61,7.7);
Insert into STUDENT.SQL_TAOYUAN_WATER (SERIAL_NUMBER,CREATE_DATE,PLACE,WATER_SYSTEM,TURBIDITY,CHLORINE,HYDROGEN) values (177,to_timestamp('12-4月 -10 09.02.44.000000000 下午','DD-MON-RR HH.MI.SSXFF AM'),'T18','S02',0.4,0.64,7.7);
Insert into STUDENT.SQL_TAOYUAN_WATER (SERIAL_NUMBER,CREATE_DATE,PLACE,WATER_SYSTEM,TURBIDITY,CHLORINE,HYDROGEN) values (178,to_timestamp('12-4月 -10 09.02.44.000000000 下午','DD-MON-RR HH.MI.SSXFF AM'),'T08','S02',0.5,0.55,7.6);
Insert into STUDENT.SQL_TAOYUAN_WATER (SERIAL_NUMBER,CREATE_DATE,PLACE,WATER_SYSTEM,TURBIDITY,CHLORINE,HYDROGEN) values (179,to_timestamp('12-4月 -10 09.02.44.000000000 下午','DD-MON-RR HH.MI.SSXFF AM'),'T35','S02',0.7,0.64,7.7);
Insert into STUDENT.SQL_TAOYUAN_WATER (SERIAL_NUMBER,CREATE_DATE,PLACE,WATER_SYSTEM,TURBIDITY,CHLORINE,HYDROGEN) values (180,to_timestamp('12-4月 -10 09.02.44.000000000 下午','DD-MON-RR HH.MI.SSXFF AM'),'T36','S02',0.5,0.66,7.6);
Insert into STUDENT.SQL_TAOYUAN_WATER (SERIAL_NUMBER,CREATE_DATE,PLACE,WATER_SYSTEM,TURBIDITY,CHLORINE,HYDROGEN) values (181,to_timestamp('12-4月 -10 09.02.44.000000000 下午','DD-MON-RR HH.MI.SSXFF AM'),'T37','S07',0.4,0.64,7.6);
Insert into STUDENT.SQL_TAOYUAN_WATER (SERIAL_NUMBER,CREATE_DATE,PLACE,WATER_SYSTEM,TURBIDITY,CHLORINE,HYDROGEN) values (182,to_timestamp('12-4月 -10 09.02.44.000000000 下午','DD-MON-RR HH.MI.SSXFF AM'),'T51','S03',0.6,0.62,7.5);
Insert into STUDENT.SQL_TAOYUAN_WATER (SERIAL_NUMBER,CREATE_DATE,PLACE,WATER_SYSTEM,TURBIDITY,CHLORINE,HYDROGEN) values (183,to_timestamp('12-4月 -10 09.02.44.000000000 下午','DD-MON-RR HH.MI.SSXFF AM'),'T23','S03',0.4,0.63,7.6);
Insert into STUDENT.SQL_TAOYUAN_WATER (SERIAL_NUMBER,CREATE_DATE,PLACE,WATER_SYSTEM,TURBIDITY,CHLORINE,HYDROGEN) values (184,to_timestamp('12-4月 -10 09.02.44.000000000 下午','DD-MON-RR HH.MI.SSXFF AM'),'T38','S03',0.4,0.63,7.6);
Insert into STUDENT.SQL_TAOYUAN_WATER (SERIAL_NUMBER,CREATE_DATE,PLACE,WATER_SYSTEM,TURBIDITY,CHLORINE,HYDROGEN) values (185,to_timestamp('12-4月 -10 09.02.44.000000000 下午','DD-MON-RR HH.MI.SSXFF AM'),'T24','S03',0.2,0.68,7.6);
Insert into STUDENT.SQL_TAOYUAN_WATER (SERIAL_NUMBER,CREATE_DATE,PLACE,WATER_SYSTEM,TURBIDITY,CHLORINE,HYDROGEN) values (186,to_timestamp('12-4月 -10 09.02.44.000000000 下午','DD-MON-RR HH.MI.SSXFF AM'),'T25','S03',0.6,0.61,7.5);
Insert into STUDENT.SQL_TAOYUAN_WATER (SERIAL_NUMBER,CREATE_DATE,PLACE,WATER_SYSTEM,TURBIDITY,CHLORINE,HYDROGEN) values (187,to_timestamp('12-4月 -10 09.02.44.000000000 下午','DD-MON-RR HH.MI.SSXFF AM'),'T20','S03',0.5,0.54,7.6);
Insert into STUDENT.SQL_TAOYUAN_WATER (SERIAL_NUMBER,CREATE_DATE,PLACE,WATER_SYSTEM,TURBIDITY,CHLORINE,HYDROGEN) values (188,to_timestamp('12-4月 -10 09.02.44.000000000 下午','DD-MON-RR HH.MI.SSXFF AM'),'T22','S03',0.7,0.62,7.5);
Insert into STUDENT.SQL_TAOYUAN_WATER (SERIAL_NUMBER,CREATE_DATE,PLACE,WATER_SYSTEM,TURBIDITY,CHLORINE,HYDROGEN) values (189,to_timestamp('12-4月 -10 09.02.44.000000000 下午','DD-MON-RR HH.MI.SSXFF AM'),'T10','S03',0.7,0.57,7.7);
Insert into STUDENT.SQL_TAOYUAN_WATER (SERIAL_NUMBER,CREATE_DATE,PLACE,WATER_SYSTEM,TURBIDITY,CHLORINE,HYDROGEN) values (190,to_timestamp('12-4月 -10 09.02.44.000000000 下午','DD-MON-RR HH.MI.SSXFF AM'),'T39','S07',0.4,0.59,7.6);
Insert into STUDENT.SQL_TAOYUAN_WATER (SERIAL_NUMBER,CREATE_DATE,PLACE,WATER_SYSTEM,TURBIDITY,CHLORINE,HYDROGEN) values (191,to_timestamp('12-4月 -10 09.02.44.000000000 下午','DD-MON-RR HH.MI.SSXFF AM'),'T41','S06',0.3,0.76,7.4);
Insert into STUDENT.SQL_TAOYUAN_WATER (SERIAL_NUMBER,CREATE_DATE,PLACE,WATER_SYSTEM,TURBIDITY,CHLORINE,HYDROGEN) values (192,to_timestamp('12-4月 -10 09.02.44.000000000 下午','DD-MON-RR HH.MI.SSXFF AM'),'T44','S06',0.3,0.8,7.5);
Insert into STUDENT.SQL_TAOYUAN_WATER (SERIAL_NUMBER,CREATE_DATE,PLACE,WATER_SYSTEM,TURBIDITY,CHLORINE,HYDROGEN) values (193,to_timestamp('12-4月 -10 09.02.44.000000000 下午','DD-MON-RR HH.MI.SSXFF AM'),'T40','S06',0.3,0.8,7.5);
Insert into STUDENT.SQL_TAOYUAN_WATER (SERIAL_NUMBER,CREATE_DATE,PLACE,WATER_SYSTEM,TURBIDITY,CHLORINE,HYDROGEN) values (194,to_timestamp('12-4月 -10 09.02.44.000000000 下午','DD-MON-RR HH.MI.SSXFF AM'),'T12','S01',0.3,0.36,7.4);
Insert into STUDENT.SQL_TAOYUAN_WATER (SERIAL_NUMBER,CREATE_DATE,PLACE,WATER_SYSTEM,TURBIDITY,CHLORINE,HYDROGEN) values (195,to_timestamp('12-4月 -10 09.02.44.000000000 下午','DD-MON-RR HH.MI.SSXFF AM'),'T15','S01',0.2,0.51,7.3);
Insert into STUDENT.SQL_TAOYUAN_WATER (SERIAL_NUMBER,CREATE_DATE,PLACE,WATER_SYSTEM,TURBIDITY,CHLORINE,HYDROGEN) values (196,to_timestamp('12-4月 -10 09.02.44.000000000 下午','DD-MON-RR HH.MI.SSXFF AM'),'T17','S01',0.3,0.74,7.3);
Insert into STUDENT.SQL_TAOYUAN_WATER (SERIAL_NUMBER,CREATE_DATE,PLACE,WATER_SYSTEM,TURBIDITY,CHLORINE,HYDROGEN) values (197,to_timestamp('12-4月 -10 09.02.44.000000000 下午','DD-MON-RR HH.MI.SSXFF AM'),'T13','S01',0.2,0.67,7.3);
Insert into STUDENT.SQL_TAOYUAN_WATER (SERIAL_NUMBER,CREATE_DATE,PLACE,WATER_SYSTEM,TURBIDITY,CHLORINE,HYDROGEN) values (198,to_timestamp('12-4月 -10 09.02.44.000000000 下午','DD-MON-RR HH.MI.SSXFF AM'),'T43','S06',0.6,0.75,7.4);
Insert into STUDENT.SQL_TAOYUAN_WATER (SERIAL_NUMBER,CREATE_DATE,PLACE,WATER_SYSTEM,TURBIDITY,CHLORINE,HYDROGEN) values (199,to_timestamp('12-4月 -10 09.02.44.000000000 下午','DD-MON-RR HH.MI.SSXFF AM'),'T33','S05',0.5,0.64,7.5);
Insert into STUDENT.SQL_TAOYUAN_WATER (SERIAL_NUMBER,CREATE_DATE,PLACE,WATER_SYSTEM,TURBIDITY,CHLORINE,HYDROGEN) values (200,to_timestamp('12-6月 -10 09.02.44.000000000 下午','DD-MON-RR HH.MI.SSXFF AM'),'T31','S01',0.2,0.6,6.9);
Insert into STUDENT.SQL_TAOYUAN_WATER (SERIAL_NUMBER,CREATE_DATE,PLACE,WATER_SYSTEM,TURBIDITY,CHLORINE,HYDROGEN) values (201,to_timestamp('12-6月 -10 09.02.44.000000000 下午','DD-MON-RR HH.MI.SSXFF AM'),'T31','S01',0.3,0.77,6.8);
Insert into STUDENT.SQL_TAOYUAN_WATER (SERIAL_NUMBER,CREATE_DATE,PLACE,WATER_SYSTEM,TURBIDITY,CHLORINE,HYDROGEN) values (202,to_timestamp('12-6月 -10 09.02.44.000000000 下午','DD-MON-RR HH.MI.SSXFF AM'),'T31','S01',0.2,0.7,6.7);
Insert into STUDENT.SQL_TAOYUAN_WATER (SERIAL_NUMBER,CREATE_DATE,PLACE,WATER_SYSTEM,TURBIDITY,CHLORINE,HYDROGEN) values (203,to_timestamp('12-6月 -10 09.02.44.000000000 下午','DD-MON-RR HH.MI.SSXFF AM'),'T26','S02',1.4,0.72,6.9);
Insert into STUDENT.SQL_TAOYUAN_WATER (SERIAL_NUMBER,CREATE_DATE,PLACE,WATER_SYSTEM,TURBIDITY,CHLORINE,HYDROGEN) values (204,to_timestamp('12-6月 -10 09.02.44.000000000 下午','DD-MON-RR HH.MI.SSXFF AM'),'T26','S02',1.6,0.76,7);
Insert into STUDENT.SQL_TAOYUAN_WATER (SERIAL_NUMBER,CREATE_DATE,PLACE,WATER_SYSTEM,TURBIDITY,CHLORINE,HYDROGEN) values (205,to_timestamp('12-6月 -10 09.02.44.000000000 下午','DD-MON-RR HH.MI.SSXFF AM'),'T24','S03',1.2,0.7,7.2);
Insert into STUDENT.SQL_TAOYUAN_WATER (SERIAL_NUMBER,CREATE_DATE,PLACE,WATER_SYSTEM,TURBIDITY,CHLORINE,HYDROGEN) values (206,to_timestamp('12-6月 -10 09.02.44.000000000 下午','DD-MON-RR HH.MI.SSXFF AM'),'T16','S01',0.8,0.58,6.9);
Insert into STUDENT.SQL_TAOYUAN_WATER (SERIAL_NUMBER,CREATE_DATE,PLACE,WATER_SYSTEM,TURBIDITY,CHLORINE,HYDROGEN) values (207,to_timestamp('12-6月 -10 09.02.44.000000000 下午','DD-MON-RR HH.MI.SSXFF AM'),'T42','S06',0.1,0.76,7.3);
Insert into STUDENT.SQL_TAOYUAN_WATER (SERIAL_NUMBER,CREATE_DATE,PLACE,WATER_SYSTEM,TURBIDITY,CHLORINE,HYDROGEN) values (208,to_timestamp('12-6月 -10 09.02.44.000000000 下午','DD-MON-RR HH.MI.SSXFF AM'),'T33','S04',0.7,0.49,6.8);
Insert into STUDENT.SQL_TAOYUAN_WATER (SERIAL_NUMBER,CREATE_DATE,PLACE,WATER_SYSTEM,TURBIDITY,CHLORINE,HYDROGEN) values (209,to_timestamp('12-6月 -10 09.02.44.000000000 下午','DD-MON-RR HH.MI.SSXFF AM'),'T47','S01',0.2,0.51,7.2);
Insert into STUDENT.SQL_TAOYUAN_WATER (SERIAL_NUMBER,CREATE_DATE,PLACE,WATER_SYSTEM,TURBIDITY,CHLORINE,HYDROGEN) values (210,to_timestamp('12-6月 -10 09.02.44.000000000 下午','DD-MON-RR HH.MI.SSXFF AM'),'T06','S01',0.2,0.5,7.3);
Insert into STUDENT.SQL_TAOYUAN_WATER (SERIAL_NUMBER,CREATE_DATE,PLACE,WATER_SYSTEM,TURBIDITY,CHLORINE,HYDROGEN) values (211,to_timestamp('12-6月 -10 09.02.44.000000000 下午','DD-MON-RR HH.MI.SSXFF AM'),'T47','S01',0.2,0.32,7.5);
Insert into STUDENT.SQL_TAOYUAN_WATER (SERIAL_NUMBER,CREATE_DATE,PLACE,WATER_SYSTEM,TURBIDITY,CHLORINE,HYDROGEN) values (212,to_timestamp('12-6月 -10 09.02.44.000000000 下午','DD-MON-RR HH.MI.SSXFF AM'),'T51','S03',0.9,0.6,7.4);
Insert into STUDENT.SQL_TAOYUAN_WATER (SERIAL_NUMBER,CREATE_DATE,PLACE,WATER_SYSTEM,TURBIDITY,CHLORINE,HYDROGEN) values (213,to_timestamp('12-6月 -10 09.02.44.000000000 下午','DD-MON-RR HH.MI.SSXFF AM'),'T25','S03',0.5,0.61,7.3);
Insert into STUDENT.SQL_TAOYUAN_WATER (SERIAL_NUMBER,CREATE_DATE,PLACE,WATER_SYSTEM,TURBIDITY,CHLORINE,HYDROGEN) values (214,to_timestamp('12-6月 -10 09.02.44.000000000 下午','DD-MON-RR HH.MI.SSXFF AM'),'T23','S03',0.7,0.57,7.2);
Insert into STUDENT.SQL_TAOYUAN_WATER (SERIAL_NUMBER,CREATE_DATE,PLACE,WATER_SYSTEM,TURBIDITY,CHLORINE,HYDROGEN) values (215,to_timestamp('12-6月 -10 09.02.44.000000000 下午','DD-MON-RR HH.MI.SSXFF AM'),'T37','S03',0.7,0.54,7.3);
Insert into STUDENT.SQL_TAOYUAN_WATER (SERIAL_NUMBER,CREATE_DATE,PLACE,WATER_SYSTEM,TURBIDITY,CHLORINE,HYDROGEN) values (216,to_timestamp('12-6月 -10 09.02.44.000000000 下午','DD-MON-RR HH.MI.SSXFF AM'),'T50','S01',0.3,0.51,7.2);
Insert into STUDENT.SQL_TAOYUAN_WATER (SERIAL_NUMBER,CREATE_DATE,PLACE,WATER_SYSTEM,TURBIDITY,CHLORINE,HYDROGEN) values (217,to_timestamp('12-6月 -10 09.02.44.000000000 下午','DD-MON-RR HH.MI.SSXFF AM'),'T20','S03',0.7,0.53,7.3);
Insert into STUDENT.SQL_TAOYUAN_WATER (SERIAL_NUMBER,CREATE_DATE,PLACE,WATER_SYSTEM,TURBIDITY,CHLORINE,HYDROGEN) values (218,to_timestamp('12-6月 -10 09.02.44.000000000 下午','DD-MON-RR HH.MI.SSXFF AM'),'T31','S01',0.4,0.54,7.2);
Insert into STUDENT.SQL_TAOYUAN_WATER (SERIAL_NUMBER,CREATE_DATE,PLACE,WATER_SYSTEM,TURBIDITY,CHLORINE,HYDROGEN) values (219,to_timestamp('12-6月 -10 09.02.44.000000000 下午','DD-MON-RR HH.MI.SSXFF AM'),'T22','S03',0.9,0.66,7.7);
Insert into STUDENT.SQL_TAOYUAN_WATER (SERIAL_NUMBER,CREATE_DATE,PLACE,WATER_SYSTEM,TURBIDITY,CHLORINE,HYDROGEN) values (220,to_timestamp('12-6月 -10 09.02.44.000000000 下午','DD-MON-RR HH.MI.SSXFF AM'),'T24','S03',0.4,0.72,7.4);
Insert into STUDENT.SQL_TAOYUAN_WATER (SERIAL_NUMBER,CREATE_DATE,PLACE,WATER_SYSTEM,TURBIDITY,CHLORINE,HYDROGEN) values (221,to_timestamp('12-6月 -10 09.02.44.000000000 下午','DD-MON-RR HH.MI.SSXFF AM'),'T30','S01',0.2,0.4,7.4);
Insert into STUDENT.SQL_TAOYUAN_WATER (SERIAL_NUMBER,CREATE_DATE,PLACE,WATER_SYSTEM,TURBIDITY,CHLORINE,HYDROGEN) values (222,to_timestamp('12-6月 -10 09.02.44.000000000 下午','DD-MON-RR HH.MI.SSXFF AM'),'T38','S03',0.7,0.69,7.3);
Insert into STUDENT.SQL_TAOYUAN_WATER (SERIAL_NUMBER,CREATE_DATE,PLACE,WATER_SYSTEM,TURBIDITY,CHLORINE,HYDROGEN) values (223,to_timestamp('12-6月 -10 09.02.44.000000000 下午','DD-MON-RR HH.MI.SSXFF AM'),'T10','S03',0.9,0.53,7.4);
Insert into STUDENT.SQL_TAOYUAN_WATER (SERIAL_NUMBER,CREATE_DATE,PLACE,WATER_SYSTEM,TURBIDITY,CHLORINE,HYDROGEN) values (224,to_timestamp('12-6月 -10 09.02.44.000000000 下午','DD-MON-RR HH.MI.SSXFF AM'),'T39','S03',0.8,0.57,7.3);
Insert into STUDENT.SQL_TAOYUAN_WATER (SERIAL_NUMBER,CREATE_DATE,PLACE,WATER_SYSTEM,TURBIDITY,CHLORINE,HYDROGEN) values (225,to_timestamp('12-6月 -10 09.02.44.000000000 下午','DD-MON-RR HH.MI.SSXFF AM'),'T26','S02',0.5,0.7,7.4);
Insert into STUDENT.SQL_TAOYUAN_WATER (SERIAL_NUMBER,CREATE_DATE,PLACE,WATER_SYSTEM,TURBIDITY,CHLORINE,HYDROGEN) values (226,to_timestamp('12-6月 -10 09.02.44.000000000 下午','DD-MON-RR HH.MI.SSXFF AM'),'T45','S01',0.3,0.55,7.7);
Insert into STUDENT.SQL_TAOYUAN_WATER (SERIAL_NUMBER,CREATE_DATE,PLACE,WATER_SYSTEM,TURBIDITY,CHLORINE,HYDROGEN) values (227,to_timestamp('12-6月 -10 09.02.44.000000000 下午','DD-MON-RR HH.MI.SSXFF AM'),'T48','S01',0.4,0.54,7.7);
Insert into STUDENT.SQL_TAOYUAN_WATER (SERIAL_NUMBER,CREATE_DATE,PLACE,WATER_SYSTEM,TURBIDITY,CHLORINE,HYDROGEN) values (228,to_timestamp('12-6月 -10 09.02.44.000000000 下午','DD-MON-RR HH.MI.SSXFF AM'),'T49','S01',0.3,0.64,7.8);
Insert into STUDENT.SQL_TAOYUAN_WATER (SERIAL_NUMBER,CREATE_DATE,PLACE,WATER_SYSTEM,TURBIDITY,CHLORINE,HYDROGEN) values (229,to_timestamp('12-6月 -10 09.02.44.000000000 下午','DD-MON-RR HH.MI.SSXFF AM'),'T07','S01',0.4,0.51,7.7);
Insert into STUDENT.SQL_TAOYUAN_WATER (SERIAL_NUMBER,CREATE_DATE,PLACE,WATER_SYSTEM,TURBIDITY,CHLORINE,HYDROGEN) values (230,to_timestamp('12-6月 -10 09.02.44.000000000 下午','DD-MON-RR HH.MI.SSXFF AM'),'T46','S01',0.3,0.38,7.7);
Insert into STUDENT.SQL_TAOYUAN_WATER (SERIAL_NUMBER,CREATE_DATE,PLACE,WATER_SYSTEM,TURBIDITY,CHLORINE,HYDROGEN) values (231,to_timestamp('12-6月 -10 09.02.44.000000000 下午','DD-MON-RR HH.MI.SSXFF AM'),'T34','S02',1,0.52,7.4);
Insert into STUDENT.SQL_TAOYUAN_WATER (SERIAL_NUMBER,CREATE_DATE,PLACE,WATER_SYSTEM,TURBIDITY,CHLORINE,HYDROGEN) values (232,to_timestamp('12-6月 -10 09.02.44.000000000 下午','DD-MON-RR HH.MI.SSXFF AM'),'T32','S01',0.3,0.46,7.7);
Insert into STUDENT.SQL_TAOYUAN_WATER (SERIAL_NUMBER,CREATE_DATE,PLACE,WATER_SYSTEM,TURBIDITY,CHLORINE,HYDROGEN) values (233,to_timestamp('12-6月 -10 09.02.44.000000000 下午','DD-MON-RR HH.MI.SSXFF AM'),'T18','S02',1.2,0.51,7.6);
Insert into STUDENT.SQL_TAOYUAN_WATER (SERIAL_NUMBER,CREATE_DATE,PLACE,WATER_SYSTEM,TURBIDITY,CHLORINE,HYDROGEN) values (234,to_timestamp('12-6月 -10 09.02.44.000000000 下午','DD-MON-RR HH.MI.SSXFF AM'),'T36','S02',1.2,0.57,7.5);
Insert into STUDENT.SQL_TAOYUAN_WATER (SERIAL_NUMBER,CREATE_DATE,PLACE,WATER_SYSTEM,TURBIDITY,CHLORINE,HYDROGEN) values (235,to_timestamp('12-6月 -10 09.02.44.000000000 下午','DD-MON-RR HH.MI.SSXFF AM'),'T29','S01',0.3,0.53,7.5);
Insert into STUDENT.SQL_TAOYUAN_WATER (SERIAL_NUMBER,CREATE_DATE,PLACE,WATER_SYSTEM,TURBIDITY,CHLORINE,HYDROGEN) values (236,to_timestamp('12-6月 -10 09.02.44.000000000 下午','DD-MON-RR HH.MI.SSXFF AM'),'T08','S02',1.5,0.52,7.4);
Insert into STUDENT.SQL_TAOYUAN_WATER (SERIAL_NUMBER,CREATE_DATE,PLACE,WATER_SYSTEM,TURBIDITY,CHLORINE,HYDROGEN) values (237,to_timestamp('12-6月 -10 09.02.44.000000000 下午','DD-MON-RR HH.MI.SSXFF AM'),'T35','S02',1.1,0.58,7.4);
Insert into STUDENT.SQL_TAOYUAN_WATER (SERIAL_NUMBER,CREATE_DATE,PLACE,WATER_SYSTEM,TURBIDITY,CHLORINE,HYDROGEN) values (238,to_timestamp('12-6月 -10 09.02.44.000000000 下午','DD-MON-RR HH.MI.SSXFF AM'),'T19','S02',1.6,0.64,7.4);
Insert into STUDENT.SQL_TAOYUAN_WATER (SERIAL_NUMBER,CREATE_DATE,PLACE,WATER_SYSTEM,TURBIDITY,CHLORINE,HYDROGEN) values (239,to_timestamp('12-6月 -10 09.02.44.000000000 下午','DD-MON-RR HH.MI.SSXFF AM'),'T47','S01',0.4,0.36,7.7);
Insert into STUDENT.SQL_TAOYUAN_WATER (SERIAL_NUMBER,CREATE_DATE,PLACE,WATER_SYSTEM,TURBIDITY,CHLORINE,HYDROGEN) values (240,to_timestamp('12-6月 -10 09.02.44.000000000 下午','DD-MON-RR HH.MI.SSXFF AM'),'T51','S02',1.4,0.6,7.5);
Insert into STUDENT.SQL_TAOYUAN_WATER (SERIAL_NUMBER,CREATE_DATE,PLACE,WATER_SYSTEM,TURBIDITY,CHLORINE,HYDROGEN) values (241,to_timestamp('12-6月 -10 09.02.44.000000000 下午','DD-MON-RR HH.MI.SSXFF AM'),'T33','S04',0.6,0.47,7.6);
Insert into STUDENT.SQL_TAOYUAN_WATER (SERIAL_NUMBER,CREATE_DATE,PLACE,WATER_SYSTEM,TURBIDITY,CHLORINE,HYDROGEN) values (242,to_timestamp('12-6月 -10 09.02.44.000000000 下午','DD-MON-RR HH.MI.SSXFF AM'),'T12','S01',0.3,0.35,7.2);
Insert into STUDENT.SQL_TAOYUAN_WATER (SERIAL_NUMBER,CREATE_DATE,PLACE,WATER_SYSTEM,TURBIDITY,CHLORINE,HYDROGEN) values (243,to_timestamp('12-6月 -10 09.02.44.000000000 下午','DD-MON-RR HH.MI.SSXFF AM'),'T13','S01',0.3,0.51,7.2);
Insert into STUDENT.SQL_TAOYUAN_WATER (SERIAL_NUMBER,CREATE_DATE,PLACE,WATER_SYSTEM,TURBIDITY,CHLORINE,HYDROGEN) values (244,to_timestamp('12-6月 -10 09.02.44.000000000 下午','DD-MON-RR HH.MI.SSXFF AM'),'T15','S01',0.9,0.87,7.7);
Insert into STUDENT.SQL_TAOYUAN_WATER (SERIAL_NUMBER,CREATE_DATE,PLACE,WATER_SYSTEM,TURBIDITY,CHLORINE,HYDROGEN) values (245,to_timestamp('12-6月 -10 09.02.44.000000000 下午','DD-MON-RR HH.MI.SSXFF AM'),'T17','S01',1.3,0.73,7.7);
Insert into STUDENT.SQL_TAOYUAN_WATER (SERIAL_NUMBER,CREATE_DATE,PLACE,WATER_SYSTEM,TURBIDITY,CHLORINE,HYDROGEN) values (246,to_timestamp('12-6月 -10 09.02.44.000000000 下午','DD-MON-RR HH.MI.SSXFF AM'),'T43','S06',0.7,0.69,7.7);
Insert into STUDENT.SQL_TAOYUAN_WATER (SERIAL_NUMBER,CREATE_DATE,PLACE,WATER_SYSTEM,TURBIDITY,CHLORINE,HYDROGEN) values (247,to_timestamp('12-6月 -10 09.02.44.000000000 下午','DD-MON-RR HH.MI.SSXFF AM'),'T41','S06',0.7,0.78,7.6);
Insert into STUDENT.SQL_TAOYUAN_WATER (SERIAL_NUMBER,CREATE_DATE,PLACE,WATER_SYSTEM,TURBIDITY,CHLORINE,HYDROGEN) values (248,to_timestamp('12-6月 -10 09.02.44.000000000 下午','DD-MON-RR HH.MI.SSXFF AM'),'T44','S06',0.6,0.74,7.7);
Insert into STUDENT.SQL_TAOYUAN_WATER (SERIAL_NUMBER,CREATE_DATE,PLACE,WATER_SYSTEM,TURBIDITY,CHLORINE,HYDROGEN) values (249,to_timestamp('12-6月 -10 09.02.44.000000000 下午','DD-MON-RR HH.MI.SSXFF AM'),'T40','S06',0.7,0.74,7.8);
Insert into STUDENT.SQL_TAOYUAN_WATER (SERIAL_NUMBER,CREATE_DATE,PLACE,WATER_SYSTEM,TURBIDITY,CHLORINE,HYDROGEN) values (250,to_timestamp('12-7月 -10 09.02.44.000000000 下午','DD-MON-RR HH.MI.SSXFF AM'),'T47','S01',0.5,0.5,7.5);
Insert into STUDENT.SQL_TAOYUAN_WATER (SERIAL_NUMBER,CREATE_DATE,PLACE,WATER_SYSTEM,TURBIDITY,CHLORINE,HYDROGEN) values (251,to_timestamp('12-7月 -10 09.02.44.000000000 下午','DD-MON-RR HH.MI.SSXFF AM'),'T51','S03',1.1,0.64,7.6);
Insert into STUDENT.SQL_TAOYUAN_WATER (SERIAL_NUMBER,CREATE_DATE,PLACE,WATER_SYSTEM,TURBIDITY,CHLORINE,HYDROGEN) values (252,to_timestamp('12-7月 -10 09.02.44.000000000 下午','DD-MON-RR HH.MI.SSXFF AM'),'T25','S03',0.5,0.73,7.6);
Insert into STUDENT.SQL_TAOYUAN_WATER (SERIAL_NUMBER,CREATE_DATE,PLACE,WATER_SYSTEM,TURBIDITY,CHLORINE,HYDROGEN) values (253,to_timestamp('12-7月 -10 09.02.44.000000000 下午','DD-MON-RR HH.MI.SSXFF AM'),'T20','S03',0.8,0.57,7.5);
Insert into STUDENT.SQL_TAOYUAN_WATER (SERIAL_NUMBER,CREATE_DATE,PLACE,WATER_SYSTEM,TURBIDITY,CHLORINE,HYDROGEN) values (254,to_timestamp('12-7月 -10 09.02.44.000000000 下午','DD-MON-RR HH.MI.SSXFF AM'),'T37','S03',0.6,0.63,7.5);
Insert into STUDENT.SQL_TAOYUAN_WATER (SERIAL_NUMBER,CREATE_DATE,PLACE,WATER_SYSTEM,TURBIDITY,CHLORINE,HYDROGEN) values (255,to_timestamp('12-7月 -10 09.02.44.000000000 下午','DD-MON-RR HH.MI.SSXFF AM'),'T10','S03',1,0.55,7.4);
Insert into STUDENT.SQL_TAOYUAN_WATER (SERIAL_NUMBER,CREATE_DATE,PLACE,WATER_SYSTEM,TURBIDITY,CHLORINE,HYDROGEN) values (256,to_timestamp('12-7月 -10 09.02.44.000000000 下午','DD-MON-RR HH.MI.SSXFF AM'),'T39','S03',0.4,0.63,7.6);
Insert into STUDENT.SQL_TAOYUAN_WATER (SERIAL_NUMBER,CREATE_DATE,PLACE,WATER_SYSTEM,TURBIDITY,CHLORINE,HYDROGEN) values (257,to_timestamp('12-7月 -10 09.02.44.000000000 下午','DD-MON-RR HH.MI.SSXFF AM'),'T23','S03',0.6,0.71,7.6);
Insert into STUDENT.SQL_TAOYUAN_WATER (SERIAL_NUMBER,CREATE_DATE,PLACE,WATER_SYSTEM,TURBIDITY,CHLORINE,HYDROGEN) values (258,to_timestamp('12-7月 -10 09.02.44.000000000 下午','DD-MON-RR HH.MI.SSXFF AM'),'T47','S01',0.3,0.67,7.4);
Insert into STUDENT.SQL_TAOYUAN_WATER (SERIAL_NUMBER,CREATE_DATE,PLACE,WATER_SYSTEM,TURBIDITY,CHLORINE,HYDROGEN) values (259,to_timestamp('12-7月 -10 09.02.44.000000000 下午','DD-MON-RR HH.MI.SSXFF AM'),'T06','S01',0.5,0.78,7.4);
Insert into STUDENT.SQL_TAOYUAN_WATER (SERIAL_NUMBER,CREATE_DATE,PLACE,WATER_SYSTEM,TURBIDITY,CHLORINE,HYDROGEN) values (260,to_timestamp('12-7月 -10 09.02.44.000000000 下午','DD-MON-RR HH.MI.SSXFF AM'),'T31','S01',0.3,0.7,7.2);
Insert into STUDENT.SQL_TAOYUAN_WATER (SERIAL_NUMBER,CREATE_DATE,PLACE,WATER_SYSTEM,TURBIDITY,CHLORINE,HYDROGEN) values (261,to_timestamp('12-7月 -10 09.02.44.000000000 下午','DD-MON-RR HH.MI.SSXFF AM'),'T22','S03',0.6,0.67,7.3);
Insert into STUDENT.SQL_TAOYUAN_WATER (SERIAL_NUMBER,CREATE_DATE,PLACE,WATER_SYSTEM,TURBIDITY,CHLORINE,HYDROGEN) values (262,to_timestamp('12-7月 -10 09.02.44.000000000 下午','DD-MON-RR HH.MI.SSXFF AM'),'T50','S01',0.3,0.46,7.4);
Insert into STUDENT.SQL_TAOYUAN_WATER (SERIAL_NUMBER,CREATE_DATE,PLACE,WATER_SYSTEM,TURBIDITY,CHLORINE,HYDROGEN) values (263,to_timestamp('12-7月 -10 09.02.44.000000000 下午','DD-MON-RR HH.MI.SSXFF AM'),'T24','S03',0.4,0.77,7.5);
Insert into STUDENT.SQL_TAOYUAN_WATER (SERIAL_NUMBER,CREATE_DATE,PLACE,WATER_SYSTEM,TURBIDITY,CHLORINE,HYDROGEN) values (264,to_timestamp('12-7月 -10 09.02.44.000000000 下午','DD-MON-RR HH.MI.SSXFF AM'),'T30','S01',0.3,0.49,7.5);
Insert into STUDENT.SQL_TAOYUAN_WATER (SERIAL_NUMBER,CREATE_DATE,PLACE,WATER_SYSTEM,TURBIDITY,CHLORINE,HYDROGEN) values (265,to_timestamp('12-7月 -10 09.02.44.000000000 下午','DD-MON-RR HH.MI.SSXFF AM'),'T38','S03',0.7,0.64,7.5);
Insert into STUDENT.SQL_TAOYUAN_WATER (SERIAL_NUMBER,CREATE_DATE,PLACE,WATER_SYSTEM,TURBIDITY,CHLORINE,HYDROGEN) values (266,to_timestamp('12-7月 -10 09.02.44.000000000 下午','DD-MON-RR HH.MI.SSXFF AM'),'T04','S01',0.4,0.63,7.3);
Insert into STUDENT.SQL_TAOYUAN_WATER (SERIAL_NUMBER,CREATE_DATE,PLACE,WATER_SYSTEM,TURBIDITY,CHLORINE,HYDROGEN) values (267,to_timestamp('12-7月 -10 09.02.44.000000000 下午','DD-MON-RR HH.MI.SSXFF AM'),'T24','S03',0.4,0.72,7.5);
Insert into STUDENT.SQL_TAOYUAN_WATER (SERIAL_NUMBER,CREATE_DATE,PLACE,WATER_SYSTEM,TURBIDITY,CHLORINE,HYDROGEN) values (268,to_timestamp('12-7月 -10 09.02.44.000000000 下午','DD-MON-RR HH.MI.SSXFF AM'),'T09','S01',0.4,0.42,7.6);
Insert into STUDENT.SQL_TAOYUAN_WATER (SERIAL_NUMBER,CREATE_DATE,PLACE,WATER_SYSTEM,TURBIDITY,CHLORINE,HYDROGEN) values (269,to_timestamp('12-7月 -10 09.02.44.000000000 下午','DD-MON-RR HH.MI.SSXFF AM'),'T31','S01',0.2,0.67,7.5);
Insert into STUDENT.SQL_TAOYUAN_WATER (SERIAL_NUMBER,CREATE_DATE,PLACE,WATER_SYSTEM,TURBIDITY,CHLORINE,HYDROGEN) values (270,to_timestamp('12-7月 -10 09.02.44.000000000 下午','DD-MON-RR HH.MI.SSXFF AM'),'T02','S01',0.4,0.52,7.5);
Insert into STUDENT.SQL_TAOYUAN_WATER (SERIAL_NUMBER,CREATE_DATE,PLACE,WATER_SYSTEM,TURBIDITY,CHLORINE,HYDROGEN) values (271,to_timestamp('12-7月 -10 09.02.44.000000000 下午','DD-MON-RR HH.MI.SSXFF AM'),'T26','S02',0.3,0.68,7.5);
Insert into STUDENT.SQL_TAOYUAN_WATER (SERIAL_NUMBER,CREATE_DATE,PLACE,WATER_SYSTEM,TURBIDITY,CHLORINE,HYDROGEN) values (272,to_timestamp('12-7月 -10 09.02.44.000000000 下午','DD-MON-RR HH.MI.SSXFF AM'),'T28','S01',0.4,0.69,7.5);
Insert into STUDENT.SQL_TAOYUAN_WATER (SERIAL_NUMBER,CREATE_DATE,PLACE,WATER_SYSTEM,TURBIDITY,CHLORINE,HYDROGEN) values (273,to_timestamp('12-7月 -10 09.02.44.000000000 下午','DD-MON-RR HH.MI.SSXFF AM'),'T42','S06',0.5,0.77,7.6);
Insert into STUDENT.SQL_TAOYUAN_WATER (SERIAL_NUMBER,CREATE_DATE,PLACE,WATER_SYSTEM,TURBIDITY,CHLORINE,HYDROGEN) values (274,to_timestamp('12-7月 -10 09.02.44.000000000 下午','DD-MON-RR HH.MI.SSXFF AM'),'T26','S02',0.4,0.76,7.6);
Insert into STUDENT.SQL_TAOYUAN_WATER (SERIAL_NUMBER,CREATE_DATE,PLACE,WATER_SYSTEM,TURBIDITY,CHLORINE,HYDROGEN) values (275,to_timestamp('12-7月 -10 09.02.44.000000000 下午','DD-MON-RR HH.MI.SSXFF AM'),'T16','S01',0.4,0.66,7.6);
Insert into STUDENT.SQL_TAOYUAN_WATER (SERIAL_NUMBER,CREATE_DATE,PLACE,WATER_SYSTEM,TURBIDITY,CHLORINE,HYDROGEN) values (276,to_timestamp('12-7月 -10 09.02.44.000000000 下午','DD-MON-RR HH.MI.SSXFF AM'),'T33','S04',0.6,0.4,7.5);
Insert into STUDENT.SQL_TAOYUAN_WATER (SERIAL_NUMBER,CREATE_DATE,PLACE,WATER_SYSTEM,TURBIDITY,CHLORINE,HYDROGEN) values (277,to_timestamp('12-7月 -10 09.02.44.000000000 下午','DD-MON-RR HH.MI.SSXFF AM'),'T03','S01',0.3,0.68,7.4);
Insert into STUDENT.SQL_TAOYUAN_WATER (SERIAL_NUMBER,CREATE_DATE,PLACE,WATER_SYSTEM,TURBIDITY,CHLORINE,HYDROGEN) values (278,to_timestamp('12-7月 -10 09.02.44.000000000 下午','DD-MON-RR HH.MI.SSXFF AM'),'T31','S01',0.3,0.75,7.5);
Insert into STUDENT.SQL_TAOYUAN_WATER (SERIAL_NUMBER,CREATE_DATE,PLACE,WATER_SYSTEM,TURBIDITY,CHLORINE,HYDROGEN) values (279,to_timestamp('12-7月 -10 09.02.44.000000000 下午','DD-MON-RR HH.MI.SSXFF AM'),'T31','S01',0.1,0.68,7.4);
Insert into STUDENT.SQL_TAOYUAN_WATER (SERIAL_NUMBER,CREATE_DATE,PLACE,WATER_SYSTEM,TURBIDITY,CHLORINE,HYDROGEN) values (280,to_timestamp('12-7月 -10 09.02.44.000000000 下午','DD-MON-RR HH.MI.SSXFF AM'),'T27','S01',0.4,0.55,7.5);
Insert into STUDENT.SQL_TAOYUAN_WATER (SERIAL_NUMBER,CREATE_DATE,PLACE,WATER_SYSTEM,TURBIDITY,CHLORINE,HYDROGEN) values (281,to_timestamp('12-7月 -10 09.02.44.000000000 下午','DD-MON-RR HH.MI.SSXFF AM'),'T15','S01',0.7,0.82,7.7);
Insert into STUDENT.SQL_TAOYUAN_WATER (SERIAL_NUMBER,CREATE_DATE,PLACE,WATER_SYSTEM,TURBIDITY,CHLORINE,HYDROGEN) values (282,to_timestamp('12-7月 -10 09.02.44.000000000 下午','DD-MON-RR HH.MI.SSXFF AM'),'T17','S01',0.8,0.75,7.6);
Insert into STUDENT.SQL_TAOYUAN_WATER (SERIAL_NUMBER,CREATE_DATE,PLACE,WATER_SYSTEM,TURBIDITY,CHLORINE,HYDROGEN) values (283,to_timestamp('12-7月 -10 09.02.44.000000000 下午','DD-MON-RR HH.MI.SSXFF AM'),'T51','S02',1.2,0.69,7.6);
Insert into STUDENT.SQL_TAOYUAN_WATER (SERIAL_NUMBER,CREATE_DATE,PLACE,WATER_SYSTEM,TURBIDITY,CHLORINE,HYDROGEN) values (284,to_timestamp('12-7月 -10 09.02.44.000000000 下午','DD-MON-RR HH.MI.SSXFF AM'),'T33','S04',0.6,0.42,7.6);
Insert into STUDENT.SQL_TAOYUAN_WATER (SERIAL_NUMBER,CREATE_DATE,PLACE,WATER_SYSTEM,TURBIDITY,CHLORINE,HYDROGEN) values (285,to_timestamp('12-7月 -10 09.02.44.000000000 下午','DD-MON-RR HH.MI.SSXFF AM'),'T18','S02',0.4,0.56,7.5);
Insert into STUDENT.SQL_TAOYUAN_WATER (SERIAL_NUMBER,CREATE_DATE,PLACE,WATER_SYSTEM,TURBIDITY,CHLORINE,HYDROGEN) values (286,to_timestamp('12-7月 -10 09.02.44.000000000 下午','DD-MON-RR HH.MI.SSXFF AM'),'T19','S02',0.9,0.57,7.6);
Insert into STUDENT.SQL_TAOYUAN_WATER (SERIAL_NUMBER,CREATE_DATE,PLACE,WATER_SYSTEM,TURBIDITY,CHLORINE,HYDROGEN) values (287,to_timestamp('12-7月 -10 09.02.44.000000000 下午','DD-MON-RR HH.MI.SSXFF AM'),'T13','S01',0.2,0.59,7);
Insert into STUDENT.SQL_TAOYUAN_WATER (SERIAL_NUMBER,CREATE_DATE,PLACE,WATER_SYSTEM,TURBIDITY,CHLORINE,HYDROGEN) values (288,to_timestamp('12-7月 -10 09.02.44.000000000 下午','DD-MON-RR HH.MI.SSXFF AM'),'T43','S06',0.7,0.52,7.7);
Insert into STUDENT.SQL_TAOYUAN_WATER (SERIAL_NUMBER,CREATE_DATE,PLACE,WATER_SYSTEM,TURBIDITY,CHLORINE,HYDROGEN) values (289,to_timestamp('12-7月 -10 09.02.44.000000000 下午','DD-MON-RR HH.MI.SSXFF AM'),'T12','S01',0.4,0.35,7.1);
Insert into STUDENT.SQL_TAOYUAN_WATER (SERIAL_NUMBER,CREATE_DATE,PLACE,WATER_SYSTEM,TURBIDITY,CHLORINE,HYDROGEN) values (290,to_timestamp('12-7月 -10 09.02.44.000000000 下午','DD-MON-RR HH.MI.SSXFF AM'),'T36','S02',0.9,0.64,7.6);
Insert into STUDENT.SQL_TAOYUAN_WATER (SERIAL_NUMBER,CREATE_DATE,PLACE,WATER_SYSTEM,TURBIDITY,CHLORINE,HYDROGEN) values (291,to_timestamp('12-7月 -10 09.02.44.000000000 下午','DD-MON-RR HH.MI.SSXFF AM'),'T41','S06',0.6,0.62,7.7);
Insert into STUDENT.SQL_TAOYUAN_WATER (SERIAL_NUMBER,CREATE_DATE,PLACE,WATER_SYSTEM,TURBIDITY,CHLORINE,HYDROGEN) values (292,to_timestamp('12-7月 -10 09.02.44.000000000 下午','DD-MON-RR HH.MI.SSXFF AM'),'T44','S06',0.6,0.75,7.8);
Insert into STUDENT.SQL_TAOYUAN_WATER (SERIAL_NUMBER,CREATE_DATE,PLACE,WATER_SYSTEM,TURBIDITY,CHLORINE,HYDROGEN) values (293,to_timestamp('12-7月 -10 09.02.44.000000000 下午','DD-MON-RR HH.MI.SSXFF AM'),'T40','S06',0.6,0.81,7.8);
Insert into STUDENT.SQL_TAOYUAN_WATER (SERIAL_NUMBER,CREATE_DATE,PLACE,WATER_SYSTEM,TURBIDITY,CHLORINE,HYDROGEN) values (294,to_timestamp('12-7月 -10 09.02.44.000000000 下午','DD-MON-RR HH.MI.SSXFF AM'),'T26','S02',0.3,0.72,7.4);
Insert into STUDENT.SQL_TAOYUAN_WATER (SERIAL_NUMBER,CREATE_DATE,PLACE,WATER_SYSTEM,TURBIDITY,CHLORINE,HYDROGEN) values (295,to_timestamp('12-7月 -10 09.02.44.000000000 下午','DD-MON-RR HH.MI.SSXFF AM'),'T34','S02',0.7,0.6,7.7);
Insert into STUDENT.SQL_TAOYUAN_WATER (SERIAL_NUMBER,CREATE_DATE,PLACE,WATER_SYSTEM,TURBIDITY,CHLORINE,HYDROGEN) values (296,to_timestamp('12-7月 -10 09.02.44.000000000 下午','DD-MON-RR HH.MI.SSXFF AM'),'T08','S02',1.1,0.55,7.6);
Insert into STUDENT.SQL_TAOYUAN_WATER (SERIAL_NUMBER,CREATE_DATE,PLACE,WATER_SYSTEM,TURBIDITY,CHLORINE,HYDROGEN) values (297,to_timestamp('12-7月 -10 09.02.44.000000000 下午','DD-MON-RR HH.MI.SSXFF AM'),'T35','S02',0.6,0.62,7.7);
Insert into STUDENT.SQL_TAOYUAN_WATER (SERIAL_NUMBER,CREATE_DATE,PLACE,WATER_SYSTEM,TURBIDITY,CHLORINE,HYDROGEN) values (298,to_timestamp('12-7月 -10 09.02.44.000000000 下午','DD-MON-RR HH.MI.SSXFF AM'),'T01','S01',0.3,0.46,7.4);
Insert into STUDENT.SQL_TAOYUAN_WATER (SERIAL_NUMBER,CREATE_DATE,PLACE,WATER_SYSTEM,TURBIDITY,CHLORINE,HYDROGEN) values (299,to_timestamp('12-7月 -10 09.02.44.000000000 下午','DD-MON-RR HH.MI.SSXFF AM'),'T05','S01',0.3,0.4,7.3);
Insert into STUDENT.SQL_TAOYUAN_WATER (SERIAL_NUMBER,CREATE_DATE,PLACE,WATER_SYSTEM,TURBIDITY,CHLORINE,HYDROGEN) values (300,to_timestamp('12-8月 -10 09.02.44.000000000 下午','DD-MON-RR HH.MI.SSXFF AM'),'T24','S03',0.7,0.72,7.5);
Insert into STUDENT.SQL_TAOYUAN_WATER (SERIAL_NUMBER,CREATE_DATE,PLACE,WATER_SYSTEM,TURBIDITY,CHLORINE,HYDROGEN) values (301,to_timestamp('12-8月 -10 09.02.44.000000000 下午','DD-MON-RR HH.MI.SSXFF AM'),'T22','S03',0.7,0.62,7.6);
Insert into STUDENT.SQL_TAOYUAN_WATER (SERIAL_NUMBER,CREATE_DATE,PLACE,WATER_SYSTEM,TURBIDITY,CHLORINE,HYDROGEN) values (302,to_timestamp('12-8月 -10 09.02.44.000000000 下午','DD-MON-RR HH.MI.SSXFF AM'),'T10','S03',0.6,0.65,7.5);
Insert into STUDENT.SQL_TAOYUAN_WATER (SERIAL_NUMBER,CREATE_DATE,PLACE,WATER_SYSTEM,TURBIDITY,CHLORINE,HYDROGEN) values (303,to_timestamp('12-8月 -10 09.02.44.000000000 下午','DD-MON-RR HH.MI.SSXFF AM'),'T39','S03',0.7,0.55,7.6);
Insert into STUDENT.SQL_TAOYUAN_WATER (SERIAL_NUMBER,CREATE_DATE,PLACE,WATER_SYSTEM,TURBIDITY,CHLORINE,HYDROGEN) values (304,to_timestamp('12-8月 -10 09.02.44.000000000 下午','DD-MON-RR HH.MI.SSXFF AM'),'T25','S03',0.4,0.69,7.5);
Insert into STUDENT.SQL_TAOYUAN_WATER (SERIAL_NUMBER,CREATE_DATE,PLACE,WATER_SYSTEM,TURBIDITY,CHLORINE,HYDROGEN) values (305,to_timestamp('12-8月 -10 09.02.44.000000000 下午','DD-MON-RR HH.MI.SSXFF AM'),'T23','S03',0.4,0.69,7.6);
Insert into STUDENT.SQL_TAOYUAN_WATER (SERIAL_NUMBER,CREATE_DATE,PLACE,WATER_SYSTEM,TURBIDITY,CHLORINE,HYDROGEN) values (306,to_timestamp('12-8月 -10 09.02.44.000000000 下午','DD-MON-RR HH.MI.SSXFF AM'),'T38','S03',0.6,0.58,7.5);
Insert into STUDENT.SQL_TAOYUAN_WATER (SERIAL_NUMBER,CREATE_DATE,PLACE,WATER_SYSTEM,TURBIDITY,CHLORINE,HYDROGEN) values (307,to_timestamp('12-8月 -10 09.02.44.000000000 下午','DD-MON-RR HH.MI.SSXFF AM'),'T20','S03',0.4,0.56,7.5);
Insert into STUDENT.SQL_TAOYUAN_WATER (SERIAL_NUMBER,CREATE_DATE,PLACE,WATER_SYSTEM,TURBIDITY,CHLORINE,HYDROGEN) values (308,to_timestamp('12-8月 -10 09.02.44.000000000 下午','DD-MON-RR HH.MI.SSXFF AM'),'T37','S03',0.6,0.59,7.6);
Insert into STUDENT.SQL_TAOYUAN_WATER (SERIAL_NUMBER,CREATE_DATE,PLACE,WATER_SYSTEM,TURBIDITY,CHLORINE,HYDROGEN) values (309,to_timestamp('12-8月 -10 09.02.44.000000000 下午','DD-MON-RR HH.MI.SSXFF AM'),'T51','S03',0.5,0.62,7.6);
Insert into STUDENT.SQL_TAOYUAN_WATER (SERIAL_NUMBER,CREATE_DATE,PLACE,WATER_SYSTEM,TURBIDITY,CHLORINE,HYDROGEN) values (310,to_timestamp('12-8月 -10 09.02.44.000000000 下午','DD-MON-RR HH.MI.SSXFF AM'),'T06','S01',0.4,0.7,7.4);
Insert into STUDENT.SQL_TAOYUAN_WATER (SERIAL_NUMBER,CREATE_DATE,PLACE,WATER_SYSTEM,TURBIDITY,CHLORINE,HYDROGEN) values (311,to_timestamp('12-8月 -10 09.02.44.000000000 下午','DD-MON-RR HH.MI.SSXFF AM'),'T47','S01',0.6,0.65,7.5);
Insert into STUDENT.SQL_TAOYUAN_WATER (SERIAL_NUMBER,CREATE_DATE,PLACE,WATER_SYSTEM,TURBIDITY,CHLORINE,HYDROGEN) values (312,to_timestamp('12-8月 -10 09.02.44.000000000 下午','DD-MON-RR HH.MI.SSXFF AM'),'T47','S01',0.5,0.68,7.4);
Insert into STUDENT.SQL_TAOYUAN_WATER (SERIAL_NUMBER,CREATE_DATE,PLACE,WATER_SYSTEM,TURBIDITY,CHLORINE,HYDROGEN) values (313,to_timestamp('12-8月 -10 09.02.44.000000000 下午','DD-MON-RR HH.MI.SSXFF AM'),'T50','S01',0.4,0.65,7.2);
Insert into STUDENT.SQL_TAOYUAN_WATER (SERIAL_NUMBER,CREATE_DATE,PLACE,WATER_SYSTEM,TURBIDITY,CHLORINE,HYDROGEN) values (314,to_timestamp('12-8月 -10 09.02.44.000000000 下午','DD-MON-RR HH.MI.SSXFF AM'),'T30','S01',0.4,0.62,7.5);
Insert into STUDENT.SQL_TAOYUAN_WATER (SERIAL_NUMBER,CREATE_DATE,PLACE,WATER_SYSTEM,TURBIDITY,CHLORINE,HYDROGEN) values (315,to_timestamp('12-8月 -10 09.02.44.000000000 下午','DD-MON-RR HH.MI.SSXFF AM'),'T24','S03',0.3,0.68,7.4);
Insert into STUDENT.SQL_TAOYUAN_WATER (SERIAL_NUMBER,CREATE_DATE,PLACE,WATER_SYSTEM,TURBIDITY,CHLORINE,HYDROGEN) values (316,to_timestamp('12-8月 -10 09.02.44.000000000 下午','DD-MON-RR HH.MI.SSXFF AM'),'T16','S01',0.5,0.88,7.3);
Insert into STUDENT.SQL_TAOYUAN_WATER (SERIAL_NUMBER,CREATE_DATE,PLACE,WATER_SYSTEM,TURBIDITY,CHLORINE,HYDROGEN) values (317,to_timestamp('12-8月 -10 09.02.44.000000000 下午','DD-MON-RR HH.MI.SSXFF AM'),'T42','S06',0.3,0.85,7.5);
Insert into STUDENT.SQL_TAOYUAN_WATER (SERIAL_NUMBER,CREATE_DATE,PLACE,WATER_SYSTEM,TURBIDITY,CHLORINE,HYDROGEN) values (318,to_timestamp('12-8月 -10 09.02.44.000000000 下午','DD-MON-RR HH.MI.SSXFF AM'),'T33','S04',0.4,0.54,7.8);
Insert into STUDENT.SQL_TAOYUAN_WATER (SERIAL_NUMBER,CREATE_DATE,PLACE,WATER_SYSTEM,TURBIDITY,CHLORINE,HYDROGEN) values (319,to_timestamp('12-8月 -10 09.02.44.000000000 下午','DD-MON-RR HH.MI.SSXFF AM'),'T31','S01',0.3,0.8,7.4);
Insert into STUDENT.SQL_TAOYUAN_WATER (SERIAL_NUMBER,CREATE_DATE,PLACE,WATER_SYSTEM,TURBIDITY,CHLORINE,HYDROGEN) values (320,to_timestamp('12-8月 -10 09.02.44.000000000 下午','DD-MON-RR HH.MI.SSXFF AM'),'T31','S01',0.3,0.67,7.3);
Insert into STUDENT.SQL_TAOYUAN_WATER (SERIAL_NUMBER,CREATE_DATE,PLACE,WATER_SYSTEM,TURBIDITY,CHLORINE,HYDROGEN) values (321,to_timestamp('12-8月 -10 09.02.44.000000000 下午','DD-MON-RR HH.MI.SSXFF AM'),'T31','S01',0.4,0.8,7.2);
Insert into STUDENT.SQL_TAOYUAN_WATER (SERIAL_NUMBER,CREATE_DATE,PLACE,WATER_SYSTEM,TURBIDITY,CHLORINE,HYDROGEN) values (322,to_timestamp('12-8月 -10 09.02.44.000000000 下午','DD-MON-RR HH.MI.SSXFF AM'),'T31','S01',0.3,0.71,7.3);
Insert into STUDENT.SQL_TAOYUAN_WATER (SERIAL_NUMBER,CREATE_DATE,PLACE,WATER_SYSTEM,TURBIDITY,CHLORINE,HYDROGEN) values (323,to_timestamp('12-8月 -10 09.02.44.000000000 下午','DD-MON-RR HH.MI.SSXFF AM'),'T26','S02',0.3,0.72,7.5);
Insert into STUDENT.SQL_TAOYUAN_WATER (SERIAL_NUMBER,CREATE_DATE,PLACE,WATER_SYSTEM,TURBIDITY,CHLORINE,HYDROGEN) values (324,to_timestamp('12-8月 -10 09.02.44.000000000 下午','DD-MON-RR HH.MI.SSXFF AM'),'T26','S02',0.4,0.7,7.4);
Insert into STUDENT.SQL_TAOYUAN_WATER (SERIAL_NUMBER,CREATE_DATE,PLACE,WATER_SYSTEM,TURBIDITY,CHLORINE,HYDROGEN) values (325,to_timestamp('12-8月 -10 09.02.44.000000000 下午','DD-MON-RR HH.MI.SSXFF AM'),'T26','S02',0.4,0.68,7.5);
Insert into STUDENT.SQL_TAOYUAN_WATER (SERIAL_NUMBER,CREATE_DATE,PLACE,WATER_SYSTEM,TURBIDITY,CHLORINE,HYDROGEN) values (326,to_timestamp('12-8月 -10 09.02.44.000000000 下午','DD-MON-RR HH.MI.SSXFF AM'),'T29','S01',0.3,0.54,7.1);
Insert into STUDENT.SQL_TAOYUAN_WATER (SERIAL_NUMBER,CREATE_DATE,PLACE,WATER_SYSTEM,TURBIDITY,CHLORINE,HYDROGEN) values (327,to_timestamp('12-8月 -10 09.02.44.000000000 下午','DD-MON-RR HH.MI.SSXFF AM'),'T32','S01',0.3,0.59,7.2);
Insert into STUDENT.SQL_TAOYUAN_WATER (SERIAL_NUMBER,CREATE_DATE,PLACE,WATER_SYSTEM,TURBIDITY,CHLORINE,HYDROGEN) values (328,to_timestamp('12-8月 -10 09.02.44.000000000 下午','DD-MON-RR HH.MI.SSXFF AM'),'T07','S01',0.4,0.59,7.4);
Insert into STUDENT.SQL_TAOYUAN_WATER (SERIAL_NUMBER,CREATE_DATE,PLACE,WATER_SYSTEM,TURBIDITY,CHLORINE,HYDROGEN) values (329,to_timestamp('12-8月 -10 09.02.44.000000000 下午','DD-MON-RR HH.MI.SSXFF AM'),'T48','S01',0.4,0.71,7.3);
Insert into STUDENT.SQL_TAOYUAN_WATER (SERIAL_NUMBER,CREATE_DATE,PLACE,WATER_SYSTEM,TURBIDITY,CHLORINE,HYDROGEN) values (330,to_timestamp('12-8月 -10 09.02.44.000000000 下午','DD-MON-RR HH.MI.SSXFF AM'),'T49','S01',0.4,0.67,7.6);
Insert into STUDENT.SQL_TAOYUAN_WATER (SERIAL_NUMBER,CREATE_DATE,PLACE,WATER_SYSTEM,TURBIDITY,CHLORINE,HYDROGEN) values (331,to_timestamp('12-8月 -10 09.02.44.000000000 下午','DD-MON-RR HH.MI.SSXFF AM'),'T19','S02',1.3,0.65,7.6);
Insert into STUDENT.SQL_TAOYUAN_WATER (SERIAL_NUMBER,CREATE_DATE,PLACE,WATER_SYSTEM,TURBIDITY,CHLORINE,HYDROGEN) values (332,to_timestamp('12-8月 -10 09.02.44.000000000 下午','DD-MON-RR HH.MI.SSXFF AM'),'T36','S02',0.7,0.56,7.7);
Insert into STUDENT.SQL_TAOYUAN_WATER (SERIAL_NUMBER,CREATE_DATE,PLACE,WATER_SYSTEM,TURBIDITY,CHLORINE,HYDROGEN) values (333,to_timestamp('12-8月 -10 09.02.44.000000000 下午','DD-MON-RR HH.MI.SSXFF AM'),'T08','S02',0.8,0.61,7.6);
Insert into STUDENT.SQL_TAOYUAN_WATER (SERIAL_NUMBER,CREATE_DATE,PLACE,WATER_SYSTEM,TURBIDITY,CHLORINE,HYDROGEN) values (334,to_timestamp('12-8月 -10 09.02.44.000000000 下午','DD-MON-RR HH.MI.SSXFF AM'),'T34','S02',0.9,0.51,7.7);
Insert into STUDENT.SQL_TAOYUAN_WATER (SERIAL_NUMBER,CREATE_DATE,PLACE,WATER_SYSTEM,TURBIDITY,CHLORINE,HYDROGEN) values (335,to_timestamp('12-8月 -10 09.02.44.000000000 下午','DD-MON-RR HH.MI.SSXFF AM'),'T35','S02',0.9,0.61,7.6);
Insert into STUDENT.SQL_TAOYUAN_WATER (SERIAL_NUMBER,CREATE_DATE,PLACE,WATER_SYSTEM,TURBIDITY,CHLORINE,HYDROGEN) values (336,to_timestamp('12-8月 -10 09.02.44.000000000 下午','DD-MON-RR HH.MI.SSXFF AM'),'T46','S01',0.4,0.6,7.4);
Insert into STUDENT.SQL_TAOYUAN_WATER (SERIAL_NUMBER,CREATE_DATE,PLACE,WATER_SYSTEM,TURBIDITY,CHLORINE,HYDROGEN) values (337,to_timestamp('12-8月 -10 09.02.44.000000000 下午','DD-MON-RR HH.MI.SSXFF AM'),'T51','S02',1.1,0.64,7.6);
Insert into STUDENT.SQL_TAOYUAN_WATER (SERIAL_NUMBER,CREATE_DATE,PLACE,WATER_SYSTEM,TURBIDITY,CHLORINE,HYDROGEN) values (338,to_timestamp('12-8月 -10 09.02.44.000000000 下午','DD-MON-RR HH.MI.SSXFF AM'),'T47','S01',0.4,0.72,7.3);
Insert into STUDENT.SQL_TAOYUAN_WATER (SERIAL_NUMBER,CREATE_DATE,PLACE,WATER_SYSTEM,TURBIDITY,CHLORINE,HYDROGEN) values (339,to_timestamp('12-8月 -10 09.02.44.000000000 下午','DD-MON-RR HH.MI.SSXFF AM'),'T45','S01',0.4,0.72,7.3);
Insert into STUDENT.SQL_TAOYUAN_WATER (SERIAL_NUMBER,CREATE_DATE,PLACE,WATER_SYSTEM,TURBIDITY,CHLORINE,HYDROGEN) values (340,to_timestamp('12-8月 -10 09.02.44.000000000 下午','DD-MON-RR HH.MI.SSXFF AM'),'T18','S02',0.8,0.54,7.7);
Insert into STUDENT.SQL_TAOYUAN_WATER (SERIAL_NUMBER,CREATE_DATE,PLACE,WATER_SYSTEM,TURBIDITY,CHLORINE,HYDROGEN) values (341,to_timestamp('12-8月 -10 09.02.44.000000000 下午','DD-MON-RR HH.MI.SSXFF AM'),'T33','S04',0.4,0.62,7.7);
Insert into STUDENT.SQL_TAOYUAN_WATER (SERIAL_NUMBER,CREATE_DATE,PLACE,WATER_SYSTEM,TURBIDITY,CHLORINE,HYDROGEN) values (342,to_timestamp('12-8月 -10 09.02.44.000000000 下午','DD-MON-RR HH.MI.SSXFF AM'),'T12','S01',0.4,0.34,7.7);
Insert into STUDENT.SQL_TAOYUAN_WATER (SERIAL_NUMBER,CREATE_DATE,PLACE,WATER_SYSTEM,TURBIDITY,CHLORINE,HYDROGEN) values (343,to_timestamp('12-8月 -10 09.02.44.000000000 下午','DD-MON-RR HH.MI.SSXFF AM'),'T13','S01',0.5,0.61,7.2);
Insert into STUDENT.SQL_TAOYUAN_WATER (SERIAL_NUMBER,CREATE_DATE,PLACE,WATER_SYSTEM,TURBIDITY,CHLORINE,HYDROGEN) values (344,to_timestamp('12-8月 -10 09.02.44.000000000 下午','DD-MON-RR HH.MI.SSXFF AM'),'T15','S01',0.2,0.69,7.8);
Insert into STUDENT.SQL_TAOYUAN_WATER (SERIAL_NUMBER,CREATE_DATE,PLACE,WATER_SYSTEM,TURBIDITY,CHLORINE,HYDROGEN) values (345,to_timestamp('12-8月 -10 09.02.44.000000000 下午','DD-MON-RR HH.MI.SSXFF AM'),'T17','S01',0.2,0.74,7.8);
Insert into STUDENT.SQL_TAOYUAN_WATER (SERIAL_NUMBER,CREATE_DATE,PLACE,WATER_SYSTEM,TURBIDITY,CHLORINE,HYDROGEN) values (346,to_timestamp('12-8月 -10 09.02.44.000000000 下午','DD-MON-RR HH.MI.SSXFF AM'),'T43','S06',0.2,0.8,7.8);
Insert into STUDENT.SQL_TAOYUAN_WATER (SERIAL_NUMBER,CREATE_DATE,PLACE,WATER_SYSTEM,TURBIDITY,CHLORINE,HYDROGEN) values (347,to_timestamp('12-8月 -10 09.02.44.000000000 下午','DD-MON-RR HH.MI.SSXFF AM'),'T41','S06',0.3,0.76,7.8);
Insert into STUDENT.SQL_TAOYUAN_WATER (SERIAL_NUMBER,CREATE_DATE,PLACE,WATER_SYSTEM,TURBIDITY,CHLORINE,HYDROGEN) values (348,to_timestamp('12-8月 -10 09.02.44.000000000 下午','DD-MON-RR HH.MI.SSXFF AM'),'T44','S06',0.3,0.78,7.7);
Insert into STUDENT.SQL_TAOYUAN_WATER (SERIAL_NUMBER,CREATE_DATE,PLACE,WATER_SYSTEM,TURBIDITY,CHLORINE,HYDROGEN) values (349,to_timestamp('12-8月 -10 09.02.44.000000000 下午','DD-MON-RR HH.MI.SSXFF AM'),'T40','S06',0.4,0.83,7.8);
Insert into STUDENT.SQL_TAOYUAN_WATER (SERIAL_NUMBER,CREATE_DATE,PLACE,WATER_SYSTEM,TURBIDITY,CHLORINE,HYDROGEN) values (350,to_timestamp('12-9月 -10 09.02.44.000000000 下午','DD-MON-RR HH.MI.SSXFF AM'),'T24','S03',0.4,0.66,7.6);
Insert into STUDENT.SQL_TAOYUAN_WATER (SERIAL_NUMBER,CREATE_DATE,PLACE,WATER_SYSTEM,TURBIDITY,CHLORINE,HYDROGEN) values (351,to_timestamp('12-9月 -10 09.02.44.000000000 下午','DD-MON-RR HH.MI.SSXFF AM'),'T30','S01',0.4,0.62,7.5);
Insert into STUDENT.SQL_TAOYUAN_WATER (SERIAL_NUMBER,CREATE_DATE,PLACE,WATER_SYSTEM,TURBIDITY,CHLORINE,HYDROGEN) values (352,to_timestamp('12-9月 -10 09.02.44.000000000 下午','DD-MON-RR HH.MI.SSXFF AM'),'T23','S03',1.1,0.6,7.7);
Insert into STUDENT.SQL_TAOYUAN_WATER (SERIAL_NUMBER,CREATE_DATE,PLACE,WATER_SYSTEM,TURBIDITY,CHLORINE,HYDROGEN) values (353,to_timestamp('12-9月 -10 09.02.44.000000000 下午','DD-MON-RR HH.MI.SSXFF AM'),'T38','S03',1.2,0.52,7.6);
Insert into STUDENT.SQL_TAOYUAN_WATER (SERIAL_NUMBER,CREATE_DATE,PLACE,WATER_SYSTEM,TURBIDITY,CHLORINE,HYDROGEN) values (354,to_timestamp('12-9月 -10 09.02.44.000000000 下午','DD-MON-RR HH.MI.SSXFF AM'),'T47','S01',0.6,0.59,7.6);
Insert into STUDENT.SQL_TAOYUAN_WATER (SERIAL_NUMBER,CREATE_DATE,PLACE,WATER_SYSTEM,TURBIDITY,CHLORINE,HYDROGEN) values (355,to_timestamp('12-9月 -10 09.02.44.000000000 下午','DD-MON-RR HH.MI.SSXFF AM'),'T47','S01',0.4,0.71,7.5);
REM INSERTING into STUDENT.SQL_TAOYUAN_WATER_SYSTEM
SET DEFINE OFF;
Insert into STUDENT.SQL_TAOYUAN_WATER_SYSTEM (SERIAL,WATER_PURIFICATION_PLANT,WATER_SUPPLY) values ('S01','大湳淨水場','石門區');
Insert into STUDENT.SQL_TAOYUAN_WATER_SYSTEM (SERIAL,WATER_PURIFICATION_PLANT,WATER_SUPPLY) values ('S02','平鎮淨水場','石門區');
Insert into STUDENT.SQL_TAOYUAN_WATER_SYSTEM (SERIAL,WATER_PURIFICATION_PLANT,WATER_SUPPLY) values ('S03','石門淨水場','石門區');
Insert into STUDENT.SQL_TAOYUAN_WATER_SYSTEM (SERIAL,WATER_PURIFICATION_PLANT,WATER_SUPPLY) values ('S04','復興淨水場','復興區');
Insert into STUDENT.SQL_TAOYUAN_WATER_SYSTEM (SERIAL,WATER_PURIFICATION_PLANT,WATER_SUPPLY) values ('S05','復興淨水場','石門區');
Insert into STUDENT.SQL_TAOYUAN_WATER_SYSTEM (SERIAL,WATER_PURIFICATION_PLANT,WATER_SUPPLY) values ('S06','龍潭淨水場','石門區');
Insert into STUDENT.SQL_TAOYUAN_WATER_SYSTEM (SERIAL,WATER_PURIFICATION_PLANT,WATER_SUPPLY) values ('S07','石門淨水場','復興區');
--------------------------------------------------------
--  DDL for Index SYS_C008331
--------------------------------------------------------

  CREATE UNIQUE INDEX "STUDENT"."SYS_C008331" ON "STUDENT"."CARS" ("MANUFACTURER", "TYPE") 
  PCTFREE 10 INITRANS 2 MAXTRANS 255 
  STORAGE(INITIAL 65536 NEXT 1048576 MINEXTENTS 1 MAXEXTENTS 2147483645
  PCTINCREASE 0 FREELISTS 1 FREELIST GROUPS 1
  BUFFER_POOL DEFAULT FLASH_CACHE DEFAULT CELL_FLASH_CACHE DEFAULT)
  TABLESPACE "USERS" ;
--------------------------------------------------------
--  DDL for Index SYS_C008336
--------------------------------------------------------

  CREATE UNIQUE INDEX "STUDENT"."SYS_C008336" ON "STUDENT"."EX_BINGO" ("WINNING_NUMBERS") 
  PCTFREE 10 INITRANS 2 MAXTRANS 255 
  STORAGE(INITIAL 65536 NEXT 1048576 MINEXTENTS 1 MAXEXTENTS 2147483645
  PCTINCREASE 0 FREELISTS 1 FREELIST GROUPS 1
  BUFFER_POOL DEFAULT FLASH_CACHE DEFAULT CELL_FLASH_CACHE DEFAULT)
  TABLESPACE "USERS" ;
--------------------------------------------------------
--  DDL for Index SYS_C008332
--------------------------------------------------------

  CREATE UNIQUE INDEX "STUDENT"."SYS_C008332" ON "STUDENT"."EX_CITY_MAP" ("CITY_CODE") 
  PCTFREE 10 INITRANS 2 MAXTRANS 255 
  STORAGE(INITIAL 65536 NEXT 1048576 MINEXTENTS 1 MAXEXTENTS 2147483645
  PCTINCREASE 0 FREELISTS 1 FREELIST GROUPS 1
  BUFFER_POOL DEFAULT FLASH_CACHE DEFAULT CELL_FLASH_CACHE DEFAULT)
  TABLESPACE "USERS" ;
--------------------------------------------------------
--  DDL for Index SYS_C008333
--------------------------------------------------------

  CREATE UNIQUE INDEX "STUDENT"."SYS_C008333" ON "STUDENT"."EX_METRO" ("ROUTE", "STATION_ORDER", "STATION") 
  PCTFREE 10 INITRANS 2 MAXTRANS 255 
  STORAGE(INITIAL 65536 NEXT 1048576 MINEXTENTS 1 MAXEXTENTS 2147483645
  PCTINCREASE 0 FREELISTS 1 FREELIST GROUPS 1
  BUFFER_POOL DEFAULT FLASH_CACHE DEFAULT CELL_FLASH_CACHE DEFAULT)
  TABLESPACE "USERS" ;
--------------------------------------------------------
--  DDL for Index SYS_C008334
--------------------------------------------------------

  CREATE UNIQUE INDEX "STUDENT"."SYS_C008334" ON "STUDENT"."EX_POKER_SUIT" ("CODE") 
  PCTFREE 10 INITRANS 2 MAXTRANS 255 
  STORAGE(INITIAL 65536 NEXT 1048576 MINEXTENTS 1 MAXEXTENTS 2147483645
  PCTINCREASE 0 FREELISTS 1 FREELIST GROUPS 1
  BUFFER_POOL DEFAULT FLASH_CACHE DEFAULT CELL_FLASH_CACHE DEFAULT)
  TABLESPACE "USERS" ;
--------------------------------------------------------
--  DDL for Index SYS_C008335
--------------------------------------------------------

  CREATE UNIQUE INDEX "STUDENT"."SYS_C008335" ON "STUDENT"."EX_WORDLE" ("VOCAB") 
  PCTFREE 10 INITRANS 2 MAXTRANS 255 
  STORAGE(INITIAL 65536 NEXT 1048576 MINEXTENTS 1 MAXEXTENTS 2147483645
  PCTINCREASE 0 FREELISTS 1 FREELIST GROUPS 1
  BUFFER_POOL DEFAULT FLASH_CACHE DEFAULT CELL_FLASH_CACHE DEFAULT)
  TABLESPACE "USERS" ;
--------------------------------------------------------
--  DDL for Index SYS_C008328
--------------------------------------------------------

  CREATE UNIQUE INDEX "STUDENT"."SYS_C008328" ON "STUDENT"."MEMBER" ("ID") 
  PCTFREE 10 INITRANS 2 MAXTRANS 255 
  STORAGE(INITIAL 65536 NEXT 1048576 MINEXTENTS 1 MAXEXTENTS 2147483645
  PCTINCREASE 0 FREELISTS 1 FREELIST GROUPS 1
  BUFFER_POOL DEFAULT FLASH_CACHE DEFAULT CELL_FLASH_CACHE DEFAULT)
  TABLESPACE "USERS" ;
--------------------------------------------------------
--  DDL for Index PRACTICE_EMPLOYEES_PK
--------------------------------------------------------

  CREATE UNIQUE INDEX "STUDENT"."PRACTICE_EMPLOYEES_PK" ON "STUDENT"."PRACTICE_EMPLOYEES" ("EMPLOYEE_ID") 
  PCTFREE 10 INITRANS 2 MAXTRANS 255 
  STORAGE(INITIAL 65536 NEXT 1048576 MINEXTENTS 1 MAXEXTENTS 2147483645
  PCTINCREASE 0 FREELISTS 1 FREELIST GROUPS 1
  BUFFER_POOL DEFAULT FLASH_CACHE DEFAULT CELL_FLASH_CACHE DEFAULT)
  TABLESPACE "USERS" ;
--------------------------------------------------------
--  DDL for Index SYS_C008317
--------------------------------------------------------

  CREATE UNIQUE INDEX "STUDENT"."SYS_C008317" ON "STUDENT"."SQL_CUSTOMER" ("ID") 
  PCTFREE 10 INITRANS 2 MAXTRANS 255 
  STORAGE(INITIAL 65536 NEXT 1048576 MINEXTENTS 1 MAXEXTENTS 2147483645
  PCTINCREASE 0 FREELISTS 1 FREELIST GROUPS 1
  BUFFER_POOL DEFAULT FLASH_CACHE DEFAULT CELL_FLASH_CACHE DEFAULT)
  TABLESPACE "USERS" ;
--------------------------------------------------------
--  DDL for Index SYS_C008323
--------------------------------------------------------

  CREATE UNIQUE INDEX "STUDENT"."SYS_C008323" ON "STUDENT"."SQL_CUSTOMER_STORE" ("CUSTOMER_ID") 
  PCTFREE 10 INITRANS 2 MAXTRANS 255 
  STORAGE(INITIAL 65536 NEXT 1048576 MINEXTENTS 1 MAXEXTENTS 2147483645
  PCTINCREASE 0 FREELISTS 1 FREELIST GROUPS 1
  BUFFER_POOL DEFAULT FLASH_CACHE DEFAULT CELL_FLASH_CACHE DEFAULT)
  TABLESPACE "USERS" ;
--------------------------------------------------------
--  DDL for Index SQL_CUSTOMER1_PK
--------------------------------------------------------

  CREATE UNIQUE INDEX "STUDENT"."SQL_CUSTOMER1_PK" ON "STUDENT"."SQL_CUSTOMER1" ("ID") 
  PCTFREE 10 INITRANS 2 MAXTRANS 255 COMPUTE STATISTICS 
  STORAGE(INITIAL 65536 NEXT 1048576 MINEXTENTS 1 MAXEXTENTS 2147483645
  PCTINCREASE 0 FREELISTS 1 FREELIST GROUPS 1
  BUFFER_POOL DEFAULT FLASH_CACHE DEFAULT CELL_FLASH_CACHE DEFAULT)
  TABLESPACE "USERS" ;
--------------------------------------------------------
--  DDL for Index SYS_C008318
--------------------------------------------------------

  CREATE UNIQUE INDEX "STUDENT"."SYS_C008318" ON "STUDENT"."SQL_EMP" ("EMP_ID") 
  PCTFREE 10 INITRANS 2 MAXTRANS 255 
  STORAGE(INITIAL 65536 NEXT 1048576 MINEXTENTS 1 MAXEXTENTS 2147483645
  PCTINCREASE 0 FREELISTS 1 FREELIST GROUPS 1
  BUFFER_POOL DEFAULT FLASH_CACHE DEFAULT CELL_FLASH_CACHE DEFAULT)
  TABLESPACE "USERS" ;
--------------------------------------------------------
--  DDL for Index SQL_EMP1_INDEX1
--------------------------------------------------------

  CREATE INDEX "STUDENT"."SQL_EMP1_INDEX1" ON "STUDENT"."SQL_EMP" ("DEP") 
  PCTFREE 10 INITRANS 2 MAXTRANS 255 COMPUTE STATISTICS 
  STORAGE(INITIAL 65536 NEXT 1048576 MINEXTENTS 1 MAXEXTENTS 2147483645
  PCTINCREASE 0 FREELISTS 1 FREELIST GROUPS 1
  BUFFER_POOL DEFAULT FLASH_CACHE DEFAULT CELL_FLASH_CACHE DEFAULT)
  TABLESPACE "USERS" ;
--------------------------------------------------------
--  DDL for Index SQL_EMP1_PK
--------------------------------------------------------

  CREATE UNIQUE INDEX "STUDENT"."SQL_EMP1_PK" ON "STUDENT"."SQL_EMP1" ("EMP_ID") 
  PCTFREE 10 INITRANS 2 MAXTRANS 255 COMPUTE STATISTICS 
  STORAGE(INITIAL 65536 NEXT 1048576 MINEXTENTS 1 MAXEXTENTS 2147483645
  PCTINCREASE 0 FREELISTS 1 FREELIST GROUPS 1
  BUFFER_POOL DEFAULT FLASH_CACHE DEFAULT CELL_FLASH_CACHE DEFAULT)
  TABLESPACE "USERS" ;
--------------------------------------------------------
--  DDL for Index SYS_C008324
--------------------------------------------------------

  CREATE UNIQUE INDEX "STUDENT"."SYS_C008324" ON "STUDENT"."SQL_ITEM" ("ITEM_NO") 
  PCTFREE 10 INITRANS 2 MAXTRANS 255 
  STORAGE(INITIAL 65536 NEXT 1048576 MINEXTENTS 1 MAXEXTENTS 2147483645
  PCTINCREASE 0 FREELISTS 1 FREELIST GROUPS 1
  BUFFER_POOL DEFAULT FLASH_CACHE DEFAULT CELL_FLASH_CACHE DEFAULT)
  TABLESPACE "USERS" ;
--------------------------------------------------------
--  DDL for Index SYS_C008325
--------------------------------------------------------

  CREATE UNIQUE INDEX "STUDENT"."SYS_C008325" ON "STUDENT"."SQL_ORDER" ("ORDER_NO") 
  PCTFREE 10 INITRANS 2 MAXTRANS 255 
  STORAGE(INITIAL 65536 NEXT 1048576 MINEXTENTS 1 MAXEXTENTS 2147483645
  PCTINCREASE 0 FREELISTS 1 FREELIST GROUPS 1
  BUFFER_POOL DEFAULT FLASH_CACHE DEFAULT CELL_FLASH_CACHE DEFAULT)
  TABLESPACE "USERS" ;
--------------------------------------------------------
--  DDL for Index SYS_C008326
--------------------------------------------------------

  CREATE UNIQUE INDEX "STUDENT"."SYS_C008326" ON "STUDENT"."SQL_ORDER_DETAIL" ("ORDER_NO", "ITEM_NO") 
  PCTFREE 10 INITRANS 2 MAXTRANS 255 
  STORAGE(INITIAL 65536 NEXT 1048576 MINEXTENTS 1 MAXEXTENTS 2147483645
  PCTINCREASE 0 FREELISTS 1 FREELIST GROUPS 1
  BUFFER_POOL DEFAULT FLASH_CACHE DEFAULT CELL_FLASH_CACHE DEFAULT)
  TABLESPACE "USERS" ;
--------------------------------------------------------
--  DDL for Index SYS_C008320
--------------------------------------------------------

  CREATE UNIQUE INDEX "STUDENT"."SYS_C008320" ON "STUDENT"."SQL_TAOYUAN_REGIONS" ("SERIAL") 
  PCTFREE 10 INITRANS 2 MAXTRANS 255 
  STORAGE(INITIAL 65536 NEXT 1048576 MINEXTENTS 1 MAXEXTENTS 2147483645
  PCTINCREASE 0 FREELISTS 1 FREELIST GROUPS 1
  BUFFER_POOL DEFAULT FLASH_CACHE DEFAULT CELL_FLASH_CACHE DEFAULT)
  TABLESPACE "USERS" ;
--------------------------------------------------------
--  DDL for Index SYS_C008319
--------------------------------------------------------

  CREATE UNIQUE INDEX "STUDENT"."SYS_C008319" ON "STUDENT"."SQL_TAOYUAN_WATER" ("SERIAL_NUMBER") 
  PCTFREE 10 INITRANS 2 MAXTRANS 255 
  STORAGE(INITIAL 65536 NEXT 1048576 MINEXTENTS 1 MAXEXTENTS 2147483645
  PCTINCREASE 0 FREELISTS 1 FREELIST GROUPS 1
  BUFFER_POOL DEFAULT FLASH_CACHE DEFAULT CELL_FLASH_CACHE DEFAULT)
  TABLESPACE "USERS" ;
--------------------------------------------------------
--  DDL for Index SYS_C008321
--------------------------------------------------------

  CREATE UNIQUE INDEX "STUDENT"."SYS_C008321" ON "STUDENT"."SQL_TAOYUAN_WATER_SYSTEM" ("SERIAL") 
  PCTFREE 10 INITRANS 2 MAXTRANS 255 
  STORAGE(INITIAL 65536 NEXT 1048576 MINEXTENTS 1 MAXEXTENTS 2147483645
  PCTINCREASE 0 FREELISTS 1 FREELIST GROUPS 1
  BUFFER_POOL DEFAULT FLASH_CACHE DEFAULT CELL_FLASH_CACHE DEFAULT)
  TABLESPACE "USERS" ;
--------------------------------------------------------
--  Constraints for Table CARS
--------------------------------------------------------

  ALTER TABLE "STUDENT"."CARS" MODIFY ("MANUFACTURER" NOT NULL ENABLE);
  ALTER TABLE "STUDENT"."CARS" MODIFY ("TYPE" NOT NULL ENABLE);
  ALTER TABLE "STUDENT"."CARS" ADD PRIMARY KEY ("MANUFACTURER", "TYPE")
  USING INDEX PCTFREE 10 INITRANS 2 MAXTRANS 255 
  STORAGE(INITIAL 65536 NEXT 1048576 MINEXTENTS 1 MAXEXTENTS 2147483645
  PCTINCREASE 0 FREELISTS 1 FREELIST GROUPS 1
  BUFFER_POOL DEFAULT FLASH_CACHE DEFAULT CELL_FLASH_CACHE DEFAULT)
  TABLESPACE "USERS"  ENABLE;
--------------------------------------------------------
--  Constraints for Table EX_BINGO
--------------------------------------------------------

  ALTER TABLE "STUDENT"."EX_BINGO" ADD PRIMARY KEY ("WINNING_NUMBERS")
  USING INDEX PCTFREE 10 INITRANS 2 MAXTRANS 255 
  STORAGE(INITIAL 65536 NEXT 1048576 MINEXTENTS 1 MAXEXTENTS 2147483645
  PCTINCREASE 0 FREELISTS 1 FREELIST GROUPS 1
  BUFFER_POOL DEFAULT FLASH_CACHE DEFAULT CELL_FLASH_CACHE DEFAULT)
  TABLESPACE "USERS"  ENABLE;
--------------------------------------------------------
--  Constraints for Table EX_CITY_MAP
--------------------------------------------------------

  ALTER TABLE "STUDENT"."EX_CITY_MAP" ADD PRIMARY KEY ("CITY_CODE")
  USING INDEX PCTFREE 10 INITRANS 2 MAXTRANS 255 
  STORAGE(INITIAL 65536 NEXT 1048576 MINEXTENTS 1 MAXEXTENTS 2147483645
  PCTINCREASE 0 FREELISTS 1 FREELIST GROUPS 1
  BUFFER_POOL DEFAULT FLASH_CACHE DEFAULT CELL_FLASH_CACHE DEFAULT)
  TABLESPACE "USERS"  ENABLE;
--------------------------------------------------------
--  Constraints for Table EX_METRO
--------------------------------------------------------

  ALTER TABLE "STUDENT"."EX_METRO" ADD PRIMARY KEY ("ROUTE", "STATION_ORDER", "STATION")
  USING INDEX PCTFREE 10 INITRANS 2 MAXTRANS 255 
  STORAGE(INITIAL 65536 NEXT 1048576 MINEXTENTS 1 MAXEXTENTS 2147483645
  PCTINCREASE 0 FREELISTS 1 FREELIST GROUPS 1
  BUFFER_POOL DEFAULT FLASH_CACHE DEFAULT CELL_FLASH_CACHE DEFAULT)
  TABLESPACE "USERS"  ENABLE;
--------------------------------------------------------
--  Constraints for Table EX_POKER_SUIT
--------------------------------------------------------

  ALTER TABLE "STUDENT"."EX_POKER_SUIT" ADD PRIMARY KEY ("CODE")
  USING INDEX PCTFREE 10 INITRANS 2 MAXTRANS 255 
  STORAGE(INITIAL 65536 NEXT 1048576 MINEXTENTS 1 MAXEXTENTS 2147483645
  PCTINCREASE 0 FREELISTS 1 FREELIST GROUPS 1
  BUFFER_POOL DEFAULT FLASH_CACHE DEFAULT CELL_FLASH_CACHE DEFAULT)
  TABLESPACE "USERS"  ENABLE;
--------------------------------------------------------
--  Constraints for Table EX_WORDLE
--------------------------------------------------------

  ALTER TABLE "STUDENT"."EX_WORDLE" ADD PRIMARY KEY ("VOCAB")
  USING INDEX PCTFREE 10 INITRANS 2 MAXTRANS 255 
  STORAGE(INITIAL 65536 NEXT 1048576 MINEXTENTS 1 MAXEXTENTS 2147483645
  PCTINCREASE 0 FREELISTS 1 FREELIST GROUPS 1
  BUFFER_POOL DEFAULT FLASH_CACHE DEFAULT CELL_FLASH_CACHE DEFAULT)
  TABLESPACE "USERS"  ENABLE;
--------------------------------------------------------
--  Constraints for Table MEMBER
--------------------------------------------------------

  ALTER TABLE "STUDENT"."MEMBER" MODIFY ("ID" NOT NULL ENABLE);
  ALTER TABLE "STUDENT"."MEMBER" ADD PRIMARY KEY ("ID")
  USING INDEX PCTFREE 10 INITRANS 2 MAXTRANS 255 
  STORAGE(INITIAL 65536 NEXT 1048576 MINEXTENTS 1 MAXEXTENTS 2147483645
  PCTINCREASE 0 FREELISTS 1 FREELIST GROUPS 1
  BUFFER_POOL DEFAULT FLASH_CACHE DEFAULT CELL_FLASH_CACHE DEFAULT)
  TABLESPACE "USERS"  ENABLE;
--------------------------------------------------------
--  Constraints for Table PRACTICE_EMPLOYEES
--------------------------------------------------------

  ALTER TABLE "STUDENT"."PRACTICE_EMPLOYEES" MODIFY ("EMPLOYEE_ID" NOT NULL ENABLE);
  ALTER TABLE "STUDENT"."PRACTICE_EMPLOYEES" ADD CONSTRAINT "PRACTICE_EMPLOYEES_PK" PRIMARY KEY ("EMPLOYEE_ID")
  USING INDEX PCTFREE 10 INITRANS 2 MAXTRANS 255 
  STORAGE(INITIAL 65536 NEXT 1048576 MINEXTENTS 1 MAXEXTENTS 2147483645
  PCTINCREASE 0 FREELISTS 1 FREELIST GROUPS 1
  BUFFER_POOL DEFAULT FLASH_CACHE DEFAULT CELL_FLASH_CACHE DEFAULT)
  TABLESPACE "USERS"  ENABLE;
--------------------------------------------------------
--  Constraints for Table SQL_CUSTOMER
--------------------------------------------------------

  ALTER TABLE "STUDENT"."SQL_CUSTOMER" ADD PRIMARY KEY ("ID")
  USING INDEX PCTFREE 10 INITRANS 2 MAXTRANS 255 
  STORAGE(INITIAL 65536 NEXT 1048576 MINEXTENTS 1 MAXEXTENTS 2147483645
  PCTINCREASE 0 FREELISTS 1 FREELIST GROUPS 1
  BUFFER_POOL DEFAULT FLASH_CACHE DEFAULT CELL_FLASH_CACHE DEFAULT)
  TABLESPACE "USERS"  ENABLE;
--------------------------------------------------------
--  Constraints for Table SQL_CUSTOMER_STORE
--------------------------------------------------------

  ALTER TABLE "STUDENT"."SQL_CUSTOMER_STORE" MODIFY ("ID" NOT NULL ENABLE);
  ALTER TABLE "STUDENT"."SQL_CUSTOMER_STORE" ADD PRIMARY KEY ("CUSTOMER_ID")
  USING INDEX PCTFREE 10 INITRANS 2 MAXTRANS 255 
  STORAGE(INITIAL 65536 NEXT 1048576 MINEXTENTS 1 MAXEXTENTS 2147483645
  PCTINCREASE 0 FREELISTS 1 FREELIST GROUPS 1
  BUFFER_POOL DEFAULT FLASH_CACHE DEFAULT CELL_FLASH_CACHE DEFAULT)
  TABLESPACE "USERS"  ENABLE;
--------------------------------------------------------
--  Constraints for Table SQL_CUSTOMER1
--------------------------------------------------------

  ALTER TABLE "STUDENT"."SQL_CUSTOMER1" MODIFY ("ID" NOT NULL ENABLE);
  ALTER TABLE "STUDENT"."SQL_CUSTOMER1" ADD CONSTRAINT "SQL_CUSTOMER1_PK" PRIMARY KEY ("ID")
  USING INDEX PCTFREE 10 INITRANS 2 MAXTRANS 255 COMPUTE STATISTICS 
  STORAGE(INITIAL 65536 NEXT 1048576 MINEXTENTS 1 MAXEXTENTS 2147483645
  PCTINCREASE 0 FREELISTS 1 FREELIST GROUPS 1
  BUFFER_POOL DEFAULT FLASH_CACHE DEFAULT CELL_FLASH_CACHE DEFAULT)
  TABLESPACE "USERS"  ENABLE;
--------------------------------------------------------
--  Constraints for Table SQL_EMP
--------------------------------------------------------

  ALTER TABLE "STUDENT"."SQL_EMP" ADD PRIMARY KEY ("EMP_ID")
  USING INDEX PCTFREE 10 INITRANS 2 MAXTRANS 255 
  STORAGE(INITIAL 65536 NEXT 1048576 MINEXTENTS 1 MAXEXTENTS 2147483645
  PCTINCREASE 0 FREELISTS 1 FREELIST GROUPS 1
  BUFFER_POOL DEFAULT FLASH_CACHE DEFAULT CELL_FLASH_CACHE DEFAULT)
  TABLESPACE "USERS"  ENABLE;
--------------------------------------------------------
--  Constraints for Table SQL_EMP1
--------------------------------------------------------

  ALTER TABLE "STUDENT"."SQL_EMP1" MODIFY ("EMP_ID" NOT NULL ENABLE);
  ALTER TABLE "STUDENT"."SQL_EMP1" ADD CONSTRAINT "SQL_EMP1_PK" PRIMARY KEY ("EMP_ID")
  USING INDEX PCTFREE 10 INITRANS 2 MAXTRANS 255 COMPUTE STATISTICS 
  STORAGE(INITIAL 65536 NEXT 1048576 MINEXTENTS 1 MAXEXTENTS 2147483645
  PCTINCREASE 0 FREELISTS 1 FREELIST GROUPS 1
  BUFFER_POOL DEFAULT FLASH_CACHE DEFAULT CELL_FLASH_CACHE DEFAULT)
  TABLESPACE "USERS"  ENABLE;
--------------------------------------------------------
--  Constraints for Table SQL_ITEM
--------------------------------------------------------

  ALTER TABLE "STUDENT"."SQL_ITEM" ADD PRIMARY KEY ("ITEM_NO")
  USING INDEX PCTFREE 10 INITRANS 2 MAXTRANS 255 
  STORAGE(INITIAL 65536 NEXT 1048576 MINEXTENTS 1 MAXEXTENTS 2147483645
  PCTINCREASE 0 FREELISTS 1 FREELIST GROUPS 1
  BUFFER_POOL DEFAULT FLASH_CACHE DEFAULT CELL_FLASH_CACHE DEFAULT)
  TABLESPACE "USERS"  ENABLE;
--------------------------------------------------------
--  Constraints for Table SQL_ORDER
--------------------------------------------------------

  ALTER TABLE "STUDENT"."SQL_ORDER" ADD PRIMARY KEY ("ORDER_NO")
  USING INDEX PCTFREE 10 INITRANS 2 MAXTRANS 255 
  STORAGE(INITIAL 65536 NEXT 1048576 MINEXTENTS 1 MAXEXTENTS 2147483645
  PCTINCREASE 0 FREELISTS 1 FREELIST GROUPS 1
  BUFFER_POOL DEFAULT FLASH_CACHE DEFAULT CELL_FLASH_CACHE DEFAULT)
  TABLESPACE "USERS"  ENABLE;
--------------------------------------------------------
--  Constraints for Table SQL_ORDER_DETAIL
--------------------------------------------------------

  ALTER TABLE "STUDENT"."SQL_ORDER_DETAIL" ADD PRIMARY KEY ("ORDER_NO", "ITEM_NO")
  USING INDEX PCTFREE 10 INITRANS 2 MAXTRANS 255 
  STORAGE(INITIAL 65536 NEXT 1048576 MINEXTENTS 1 MAXEXTENTS 2147483645
  PCTINCREASE 0 FREELISTS 1 FREELIST GROUPS 1
  BUFFER_POOL DEFAULT FLASH_CACHE DEFAULT CELL_FLASH_CACHE DEFAULT)
  TABLESPACE "USERS"  ENABLE;
--------------------------------------------------------
--  Constraints for Table SQL_TAOYUAN_REGIONS
--------------------------------------------------------

  ALTER TABLE "STUDENT"."SQL_TAOYUAN_REGIONS" ADD PRIMARY KEY ("SERIAL")
  USING INDEX PCTFREE 10 INITRANS 2 MAXTRANS 255 
  STORAGE(INITIAL 65536 NEXT 1048576 MINEXTENTS 1 MAXEXTENTS 2147483645
  PCTINCREASE 0 FREELISTS 1 FREELIST GROUPS 1
  BUFFER_POOL DEFAULT FLASH_CACHE DEFAULT CELL_FLASH_CACHE DEFAULT)
  TABLESPACE "USERS"  ENABLE;
--------------------------------------------------------
--  Constraints for Table SQL_TAOYUAN_WATER
--------------------------------------------------------

  ALTER TABLE "STUDENT"."SQL_TAOYUAN_WATER" ADD PRIMARY KEY ("SERIAL_NUMBER")
  USING INDEX PCTFREE 10 INITRANS 2 MAXTRANS 255 
  STORAGE(INITIAL 65536 NEXT 1048576 MINEXTENTS 1 MAXEXTENTS 2147483645
  PCTINCREASE 0 FREELISTS 1 FREELIST GROUPS 1
  BUFFER_POOL DEFAULT FLASH_CACHE DEFAULT CELL_FLASH_CACHE DEFAULT)
  TABLESPACE "USERS"  ENABLE;
--------------------------------------------------------
--  Constraints for Table SQL_TAOYUAN_WATER_SYSTEM
--------------------------------------------------------

  ALTER TABLE "STUDENT"."SQL_TAOYUAN_WATER_SYSTEM" ADD PRIMARY KEY ("SERIAL")
  USING INDEX PCTFREE 10 INITRANS 2 MAXTRANS 255 
  STORAGE(INITIAL 65536 NEXT 1048576 MINEXTENTS 1 MAXEXTENTS 2147483645
  PCTINCREASE 0 FREELISTS 1 FREELIST GROUPS 1
  BUFFER_POOL DEFAULT FLASH_CACHE DEFAULT CELL_FLASH_CACHE DEFAULT)
  TABLESPACE "USERS"  ENABLE;
--------------------------------------------------------
--  Ref Constraints for Table SQL_CUSTOMER1
--------------------------------------------------------

  ALTER TABLE "STUDENT"."SQL_CUSTOMER1" ADD CONSTRAINT "SQL_CUSTOMER1_FK1" FOREIGN KEY ("EMP")
	  REFERENCES "STUDENT"."SQL_EMP1" ("EMP_ID") ENABLE;
