--------------------------------------------------------
--  已建立檔案 - 星期四-八月-01-2024   
--------------------------------------------------------
--------------------------------------------------------
--  DDL for Table PLACE
--------------------------------------------------------

  CREATE TABLE "STUDENT"."PLACE" 
   (	"VILLAGE_ID" VARCHAR2(20 BYTE), 
	"PLACE_ID" VARCHAR2(20 BYTE), 
	"ADDRESS" NVARCHAR2(50), 
	"POLICE_ID" VARCHAR2(20 BYTE), 
	"PEOPLE_NUM" NUMBER(20,0), 
	"BASEMENT_LAYER" NUMBER(20,0), 
	"TYPE" NVARCHAR2(20)
   ) SEGMENT CREATION IMMEDIATE 
  PCTFREE 10 PCTUSED 40 INITRANS 1 MAXTRANS 255 
 NOCOMPRESS LOGGING
  STORAGE(INITIAL 65536 NEXT 1048576 MINEXTENTS 1 MAXEXTENTS 2147483645
  PCTINCREASE 0 FREELISTS 1 FREELIST GROUPS 1
  BUFFER_POOL DEFAULT FLASH_CACHE DEFAULT CELL_FLASH_CACHE DEFAULT)
  TABLESPACE "USERS" ;

   COMMENT ON COLUMN "STUDENT"."PLACE"."VILLAGE_ID" IS '村里別代號';
   COMMENT ON COLUMN "STUDENT"."PLACE"."PLACE_ID" IS '設施代號';
   COMMENT ON COLUMN "STUDENT"."PLACE"."ADDRESS" IS '設施地址';
   COMMENT ON COLUMN "STUDENT"."PLACE"."POLICE_ID" IS '警局代號';
--------------------------------------------------------
--  DDL for Table POLICE
--------------------------------------------------------

  CREATE TABLE "STUDENT"."POLICE" 
   (	"POLICE_ID" VARCHAR2(20 BYTE), 
	"POLICE_NAME" NVARCHAR2(20), 
	"ADDRESS" NVARCHAR2(50), 
	"PHONE" VARCHAR2(20 BYTE)
   ) SEGMENT CREATION IMMEDIATE 
  PCTFREE 10 PCTUSED 40 INITRANS 1 MAXTRANS 255 
 NOCOMPRESS LOGGING
  STORAGE(INITIAL 65536 NEXT 1048576 MINEXTENTS 1 MAXEXTENTS 2147483645
  PCTINCREASE 0 FREELISTS 1 FREELIST GROUPS 1
  BUFFER_POOL DEFAULT FLASH_CACHE DEFAULT CELL_FLASH_CACHE DEFAULT)
  TABLESPACE "USERS" ;
--------------------------------------------------------
--  DDL for Table VILLAGE
--------------------------------------------------------

  CREATE TABLE "STUDENT"."VILLAGE" 
   (	"VILLAGE_ID" VARCHAR2(20 BYTE), 
	"VILLAGE_NAME" NVARCHAR2(50), 
	"ADDRESS" NVARCHAR2(50), 
	"PHONE" VARCHAR2(20 BYTE)
   ) SEGMENT CREATION IMMEDIATE 
  PCTFREE 10 PCTUSED 40 INITRANS 1 MAXTRANS 255 
 NOCOMPRESS LOGGING
  STORAGE(INITIAL 65536 NEXT 1048576 MINEXTENTS 1 MAXEXTENTS 2147483645
  PCTINCREASE 0 FREELISTS 1 FREELIST GROUPS 1
  BUFFER_POOL DEFAULT FLASH_CACHE DEFAULT CELL_FLASH_CACHE DEFAULT)
  TABLESPACE "USERS" ;
REM INSERTING into STUDENT.PLACE
SET DEFINE OFF;
Insert into STUDENT.PLACE (VILLAGE_ID,PLACE_ID,ADDRESS,POLICE_ID,PEOPLE_NUM,BASEMENT_LAYER,TYPE) values ('C001','P001','苗栗縣竹南鎮中埔街20號','M001',100,1,'公寓');
Insert into STUDENT.PLACE (VILLAGE_ID,PLACE_ID,ADDRESS,POLICE_ID,PEOPLE_NUM,BASEMENT_LAYER,TYPE) values ('C002','P002','苗栗縣竹南鎮和平街79號','M001',3142,1,'大樓');
Insert into STUDENT.PLACE (VILLAGE_ID,PLACE_ID,ADDRESS,POLICE_ID,PEOPLE_NUM,BASEMENT_LAYER,TYPE) values ('C003','P003','苗栗縣竹南鎮龍山路三段142號','M001',1072,1,'大樓');
Insert into STUDENT.PLACE (VILLAGE_ID,PLACE_ID,ADDRESS,POLICE_ID,PEOPLE_NUM,BASEMENT_LAYER,TYPE) values ('C004','P004','苗栗縣後龍鎮中華路1498號','M001',32,1,'公共設施');
Insert into STUDENT.PLACE (VILLAGE_ID,PLACE_ID,ADDRESS,POLICE_ID,PEOPLE_NUM,BASEMENT_LAYER,TYPE) values ('C005','P005','苗栗縣苗栗市米市街80號','M002',106,1,'公寓');
Insert into STUDENT.PLACE (VILLAGE_ID,PLACE_ID,ADDRESS,POLICE_ID,PEOPLE_NUM,BASEMENT_LAYER,TYPE) values ('C005','P006','苗栗縣苗栗市光復路117號','M002',26,1,'公寓');
Insert into STUDENT.PLACE (VILLAGE_ID,PLACE_ID,ADDRESS,POLICE_ID,PEOPLE_NUM,BASEMENT_LAYER,TYPE) values ('C005','P007','苗栗縣苗栗市博愛街109號','M002',2038,2,'大樓');
Insert into STUDENT.PLACE (VILLAGE_ID,PLACE_ID,ADDRESS,POLICE_ID,PEOPLE_NUM,BASEMENT_LAYER,TYPE) values ('C005','P008','苗栗縣苗栗市大同路53號','M002',128,2,'大樓');
Insert into STUDENT.PLACE (VILLAGE_ID,PLACE_ID,ADDRESS,POLICE_ID,PEOPLE_NUM,BASEMENT_LAYER,TYPE) values ('C006','P009','苗栗縣頭份市民族里和平路102號','M003',353,1,'公共設施');
Insert into STUDENT.PLACE (VILLAGE_ID,PLACE_ID,ADDRESS,POLICE_ID,PEOPLE_NUM,BASEMENT_LAYER,TYPE) values ('C007','P010','苗栗縣頭份市忠孝忠孝一路69號','M003',501,1,'私營單位');
Insert into STUDENT.PLACE (VILLAGE_ID,PLACE_ID,ADDRESS,POLICE_ID,PEOPLE_NUM,BASEMENT_LAYER,TYPE) values ('C008','P011','苗栗縣頭份市信義里中正路65號','M003',194,1,'公寓');
Insert into STUDENT.PLACE (VILLAGE_ID,PLACE_ID,ADDRESS,POLICE_ID,PEOPLE_NUM,BASEMENT_LAYER,TYPE) values ('C008','P012','苗栗縣頭份市信義里中正路116號','M003',78,1,'私營單位');
REM INSERTING into STUDENT.POLICE
SET DEFINE OFF;
Insert into STUDENT.POLICE (POLICE_ID,POLICE_NAME,ADDRESS,PHONE) values ('M001','竹南分局','苗栗縣竹南鎮民族街72號','03-7474796');
Insert into STUDENT.POLICE (POLICE_ID,POLICE_NAME,ADDRESS,PHONE) values ('M002','苗栗分局	','苗栗縣苗栗市金鳳街109號','03-7320059');
Insert into STUDENT.POLICE (POLICE_ID,POLICE_NAME,ADDRESS,PHONE) values ('M003','頭份分局','苗栗縣頭份市中興路503號','03-7663004');
REM INSERTING into STUDENT.VILLAGE
SET DEFINE OFF;
Insert into STUDENT.VILLAGE (VILLAGE_ID,VILLAGE_NAME,ADDRESS,PHONE) values ('C001','大埔里','竹南鎮公義路1035號','037-581072');
Insert into STUDENT.VILLAGE (VILLAGE_ID,VILLAGE_NAME,ADDRESS,PHONE) values ('C002','竹南里','竹南鎮竹南里中山路103號','037-472735');
Insert into STUDENT.VILLAGE (VILLAGE_ID,VILLAGE_NAME,ADDRESS,PHONE) values ('C003','山佳里','竹南鎮山佳里國光街14號','037-614186');
Insert into STUDENT.VILLAGE (VILLAGE_ID,VILLAGE_NAME,ADDRESS,PHONE) values ('C004','埔頂里','後龍鎮埔頂里中興路136-1號','037-724839');
Insert into STUDENT.VILLAGE (VILLAGE_ID,VILLAGE_NAME,ADDRESS,PHONE) values ('C005','綠苗里','苗栗市綠苗里中正路766號','037-333240');
Insert into STUDENT.VILLAGE (VILLAGE_ID,VILLAGE_NAME,ADDRESS,PHONE) values ('C006','民族里','民族里民族路96號','037-660001');
Insert into STUDENT.VILLAGE (VILLAGE_ID,VILLAGE_NAME,ADDRESS,PHONE) values ('C007','忠孝里','忠孝里光大街82號','037-661145');
Insert into STUDENT.VILLAGE (VILLAGE_ID,VILLAGE_NAME,ADDRESS,PHONE) values ('C008','信義里','信義里信義路53巷1號','037-616072');
--------------------------------------------------------
--  DDL for Index PLACE_PK
--------------------------------------------------------

  CREATE UNIQUE INDEX "STUDENT"."PLACE_PK" ON "STUDENT"."PLACE" ("PLACE_ID") 
  PCTFREE 10 INITRANS 2 MAXTRANS 255 COMPUTE STATISTICS 
  STORAGE(INITIAL 65536 NEXT 1048576 MINEXTENTS 1 MAXEXTENTS 2147483645
  PCTINCREASE 0 FREELISTS 1 FREELIST GROUPS 1
  BUFFER_POOL DEFAULT FLASH_CACHE DEFAULT CELL_FLASH_CACHE DEFAULT)
  TABLESPACE "USERS" ;
--------------------------------------------------------
--  DDL for Index POLICE_PK
--------------------------------------------------------

  CREATE UNIQUE INDEX "STUDENT"."POLICE_PK" ON "STUDENT"."POLICE" ("POLICE_ID") 
  PCTFREE 10 INITRANS 2 MAXTRANS 255 COMPUTE STATISTICS 
  STORAGE(INITIAL 65536 NEXT 1048576 MINEXTENTS 1 MAXEXTENTS 2147483645
  PCTINCREASE 0 FREELISTS 1 FREELIST GROUPS 1
  BUFFER_POOL DEFAULT FLASH_CACHE DEFAULT CELL_FLASH_CACHE DEFAULT)
  TABLESPACE "USERS" ;
--------------------------------------------------------
--  DDL for Index VILLAGE_PK
--------------------------------------------------------

  CREATE UNIQUE INDEX "STUDENT"."VILLAGE_PK" ON "STUDENT"."VILLAGE" ("VILLAGE_ID") 
  PCTFREE 10 INITRANS 2 MAXTRANS 255 COMPUTE STATISTICS 
  STORAGE(INITIAL 65536 NEXT 1048576 MINEXTENTS 1 MAXEXTENTS 2147483645
  PCTINCREASE 0 FREELISTS 1 FREELIST GROUPS 1
  BUFFER_POOL DEFAULT FLASH_CACHE DEFAULT CELL_FLASH_CACHE DEFAULT)
  TABLESPACE "USERS" ;
--------------------------------------------------------
--  Constraints for Table PLACE
--------------------------------------------------------

  ALTER TABLE "STUDENT"."PLACE" MODIFY ("PLACE_ID" NOT NULL ENABLE);
  ALTER TABLE "STUDENT"."PLACE" ADD CONSTRAINT "PLACE_PK" PRIMARY KEY ("PLACE_ID")
  USING INDEX PCTFREE 10 INITRANS 2 MAXTRANS 255 COMPUTE STATISTICS 
  STORAGE(INITIAL 65536 NEXT 1048576 MINEXTENTS 1 MAXEXTENTS 2147483645
  PCTINCREASE 0 FREELISTS 1 FREELIST GROUPS 1
  BUFFER_POOL DEFAULT FLASH_CACHE DEFAULT CELL_FLASH_CACHE DEFAULT)
  TABLESPACE "USERS"  ENABLE;
--------------------------------------------------------
--  Constraints for Table POLICE
--------------------------------------------------------

  ALTER TABLE "STUDENT"."POLICE" MODIFY ("POLICE_ID" NOT NULL ENABLE);
  ALTER TABLE "STUDENT"."POLICE" ADD CONSTRAINT "POLICE_PK" PRIMARY KEY ("POLICE_ID")
  USING INDEX PCTFREE 10 INITRANS 2 MAXTRANS 255 COMPUTE STATISTICS 
  STORAGE(INITIAL 65536 NEXT 1048576 MINEXTENTS 1 MAXEXTENTS 2147483645
  PCTINCREASE 0 FREELISTS 1 FREELIST GROUPS 1
  BUFFER_POOL DEFAULT FLASH_CACHE DEFAULT CELL_FLASH_CACHE DEFAULT)
  TABLESPACE "USERS"  ENABLE;
--------------------------------------------------------
--  Constraints for Table VILLAGE
--------------------------------------------------------

  ALTER TABLE "STUDENT"."VILLAGE" MODIFY ("VILLAGE_ID" NOT NULL ENABLE);
  ALTER TABLE "STUDENT"."VILLAGE" ADD CONSTRAINT "VILLAGE_PK" PRIMARY KEY ("VILLAGE_ID")
  USING INDEX PCTFREE 10 INITRANS 2 MAXTRANS 255 COMPUTE STATISTICS 
  STORAGE(INITIAL 65536 NEXT 1048576 MINEXTENTS 1 MAXEXTENTS 2147483645
  PCTINCREASE 0 FREELISTS 1 FREELIST GROUPS 1
  BUFFER_POOL DEFAULT FLASH_CACHE DEFAULT CELL_FLASH_CACHE DEFAULT)
  TABLESPACE "USERS"  ENABLE;
